user_id,label
0010057_803E5AA70,0
0010057_804542130,0
0010060_803B0D220,0
0010232_803BDD920,0
0010232_803C63400,0
0010232_803CAD190,0
0010232_80427F760,0
0010232_8042877F0,0
0010232_804952E30,0
0010232_804E5C060,0
0010232_804FC2960,0
0010232_805164ED0,0
0010232_8052C8E70,0
0010232_8052FC5F0,0
0010232_805BB0160,0
0010232_805E22350,0
0010232_805EC8BB0,0
0010232_80637A5D0,0
0010232_806573F40,0
0010232_80663B600,0
0010232_806FEF670,0
0010232_807276BC0,0
0010232_807595A90,0
0010232_807EA7DF0,0
0010232_808B9F710,0
0010232_808E98F70,0
0010232_8091E6BE0,0
0010232_809361E70,0
0010232_80978EB30,0
0010232_809935FF0,0
0010232_8099F0A80,0
0010232_80A044660,0
0010232_80A777BC0,0
0010232_80AE05790,0
0010232_80AFB57D0,0
0010232_80B0CB520,0
0010232_80B3F3170,0
0010232_80B5164E0,0
0010232_80B54D920,0
0010232_80BDE8D30,0
0010232_80BDF35B0,0
0010232_80BF30680,0
0010232_80C093BB0,0
0010232_80C330860,0
0010232_80CBD8360,0
0010232_80D46EAF0,0
0010232_80DF3A820,0
0010232_80EBB2650,0
0010232_80ECAFE50,0
0010232_8104312C0,0
0010232_810788540,0
0010232_810EFF0D0,0
0010232_810F537C0,0
0010232_811C8A000,0
0010232_811CB4D20,0
0010232_8126E5AF0,0
0010232_812FC9590,0
0010232_8142B83B0,0
0010232_814789D50,0
001024_80069C8D0,0
001024_80069CBC0,0
001024_8006BF850,0
001024_8006CE860,0
001024_80070A7A0,0
001024_80074CCC0,0
001024_8007DDB40,0
001024_8007E06F0,0
001024_8007ED470,0
001024_8007EDAE0,0
001024_8007F7190,0
001024_8007F7191,0
001024_8007F9FA0,0
001024_8008436A0,0
001024_800869580,0
001024_80090CD30,0
001024_80090D450,0
001024_80091D390,0
001024_80096F3E0,0
001024_80097B780,0
001024_8009848D0,0
001024_8009A0870,0
001024_8009C9CC0,0
001024_8009CC9A0,0
001024_8009D0DA0,0
001024_8009D9240,0
001024_800A1B2D0,0
001024_800A2A9F0,0
001024_800A30CE0,0
001024_800A483E0,0
001024_800ADB4F0,0
001024_800B38A30,0
001024_800B3D000,0
001024_800B7F020,0
001024_800B7F270,0
001024_800B7FC60,0
001024_800BE53E0,0
001024_800C6B530,0
001024_800C6C3B0,0
001024_800C6E8E0,0
001024_800C8F7E0,0
001024_800C95530,0
001024_800D82590,0
001024_800D8D9B0,0
001024_800DA99A0,0
001024_800E01810,0
001024_800E435F0,0
001024_800F0C870,0
001024_801015EA0,0
001024_8010273B0,0
001024_8010356B0,0
001024_80103F480,0
001024_80103FE50,0
001024_80107D900,0
001024_80127E6A0,0
001024_80134C450,0
001024_80142D670,0
001024_80149DC40,0
001024_8014AD3D0,0
001024_8014FFAA0,0
001024_8015032E0,0
001024_80150C820,0
001024_801516CE0,0
001024_801666D30,0
001024_8016C5070,0
001024_801778000,0
001024_80178AEA0,0
001024_8017AB100,0
001024_8017AE970,0
001024_8018208C0,0
001024_801821060,0
001024_801881BF0,0
001024_8018F3490,0
001024_801B9F330,0
001024_801C16310,0
001024_801C2F650,0
001024_801C6FB50,0
001024_801CF2D60,0
001024_801D59650,0
001024_801DDEB90,0
001024_801E19EA0,0
001024_801E5F680,0
001024_801EDAED0,0
001024_801FD3BE0,0
001024_80205A590,0
001024_8020F27B0,0
001024_8021DEDA0,0
001024_802210930,0
001024_8022E5510,0
001024_80237C6F0,0
001024_8023CCBD0,0
001024_802547950,0
001024_8025E6840,0
001024_80265E050,0
001024_802792FF0,0
001024_80279AB00,0
001024_80281CE00,0
001024_8028EA3B0,0
001024_8029EB290,0
001024_802AB9FA0,0
001024_802ABFD30,0
001024_802AFF290,0
001024_802B07470,0
001024_802BCFA40,0
001024_802C88550,0
001024_802CA25F0,0
001024_802D56750,0
001024_802D58B20,0
001024_80355FC00,0
001024_80372BF10,0
001024_803BB4A50,0
001024_803D22980,0
001024_803EAC5E0,0
001024_8040B5470,0
001024_804212F60,0
001024_80426B400,0
001024_804760CF0,0
001024_80491A8C0,0
001024_804E3BBD0,0
001024_805262250,0
001024_805748680,0
001024_80574F450,0
001024_805F21B50,0
001024_8062F4AF0,0
001024_8068B8B00,0
001024_806A1CB10,0
001024_807232A90,0
001024_8072D2E40,0
001024_8075CCAF0,0
001024_807640D10,0
001024_8079014B0,1
001024_807B07130,0
001024_807BF2D10,0
001024_807FDEF70,0
001024_8080B2310,0
001024_808217F50,0
001024_809384690,0
001024_8093B5FD0,0
001024_809430800,0
001024_8097BCE80,0
001024_80B51EE90,0
001024_80B530940,0
001024_80B5833A0,0
001024_80D384590,0
001024_80E735240,0
001024_8104BA2A0,0
001024_810961100,0
001024_810F3A340,0
001024_8116524B0,0
001024_81211F620,0
001024_8124F25D0,0
001024_813BF92F0,0
001024_814904C10,0
0010344_803729070,0
0010344_803FF6590,0
0010344_8041B8EE0,0
0010344_804250BD0,0
0010344_804461930,0
0010344_804521FF0,0
0010344_804746370,0
0010344_804B5AC50,0
0010344_804BA76E0,0
0010344_804EE3E60,0
0010344_805091610,0
0010344_805313AD0,0
0010344_805390140,0
0010344_80539FD70,0
0010344_8054A9D70,0
0010344_8057BC390,0
0010344_8057E03D0,0
0010344_80580A2C0,0
0010344_805885EC0,0
0010344_805931220,0
0010344_805A70290,0
0010344_805B0FF70,0
0010344_805B217F0,0
0010344_805CDB990,0
0010344_806053EC0,0
0010344_806094AF0,0
0010344_8064E5AF0,0
0010344_8067CDB90,0
0010344_806861BF0,0
0010344_8069A6A30,0
0010344_806C10980,0
0010344_807C1FA40,0
0010344_807E6A2C0,0
0010344_80856E3F0,0
0010344_808672870,0
0010344_8086F0600,0
0010344_808F2B0C0,0
0010344_8091B0720,0
0010344_80989B750,0
0010344_809CACEE0,0
0010344_809F255D0,0
0010344_80A019330,0
0010344_80A3B6F40,0
0010344_80A3C3BA0,0
0010344_80A5928F0,0
0010344_80A7799F0,0
0010344_80AB51850,0
0010344_80BACDC20,0
0010344_80CBD63F0,0
0010344_80CF6D5B0,0
0010344_80D0F6770,0
0010344_80D2666A0,0
0010344_80D456E40,0
0010344_80D466970,0
0010344_80DA4EBD0,0
0010344_80DE92B10,0
0010344_80EC58E10,0
0010344_80F086C00,0
0010344_80F8D47A0,0
0010344_80FE23370,0
0010344_80FE8F1C0,0
0010344_81038D2D0,0
0010344_810452780,0
0010344_8106BF320,0
0010344_8106D9590,0
0010344_810C63A70,0
0010344_810EE44F0,0
0010344_811127140,0
0010344_8111EAA80,0
0010344_81274FA80,0
0010344_8130641C0,0
0010344_813872CA0,0
0010344_813909420,0
0010344_813944B70,0
0010404_804389170,0
0010404_804A5E620,0
0010404_8051D97E0,0
0010404_805AB91D0,0
0010404_806ACD600,0
0010404_806C13EC0,0
0010404_8072380F0,0
0010404_80732A030,0
0010404_80735A4B0,0
0010404_80789FE70,0
0010404_807A2CBE0,0
0010404_80806A4D0,0
0010404_808320580,0
0010404_808A55450,0
0010404_808DF9630,0
0010404_809A1DD80,0
0010404_80A661B70,0
0010404_80A787460,0
0010404_80B34F0D0,0
0010404_80B408030,0
0010404_80B5A0830,0
0010404_80BA64AC0,0
0010404_80BF46D80,0
0010404_80C7BFD80,0
0010404_80C88C210,0
0010404_80DCD53E0,0
0010404_80DE08810,0
0010404_80DE0DFF0,0
0010404_80E0903A0,0
0010404_80F881B10,0
0010404_80FF346B0,0
0010404_8102E6250,0
0010404_8110204E0,0
0010404_8110A4420,0
0010404_8119791C0,0
0010404_81197A6C0,0
0010404_812BB0B20,0
0010404_81349FFB0,0
0010441_8020634B0,0
0010441_803CF4370,0
0010441_803F0ACB0,0
0010441_8041A9AD0,0
0010441_8042A9F90,0
0010441_804E6D0D0,0
0010441_804EDC450,0
0010441_805143590,0
0010441_8052C0980,0
0010441_805586350,0
0010441_80558C590,0
0010441_80559C160,0
0010441_805ACDC60,0
0010441_806E6F770,0
0010441_80744E7B0,0
0010441_8077D2B90,0
0010441_807912310,0
0010441_80797F6F0,0
0010441_807BDA130,0
0010441_8085B6610,0
0010441_80860D630,0
0010441_8093B4460,0
0010441_80A15F6C0,0
0010441_80A3AAA40,0
0010441_80A6A6F90,0
0010441_80B7A28F0,0
0010441_80B8D22D0,0
0010441_80BA7F8F0,0
0010441_80BB28300,0
0010441_80BD8DB90,0
0010441_80D2DACC0,0
0010441_80D4D6B50,0
0010441_80DD50C40,0
0010441_80E222A60,0
0010441_80E76E420,0
0010441_80EC08D00,0
0010441_80EC16680,0
0010441_80ED3F620,0
0010441_8102D44B0,0
0010441_813198840,0
001047_800416A40,0
001047_800679ED0,0
001047_800679FC0,0
001047_8006920D0,0
001047_8006AD830,0
001047_8006B2FA0,0
001047_8006B58E0,0
001047_8006B5930,1
001047_8006C4C70,0
001047_8006CD860,0
001047_8006EB7C0,0
001047_800727A10,0
001047_80072BC50,0
001047_800772630,0
001047_80077B1F0,0
001047_800809D30,0
001047_80080FE30,0
001047_800820AF0,0
001047_80085EAF0,0
001047_800902D60,0
001047_800A69250,0
001047_800A9EF40,0
001047_800AC3280,0
001047_800AD2A20,0
001047_800B257F0,0
001047_800B62310,0
001047_800B76BE0,0
001047_800B76BE1,0
001047_800B80650,0
001047_800BC4D80,0
001047_800BE2BB0,0
001047_800C29B40,0
001047_800C4D480,0
001047_800C91420,0
001047_800D20420,0
001047_800D5F920,0
001047_800E2A2E0,0
001047_800E33590,0
001047_800E73CB0,0
001047_800E92CF0,0
001047_800EE7630,0
001047_800EED270,0
001047_800EF8600,0
001047_800F4E260,0
001047_800F51380,0
001047_800FA5600,0
001047_800FCDEA0,0
001047_800FF2F80,0
001047_80108B0D0,0
001047_80108D3C0,0
001047_80110FF00,0
001047_801169C40,0
001047_8011BA5B0,0
001047_8011BBAB0,0
001047_8011F14E0,0
001047_8012446E0,0
001047_80128EBF0,0
001047_8012B9CA0,0
001047_801414080,0
001047_8014600A0,0
001047_80153C820,0
001047_801567B80,0
001047_8015E5450,0
001047_80162A310,0
001047_8016552E0,0
001047_80166F7F0,0
001047_801672160,0
001047_80176D850,0
001047_8019E6A00,0
001047_801A0C4F0,0
001047_801A19AE0,0
001047_801A51290,0
001047_801BDD5D0,0
001047_801CC1420,0
001047_802025D30,0
001047_8021A3090,0
001047_8022098F0,0
001047_8022E4B10,0
001047_802360210,0
001047_80247FDC0,0
001047_802527FD0,0
001047_802850DA0,0
001047_8028782F0,0
001047_80293ADA0,0
001047_80293F040,0
001047_802A080E0,0
001047_802A16D70,0
001047_802AA8DF0,0
001047_802B40440,0
001047_802E44350,0
001047_803042550,0
001047_80304B8A0,0
001047_8030C6190,0
001047_803242E50,0
001047_8032DA910,0
001047_80341EFA0,0
001047_8034201D0,0
001047_803717B10,0
001047_80396CB20,0
001047_8039D5E80,0
001047_803C260C0,0
001047_803C57B70,0
001047_803C6F1C0,0
001047_803C7F1E0,0
001047_803DEDF20,0
001047_8040D2090,0
001047_8041D8080,0
001047_80429B610,0
001047_80475BBC0,0
001047_804849200,0
001047_804AF33C0,0
001047_804BD3470,0
001047_804D37A00,0
001047_804E63980,0
001047_804E78310,0
001047_804E7CEB0,0
001047_804F5C300,0
001047_805115E00,0
001047_8051E53F0,0
001047_805712E20,0
001047_8057B2DE0,0
001047_8058BBAF0,0
001047_805BD3600,0
001047_80606C010,0
001047_806704580,0
001047_806736890,0
001047_806A49360,0
001047_806D24D60,0
001047_8071FFE20,0
001047_807210CA0,0
001047_807308130,0
001047_8074B6B80,0
001047_807B96CD0,0
001047_807D25130,0
001047_80851CCE0,0
001047_808779EF0,0
001047_80897CEF0,0
001047_809462320,0
001047_80A0DDC70,0
001047_80ABF5E80,0
001047_80AE1FFE0,0
001047_80B8B35F0,0
001047_80BBCCDC0,0
001047_80BE22E70,0
001047_80CBABFD0,0
001047_80D09C1A0,0
001047_80D0CBAE0,0
001047_80D2E1300,0
001047_80D64A4E0,0
001047_80DAE2FD0,0
001047_80DF27D20,0
001047_80DF730B0,0
001047_80EC6DFC0,0
001047_80ED577B0,0
001047_811216F20,0
001047_811F41AC0,0
001047_8120EB750,0
001047_813986A30,0
0010614_8042B9010,0
0010614_8045C4580,0
0010614_804826AB0,0
0010614_804872F40,0
0010614_80497FC70,0
0010614_804AEF490,0
0010614_8052228E0,0
0010614_8052DCD50,0
0010614_805304FB0,0
0010614_8055B3BB0,0
0010614_8055DC400,0
0010614_80571E030,0
0010614_805973CC0,0
0010614_805A47B50,0
0010614_805B25830,0
0010614_805BC9DD0,0
0010614_805DD0EB0,0
0010614_805EE46C0,0
0010614_806051A90,0
0010614_80619CB20,0
0010614_806314010,0
0010614_806835C90,0
0010614_806A3EF50,0
0010614_806CA08E0,0
0010614_806CFDF30,0
0010614_8072EB710,0
0010614_807AF3DA0,0
0010614_807CF5740,0
0010614_807D9A750,0
0010614_809912CF0,0
0010614_809B68D10,0
0010614_809BCC330,0
0010614_80B316D00,0
0010614_80BB72B40,0
0010614_80BD89060,0
0010614_80CF5D860,0
0010614_80D0ED0A0,0
0010614_80D495710,0
0010614_80DA684F0,0
0010614_80DAD08F0,0
0010614_80DBA7C60,0
0010614_80E032420,0
0010614_80E4A9E20,0
0010614_80E6F5F60,0
0010614_80EEB1530,0
0010614_80F5BD2D0,0
0010614_80F62D840,0
0010614_80F926B00,0
0010614_81040BA50,0
0010614_810B3C880,0
0010614_811092990,0
0010614_811BE1270,0
0010614_812342820,0
0010614_812B9FC50,0
0010614_813502FB0,0
0010614_8135E9DB0,0
0010614_81367EEA0,0
0010614_813E1F2A0,0
0010614_81482AC80,0
0010642_802074B20,0
0010642_803FF3B40,0
0010642_804201180,0
0010642_8043A93E0,0
0010642_8048FB3E0,0
0010642_8049404A0,0
0010642_804950D80,0
0010642_804D109D0,0
0010642_80511F320,0
0010642_805323AD0,0
0010642_80553EB70,0
0010642_80581DEE0,0
0010642_8059CFF20,0
0010642_805B6EBB0,0
0010642_8065BEAB0,0
0010642_806AC43A0,0
0010642_806B909A0,0
0010642_806D16200,0
0010642_806F83740,0
0010642_80755D210,0
0010642_8075D9E50,0
0010642_807660960,0
0010642_807F43520,0
0010642_8082477F0,0
0010642_8084F8CF0,0
0010642_808561110,0
0010642_8086FFDA0,0
0010642_808C3DFB0,0
0010642_809B877B0,0
0010642_80AE2ECA0,0
0010642_80AE35E50,0
0010642_80B3B2860,0
0010642_80BBFB2F0,0
0010642_80C338210,0
0010642_80C358E20,0
0010642_80C9C6940,0
0010642_80CE9DF90,0
0010642_80D048D20,0
0010642_80D26AA40,0
0010642_80DA606C0,0
0010642_80DE59EC0,0
0010642_80E113570,0
0010642_80F2D4620,0
0010642_81144F840,0
0010642_811607D80,0
0010642_811703340,0
0010642_811DE2D90,0
0010642_811EC96C0,0
0010642_8147D3210,0
0010656_80450AB40,0
001068_8005AEB60,0
001068_8006B6750,0
001068_8006D8FE0,0
001068_8006ED720,0
001068_800715F90,0
001068_80071AD00,0
001068_80071AEF0,0
001068_8007267C0,0
001068_80073C000,0
001068_80073CFA0,0
001068_8007862D0,0
001068_80078B850,0
001068_8007A44F0,0
001068_800821E20,0
001068_800837E10,0
001068_80093BBD0,0
001068_800B09E20,0
001068_800B119D0,0
001068_800B34DF0,0
001068_800B829A0,0
001068_800BA9DC0,0
001068_800BB1AB0,0
001068_800BB7FF0,0
001068_800BD6A00,0
001068_800C1D580,0
001068_800C4DAC0,0
001068_800CD3A00,0
001068_800CDE960,0
001068_800CE8990,0
001068_800D0F170,0
001068_800D1C7E0,0
001068_800D292F0,0
001068_800DB9A00,0
001068_800DE0980,0
001068_800E28D30,0
001068_800E87260,0
001068_800E93B50,0
001068_800E9C3D0,0
001068_800EC0E90,0
001068_800F46EC0,0
001068_800F7B8E0,0
001068_800F7BE10,0
001068_80100D7C0,0
001068_80103ABD0,0
001068_801091650,0
001068_8010B2A70,0
001068_8010BB270,0
001068_8010D9DC0,0
001068_8010E13E0,0
001068_8011F0870,0
001068_8012261B0,0
001068_8012A1160,0
001068_8012B0540,0
001068_8012BB700,0
001068_8012D1FB0,0
001068_801342560,0
001068_80135F8C0,0
001068_8013801D0,0
001068_8013970B0,0
001068_8013A0640,0
001068_80144E480,0
001068_8015D7840,0
001068_80160E0B0,0
001068_801635F70,1
001068_8016AB0E0,0
001068_8016DFC80,0
001068_8016E2080,0
001068_8016FB830,0
001068_80170F2D0,0
001068_801718560,0
001068_80173F590,0
001068_8017D57B0,0
001068_801836960,0
001068_80185A250,0
001068_80188ED40,0
001068_8018E8110,0
001068_8018EE780,0
001068_8018EE781,0
001068_80192C110,0
001068_801972910,0
001068_8019A75C0,0
001068_8019E93C0,0
001068_801CE6040,0
001068_801D48AA0,0
001068_801DBE090,0
001068_801F5DC00,0
001068_801F7A4F0,0
001068_8020011B0,0
001068_802201890,0
001068_8022308A0,1
001068_802322BE0,0
001068_80239AA70,0
001068_8023F0630,0
001068_802446210,0
001068_8024C1A30,0
001068_802799940,0
001068_8027A9C10,0
001068_8029CC310,0
001068_802AC9790,0
001068_802B58840,0
001068_802BD6BB0,0
001068_802CAC150,0
001068_802CB5AE0,0
001068_802E09720,0
001068_802E10560,0
001068_802E42A80,0
001068_8030D9460,0
001068_8030DCE50,0
001068_8031658A0,0
001068_8031B61E0,0
001068_80328A080,0
001068_80330C050,0
001068_803334960,0
001068_8033EBEB0,0
001068_803411770,0
001068_803541A50,0
001068_803A02BF0,0
001068_803C210A0,0
001068_803C5DEB0,0
001068_804752560,0
001068_804D76DF0,0
001068_804F62B10,0
001068_8051609C0,0
001068_8052F7950,0
001068_8053F9460,0
001068_805768BD0,0
001068_805F33050,0
001068_8061DBFA0,0
001068_806430B40,0
001068_8066B1180,0
001068_806747250,0
001068_80675D3E0,0
001068_806FEC5C0,0
001068_8072FD6B0,0
001068_8075FD290,0
001068_8076F6960,0
001068_8077E05C0,0
001068_8077EBA00,0
001068_8077F79D0,0
001068_807B25630,0
001068_8083DA260,0
001068_809050820,0
001068_809DD5E00,0
001068_809FE9780,0
001068_80A086140,0
001068_80A830960,0
001068_80B7A3C70,0
001068_80B8167D0,0
001068_80BAFE660,0
001068_80BDDA350,0
001068_80BFE5990,0
001068_80BFEFDD0,0
001068_80C0E85C0,0
001068_80CB22D50,0
001068_80D1A1620,0
001068_80D1D8F30,0
001068_80DA66BA0,0
001068_80DF6B680,0
001068_80E1BB260,0
001068_80E1C0DC0,0
001068_80E2789E0,0
001068_80F0A27F0,0
001068_80FCB6200,0
001068_80FCC0F10,0
001068_810326CD0,0
001068_810389220,0
001068_8103D0CC0,0
001068_8111929E0,0
001068_811CCA730,0
001068_812996350,0
001068_8132FBCD0,0
001068_8136BC100,0
001068_813A622A0,0
001068_81486F460,0
0010709_80205D3A0,0
0010709_8042471F0,0
0010709_804ED3500,0
0010709_8051430E0,0
0010709_805144310,0
0010709_80526DAB0,0
0010709_805577930,0
0010709_805750E00,0
0010709_80576EA20,0
0010709_8067A0D60,0
0010709_80688EDC0,0
0010709_8068D0160,0
0010709_8068FDD40,0
0010709_8069BE340,0
0010709_807230510,0
0010709_80744E910,0
0010709_8077A7810,0
0010709_8078439B0,0
0010709_8079C3400,0
0010709_807A55510,0
0010709_807B48DF0,0
0010709_8081C6230,0
0010709_808231BB0,0
0010709_80871DE70,0
0010709_8088D1760,0
0010709_808FFE920,0
0010709_8093EC470,0
0010709_80AF451D0,0
0010709_80B369C40,0
0010709_80BA989B0,0
0010709_80C08F150,0
0010709_80C8D7B30,0
0010709_80C8DB9E0,0
0010709_80D103BE0,0
0010709_80D9B9FD0,0
0010709_80DCA0110,0
0010709_80DEF1650,0
0010709_80F414AC0,0
0010709_80FBA79F0,0
0010709_80FEF9670,0
0010709_810759AF0,0
0010709_810DCF6D0,0
0010709_810E6E140,0
0010709_81106FFF0,0
0010709_8111461E0,0
0010709_812623B30,0
0011030_80428E180,0
0011030_8042990B0,0
0011030_804AF69D0,0
0011030_804BA35F0,0
0011030_804E4A200,0
0011030_8050B0080,0
0011030_80512AB60,0
0011030_805418360,0
0011030_8054B8CE0,0
0011030_80570FA60,0
0011030_8057C5DF0,0
0011030_805B20AB0,0
0011030_805BF3630,0
0011030_80601EAB0,0
0011030_8062F0040,0
0011030_806580670,0
0011030_8066B7BB0,0
0011030_8066B7E30,0
0011030_80673BCE0,0
0011030_806A06970,0
0011030_806A08C90,0
0011030_806C10420,0
0011030_807483C10,0
0011030_8079C45C0,0
0011030_8081AFF80,0
0011030_8081EB6D0,0
0011030_808252460,0
0011030_8084B2B30,0
0011030_808563FB0,0
0011030_8085CA190,0
0011030_809050490,0
0011030_80A520880,0
0011030_80A8BC240,0
0011030_80AE1BAA0,0
0011030_80B3A6B80,0
0011030_80B58FF90,0
0011030_80B821810,0
0011030_80C113640,0
0011030_80C440A40,0
0011030_80C5037C0,0
0011030_80CFA2430,0
0011030_80D497700,0
0011030_80D4FE2D0,0
0011030_80DA578F0,0
0011030_80DC620C0,0
0011030_80DC8A8A0,0
0011030_80E8498C0,0
0011030_80F95D620,0
0011030_8100E1BB0,0
0011030_81042B330,0
0011030_810C10020,0
0011030_810DC8590,0
0011030_811755A60,0
0011030_8118C16F0,0
0011030_8118D0E20,0
0011030_812975B30,0
0011030_813BD3030,0
0011030_81471DE20,0
0011030_81478C7B0,0
001124_8005EF780,0
001124_8006F04E0,0
001124_8006FF760,0
001124_8007025F0,0
001124_800704070,0
001124_8007051D0,0
001124_80070D280,0
001124_800718920,0
001124_80071FA10,0
001124_80073D690,0
001124_8007412D0,0
001124_80074F790,0
001124_8007599D0,0
001124_80075EBB0,0
001124_80076BBA0,0
001124_80076DAC0,0
001124_8007D3F40,0
001124_8007D42C0,0
001124_800821B00,0
001124_800825340,1
001124_8008334A0,0
001124_8008521B0,0
001124_800872260,0
001124_80087FCB0,1
001124_8008A6210,0
001124_8008AC7F0,0
001124_8008BD200,0
001124_8008CE990,0
001124_8008D2B80,0
001124_8008E8BF0,0
001124_800908150,0
001124_800908A60,0
001124_80094F4B0,0
001124_800A27C70,0
001124_800A438C0,0
001124_800AB5470,0
001124_800B18FB0,0
001124_800B421D0,0
001124_800B78210,0
001124_800BA7380,0
001124_800C436E0,0
001124_800C9C7D0,0
001124_800D2B1B0,0
001124_800D40940,0
001124_800D70880,0
001124_800DC35F0,0
001124_800DD0170,0
001124_800DFFF50,0
001124_800E2EBA0,0
001124_800EDCA60,0
001124_800EE47E0,0
001124_800EEA2C0,0
001124_800F35CD0,0
001124_80109BA60,0
001124_801136360,0
001124_801137680,0
001124_80117C080,0
001124_8012D3490,0
001124_801421E10,0
001124_801536120,0
001124_801602660,0
001124_801715200,0
001124_8017582C0,0
001124_801857EB0,0
001124_80195E050,0
001124_801986840,0
001124_8019A8B90,0
001124_8019E44B0,0
001124_8019E7E70,0
001124_801BF5070,0
001124_801CA74B0,0
001124_801D16A20,0
001124_801D48C30,0
001124_801E3DD50,0
001124_801F8AB40,0
001124_802014CB0,0
001124_8022A0A20,0
001124_8023A76C0,0
001124_8023DEE80,0
001124_8023EE2F0,0
001124_8024464A0,0
001124_8026A1CF0,0
001124_802739110,0
001124_8028922B0,0
001124_802914FD0,0
001124_802AF1770,0
001124_802B08A50,0
001124_802BDFF40,0
001124_802E24B60,0
001124_802E26C20,0
001124_8030CB1D0,0
001124_80311E510,0
001124_8031646B0,0
001124_803250670,0
001124_80339D7F0,0
001124_8035F8E90,0
001124_80396E670,0
001124_803AA63F0,0
001124_803C0BCC0,0
001124_803C1C620,0
001124_803D029A0,0
001124_8041DD480,0
001124_804931EB0,0
001124_804A7AFD0,0
001124_804BA7950,0
001124_804C058F0,0
001124_804E51A10,0
001124_805128C00,0
001124_805162910,0
001124_805198780,0
001124_805362160,0
001124_805A9AA20,0
001124_8060DE5C0,0
001124_8062BC1E0,0
001124_806631B40,0
001124_8066B44D0,0
001124_80672D220,0
001124_806CF7970,0
001124_807199280,0
001124_8072EC5D0,0
001124_807433640,0
001124_807A44E80,0
001124_807B13A60,0
001124_807BB2320,0
001124_807EBBFF0,0
001124_8088EA9B0,0
001124_808C21B70,0
001124_808D199C0,0
001124_80978BEA0,0
001124_809B764D0,0
001124_809B79B60,0
001124_809BEE350,0
001124_80A00EC50,0
001124_80A3AAE30,0
001124_80A9078D0,0
001124_80AC45CA0,1
001124_80B020A00,0
001124_80B8B1550,0
001124_80BB15450,0
001124_80BFE3150,0
001124_80C368000,0
001124_80D1637F0,0
001124_80D282B30,0
001124_80D886A90,0
001124_80E1AF890,0
001124_81030F720,0
001124_810AF8C80,0
001124_810B001A0,0
001124_811172430,0
001124_811A05C90,0
001124_8124B85A0,0
001124_812974070,0
001124_812FB3C30,0
001124_8137EF2C0,0
001124_814233CC0,0
0011642_802073710,0
0011642_8047533E0,0
0011642_80494C5C0,0
0011642_804EA7240,0
0011642_8051D3870,0
0011642_8051FEF30,0
0011642_80539A260,0
0011642_8054BBA20,0
0011642_8055A7140,0
0011642_8055E1790,0
0011642_8056FBBD0,0
0011642_8059A04E0,0
0011642_805A35530,0
0011642_805A5F2A0,0
0011642_805DF8300,0
0011642_8065C88C0,0
0011642_806684990,0
0011642_8066AD4E0,0
0011642_806733FE0,0
0011642_8067ABDF0,0
0011642_8073649F0,1
0011642_80777AF20,0
0011642_807968EB0,0
0011642_8079B63A0,0
0011642_807AB6690,0
0011642_807B89960,0
0011642_808377920,0
0011642_808A2FC70,0
0011642_8091C2B10,0
0011642_809B68080,0
0011642_809C0ACE0,0
0011642_809EB8D30,0
0011642_80A6C4720,0
0011642_80AC35680,0
0011642_80AEDC900,0
0011642_80B22D070,0
0011642_80B47FAC0,0
0011642_80BE32DB0,0
0011642_80BFDA0E0,0
0011642_80D31EEF0,0
0011642_80DF8D850,0
0011642_80DFA25B0,0
0011642_80E050640,0
0011642_80E157A30,0
0011642_80E1B58D0,0
0011642_80E318DE0,0
0011642_80E58F320,0
0011642_80E704360,0
0011642_80EE90D50,0
0011642_810EF2DF0,0
0011642_812243210,0
0011642_8123D3210,0
0011642_8131A9A80,0
0011642_813949A40,0
0011642_81397A5E0,0
0011642_813B12B60,0
0011899_8046D5340,0
0011899_804E42890,0
0011899_804E50C30,0
0011899_804E9AB20,0
0011899_804EE3E10,0
0011899_80511CF10,0
0011899_8052CAB00,0
0011899_8053F7D10,0
0011899_805721090,0
0011899_8057E6990,0
0011899_805A4CB80,0
0011899_805A8DEB0,0
0011899_805B25F60,0
0011899_805B533D0,0
0011899_805DDA820,0
0011899_805FAEBD0,0
0011899_806028C60,0
0011899_80637A3A0,0
0011899_8065C4B50,0
0011899_806630710,0
0011899_806D9F9A0,0
0011899_80718FF30,0
0011899_807250AA0,0
0011899_807275880,0
0011899_80788FD10,1
0011899_807AE44A0,0
0011899_807C8DA90,0
0011899_807D80E70,0
0011899_808164800,0
0011899_8081DD180,0
0011899_8082E64B0,0
0011899_808A6AC00,0
0011899_808EA2590,0
0011899_808EC3080,0
0011899_808F87850,0
0011899_808FC39C0,0
0011899_80913D990,0
0011899_809360AF0,0
0011899_809923E50,0
0011899_80A0CA4C0,0
0011899_80A5723C0,0
0011899_80A77BB00,0
0011899_80ADE8550,0
0011899_80B06CB00,0
0011899_80B289660,0
0011899_80C11D2E0,0
0011899_80C5638A0,0
0011899_80D1B52D0,0
0011899_80D500500,0
0011899_80D7DB470,0
0011899_80DA7E3B0,0
0011899_80DE5F310,0
0011899_80DF7C3A0,0
0011899_80E0A0BA0,0
0011899_80E1CC330,0
0011899_80EC174E0,0
0011899_80F09BED0,0
0011899_80FD8E5A0,0
0011899_8103FCDD0,0
0011899_810495580,0
0011899_8106C2EC0,0
0011899_8111B9AF0,0
0011899_81145C630,0
0011899_81245E820,0
0011899_812841CE0,0
0011899_81329D500,0
0011899_814460500,0
0011899_8144BA4E0,0
0011899_81482D9B0,0
0012359_804C30A00,0
0012359_804DC1C90,0
0012359_804DC9870,0
0012359_805196550,0
0012359_8052A1940,0
0012359_8055B8510,0
0012359_8057D5C20,0
0012359_8057EF420,0
0012359_8058D32B0,0
0012359_805A3BF00,0
0012359_805A8C3A0,0
0012359_805B0A900,0
0012359_805ED5200,0
0012359_805F041A0,0
0012359_8065FB360,0
0012359_806A34D60,0
0012359_807280D80,0
0012359_807D90800,0
0012359_80809EBA0,0
0012359_80824D0D0,0
0012359_808255EC0,0
0012359_8086FD360,0
0012359_808CF80D0,0
0012359_808D52370,0
0012359_808E1C620,0
0012359_8090510F0,0
0012359_8095F1A70,0
0012359_809B7F680,0
0012359_809E96D70,0
0012359_80A26B320,0
0012359_80A3377E0,0
0012359_80A56FF80,0
0012359_80A5A2E30,0
0012359_80A7540F0,0
0012359_80AE45410,0
0012359_80B7FD790,0
0012359_80BBCEFF0,0
0012359_80BD219D0,0
0012359_80BF2B380,0
0012359_80C3E2F40,0
0012359_80C840B30,0
0012359_80D01EEE0,0
0012359_80D158600,0
0012359_80D455C20,0
0012359_80D622210,0
0012359_80D640FD0,0
0012359_80D64CCC0,0
0012359_80D7F3680,0
0012359_80DAC1C30,0
0012359_80DE52890,0
0012359_80DEFEDB0,0
0012359_80E0B9040,0
0012359_80E168790,0
0012359_80E41F050,0
0012359_80EFF69A0,0
0012359_80FEEDB90,0
0012359_8104A0F90,0
0012359_8108FF6D0,0
0012359_811A1C7A0,0
0012359_811FE8800,0
0012359_81354BAB0,0
0012359_8139718E0,0
0012359_8139C05A0,0
0012359_814262F30,0
0012359_8143E3D20,0
0012359_814449090,0
0012359_8146F1700,0
001241_80080E500,0
001241_80082C2C0,0
001241_80084EDF0,0
001241_8008C1930,0
001241_8008C6EC0,0
001241_8008D96F0,0
001241_80090A230,0
001241_8009405F0,0
001241_800951460,0
001241_8009F37D0,0
001241_800A29900,0
001241_800A6F710,0
001241_800A74C20,0
001241_800A78BB0,0
001241_800A9D7D0,0
001241_800AD7040,0
001241_800B26AF0,0
001241_800B456D0,0
001241_800BAB360,0
001241_800BCC390,0
001241_800BFC160,0
001241_800C2F340,0
001241_800C4E440,0
001241_800C9BCE0,0
001241_800F01490,0
001241_800F239A0,0
001241_800F9FBC0,0
001241_800FD1750,0
001241_800FFADD0,0
001241_801008480,0
001241_8011328D0,0
001241_801154CF0,0
001241_80116AE00,0
001241_8011A5BC0,0
001241_80128DD10,0
001241_80146F0D0,0
001241_8016AA5A0,0
001241_8017073B0,0
001241_80170DBC0,0
001241_8017CE8B0,0
001241_801804750,0
001241_80198AD50,0
001241_8019FCCD0,0
001241_801A66400,0
001241_801C3AD30,0
001241_801D04C40,0
001241_801EA5E30,0
001241_801F63C90,0
001241_8021C6E50,0
001241_80221D680,0
001241_802299260,0
001241_80241F6C0,0
001241_80242EA40,0
001241_8027430D0,0
001241_80277B840,0
001241_802C1A1C0,0
001241_802C1CA70,0
001241_802C49790,0
001241_802EE7060,0
001241_802FA8AD0,0
001241_803103DD0,0
001241_8031629B0,0
001241_8032935D0,0
001241_803413550,0
001241_803414C10,0
001241_8034E7B80,0
001241_8037883E0,0
001241_8037AEC90,0
001241_803C86870,0
001241_803D69260,0
001241_803E44DE0,0
001241_803EA68D0,0
001241_804188E60,0
001241_8041F2330,0
001241_804218DB0,0
001241_80427C450,0
001241_8042D18E0,0
001241_8045C0B20,0
001241_80484A690,0
001241_804B43600,0
001241_804D1FAB0,0
001241_804DD75D0,0
001241_804E52BA0,0
001241_804E6DD30,0
001241_804E7C100,0
001241_804F6BD90,0
001241_8050E6420,0
001241_80510C8D0,0
001241_805215610,0
001241_8052F3DE0,0
001241_8057D3D60,0
001241_805B95D00,0
001241_805B9D800,0
001241_805BB8F10,0
001241_8068368C0,0
001241_806C6C250,0
001241_807EA9C90,0
001241_8082E1260,0
001241_8082F2E90,0
001241_8087018B0,0
001241_80889D080,0
001241_808F29330,0
001241_808FCA2F0,0
001241_809314A60,0
001241_809AD1530,0
001241_80A40F3F0,0
001241_80ADD3820,0
001241_80AE596F0,0
001241_80AE7FC30,0
001241_80AEB5580,0
001241_80AFD1BF0,0
001241_80B42F420,0
001241_80BBF6410,0
001241_80BDFBB30,0
001241_80C577BD0,0
001241_80C905780,0
001241_80D0A82D0,0
001241_80D6D19E0,0
001241_80D765CF0,0
001241_80DA69A20,0
001241_80DF277D0,0
001241_80EEB5900,0
001241_80EFEE5C0,0
001241_80FC6AC00,0
001241_80FE38540,0
001241_80FE38541,0
001241_80FF5BB30,0
001241_81121DE00,0
001241_8118E70B0,0
001241_811CB9B00,0
001241_8121A6370,0
001241_812D9C0A0,0
001241_8139F35B0,0
001241_813A04830,0
001241_813E2C9E0,0
001241_81425C050,0
0012446_804946E30,0
0012446_804BA2620,0
0012446_804D15540,0
0012446_804E89390,0
0012446_8052BA290,0
0012446_8052DB860,0
0012446_8053F18B0,0
0012446_805414960,0
0012446_8054ACE60,0
0012446_8057E65A0,0
0012446_805A440A0,0
0012446_805A9E350,0
0012446_80605A660,0
0012446_80605DAE0,0
0012446_8060C0070,0
0012446_80684CCA0,0
0012446_80688F160,0
0012446_8070495E0,0
0012446_8072F7BF0,0
0012446_8077DEB60,0
0012446_807905E50,0
0012446_8079DC040,0
0012446_807EB9490,0
0012446_807F58470,0
0012446_8081DFC90,0
0012446_8082315F0,0
0012446_80829B000,0
0012446_8085A18F0,0
0012446_808996540,0
0012446_808ECEF00,0
0012446_809718D30,0
0012446_809CAFE70,0
0012446_80A0CA380,0
0012446_80A3EC050,0
0012446_80A599690,0
0012446_80AE41B10,0
0012446_80AE96990,0
0012446_80AEB7F50,0
0012446_80B389FE0,0
0012446_80B5CE220,0
0012446_80BB39EC0,0
0012446_80BD22980,0
0012446_80BD72660,0
0012446_80BFF6850,0
0012446_80C542DF0,0
0012446_80C6F7D30,0
0012446_80CA2C2A0,0
0012446_80D1182B0,0
0012446_80D25EEB0,0
0012446_80D28EBC0,0
0012446_80DBC8B50,0
0012446_80DD647E0,0
0012446_80DDEAEB0,0
0012446_80E3B0B30,0
0012446_80E3CA580,0
0012446_80F1CEC80,0
0012446_80F289300,0
0012446_80F6E2AC0,0
0012446_80FE30890,0
0012446_810DC32F0,0
0012446_8113DD380,0
0012446_81230EDE0,0
0012446_81297D7F0,0
0012446_812F0CF40,0
0012446_8131BD830,0
0012446_813B97CB0,0
0012446_813BD8D40,0
0012446_8141930A0,0
0012446_8147CFB90,0
001244_8007FF480,0
001244_8008127B0,0
001244_80082C8A0,0
001244_80089D600,0
001244_80089D650,0
001244_8008C2C30,0
001244_80093C0D0,1
001244_80094F370,0
001244_8009C0E20,0
001244_800A79350,1
001244_800A84040,0
001244_800A951A0,0
001244_800ABFAE0,0
001244_800B16520,0
001244_800B25B70,0
001244_800B2B630,0
001244_800B40460,0
001244_800B55A60,0
001244_800BC0D90,0
001244_800BD9030,0
001244_800C36F10,0
001244_800C3C0B0,0
001244_800DB3600,0
001244_800DC8660,0
001244_800DD0580,0
001244_800EA0890,0
001244_800EEA4B0,0
001244_800F57B20,0
001244_800FB67B0,0
001244_801091AB0,0
001244_8010D95B0,0
001244_8011333A0,0
001244_801134790,0
001244_801150FC0,0
001244_80118ED20,0
001244_8011ACC10,0
001244_8011C2C70,0
001244_8011E65B0,0
001244_80136CBE0,0
001244_80138A170,0
001244_80138D130,0
001244_8015CF360,0
001244_8016011C0,0
001244_8016CAB70,0
001244_8016CE530,0
001244_8016D0740,0
001244_8017F8980,0
001244_801873650,0
001244_80198DAE0,0
001244_8019F1580,0
001244_801A55440,0
001244_801A90050,0
001244_801AFA840,0
001244_801B5B440,0
001244_801C3FA20,0
001244_801CB92C0,0
001244_801CC55D0,0
001244_801DCF0C0,0
001244_801E9E540,0
001244_8022061D0,0
001244_8022804E0,0
001244_8022A76A0,0
001244_8023D7160,0
001244_80242AFA0,0
001244_80246DB40,0
001244_8024A4FA0,0
001244_8024D1380,0
001244_8025AD540,0
001244_8027EBA10,0
001244_802920600,0
001244_8029F6720,0
001244_802AEF640,0
001244_802B7B620,0
001244_802C59B50,0
001244_802CFB660,0
001244_802E02D00,1
001244_802E7E6B0,0
001244_802EB6C80,0
001244_80320AFD0,0
001244_803289080,0
001244_8033FB8E0,0
001244_8034F91E0,0
001244_8038DCE50,0
001244_803C72E70,0
001244_803E12620,0
001244_8045196B0,0
001244_804D2AEF0,0
001244_804E46990,0
001244_804E59210,0
001244_804EBDF30,0
001244_805117600,0
001244_8057627C0,0
001244_8057F4F50,0
001244_8059E6790,0
001244_805A65340,0
001244_805EE8E30,0
001244_806063D70,0
001244_8066E25F0,0
001244_8068628A0,0
001244_806CFB400,0
001244_806D575A0,0
001244_8070D12C0,0
001244_807D511D0,0
001244_8081A8010,0
001244_808ECE3D0,0
001244_809656C80,0
001244_80A04A6D0,0
001244_80A2F0EA0,0
001244_80A3140E0,0
001244_80A400320,0
001244_80A58A8E0,1
001244_80A682BD0,0
001244_80AC0F610,0
001244_80BD8C9D0,0
001244_80BF21340,0
001244_80C13B0B0,0
001244_80C641940,0
001244_80C6F7160,0
001244_80CB64F20,0
001244_80D12C330,0
001244_80D6330A0,0
001244_80DA60F50,0
001244_80DE9F710,0
001244_80E0CCD90,0
001244_80E305AF0,0
001244_80E615770,0
001244_80EC73020,0
001244_80FBE06C0,0
001244_80FE9A6D0,0
001244_80FFE9B00,0
001244_812702570,0
001244_812D54B60,0
001244_812D75050,0
001244_8131DD540,0
001244_813458650,0
001244_8139D6C90,0
001244_813AFBCC0,0
001244_8141B9A80,0
0012461_80490FD00,0
0012461_8049161A0,0
0012461_804EDBA10,0
0012461_8058176C0,0
0012461_805957F30,0
0012461_80644B110,0
0012461_8068D9340,0
0012461_806977070,0
0012461_8069E0520,0
0012461_8077D2DC0,0
0012461_80796AC80,0
0012461_8079A93A0,0
0012461_807A7CC00,0
0012461_807C18610,0
0012461_807D56B40,0
0012461_80807CE90,0
0012461_808197320,0
0012461_80819E100,0
0012461_8085C9CE0,0
0012461_8094726D0,0
0012461_809546A20,0
0012461_80A0ADE60,0
0012461_80A628D20,0
0012461_80A68EF60,0
0012461_80D13C690,0
0012461_80F27ABD0,0
0012461_810E06CD0,0
0012461_81118BF80,0
0012461_812543070,0
0012461_81283C870,0
0012585_804CC94D0,0
0012585_804E7F450,0
0012585_80518D2C0,0
0012585_8051B0650,0
0012585_8057C8060,0
0012585_805A858E0,0
0012585_805B26680,0
0012585_805BAF190,0
0012585_805DCA5B0,0
0012585_806040430,0
0012585_8061A1490,0
0012585_806859380,0
0012585_806862940,0
0012585_806A6B350,0
0012585_80709CD10,0
0012585_807216030,0
0012585_80730C150,0
0012585_8073E4620,0
0012585_807434490,0
0012585_8075DB6A0,0
0012585_8079D2520,0
0012585_807A0BA10,0
0012585_807F5DFC0,0
0012585_80816A060,0
0012585_808945BB0,0
0012585_8089F8E90,0
0012585_808BA0840,0
0012585_808E05500,0
0012585_808EAE0E0,0
0012585_809273D40,0
0012585_8096ED010,0
0012585_8097A88F0,0
0012585_80A3EC0A0,0
0012585_80AC9C820,0
0012585_80ACCDEE0,0
0012585_80B1B7290,0
0012585_80BFDF590,0
0012585_80C282F40,0
0012585_80C2A1990,0
0012585_80C3079E0,0
0012585_80C7C8AF0,0
0012585_80D05B970,0
0012585_80D132BA0,0
0012585_80D1D5C80,0
0012585_80D1D9120,0
0012585_80D227500,0
0012585_80D43D650,0
0012585_80D677670,0
0012585_80DC6FAB0,0
0012585_80DE9B260,0
0012585_80E146B90,0
0012585_80E351960,0
0012585_80EB5DA60,0
0012585_80F4D68D0,0
0012585_80FCBFBC0,0
0012585_810C934E0,0
0012585_8116B1E70,0
0012585_8117680F0,0
0012585_811A97B20,0
0012585_8126F0F10,0
0012585_812B8E6E0,0
0012585_813EFB060,0
001267_80389F210,0
0012803_804B5B0D0,0
0012803_804E93880,0
0012803_8050172E0,0
0012803_805208D50,0
0012803_8059ABD50,0
0012803_805C5C050,0
0012803_805CD6070,0
0012803_805EDFC40,0
0012803_806018390,0
0012803_806033C50,0
0012803_8063E7B00,0
0012803_806448CD0,0
0012803_806794710,0
0012803_806A3F780,0
0012803_806A6F050,0
0012803_806A9B330,0
0012803_807288A90,0
0012803_8074AB000,0
0012803_807575FA0,0
0012803_8075A40E0,0
0012803_8077D9900,0
0012803_807A1EB10,0
0012803_80808F940,0
0012803_80855BB10,0
0012803_808802D40,0
0012803_8088B4A80,0
0012803_808F95280,0
0012803_80978ABB0,0
0012803_809E19600,0
0012803_80B12C320,0
0012803_80B5CD610,0
0012803_80C1DE8D0,0
0012803_80C336840,0
0012803_80C7B0320,0
0012803_80CA353A0,0
0012803_80DCB7720,0
0012803_80DD27BE0,0
0012803_80E3E3F80,0
0012803_80E56F370,0
0012803_80FE750C0,0
0012803_81040CE40,0
0012803_8104709E0,0
0012803_8104C2730,0
0012803_81121C0F0,0
0012803_811DE98E0,0
0012803_811EB5DB0,0
0012803_81284A030,0
0012803_813149F60,0
0012803_81391E300,0
0012803_813F311B0,0
0012803_8143923A0,0
0012893_804EC6E10,0
0012893_8050961D0,0
0012893_8055902A0,0
0012893_805595D50,0
0012893_8057DCC20,0
0012893_8059EA9B0,0
0012893_805DD8FB0,0
0012893_805FFECF0,0
0012893_8060AAFE0,0
0012893_806199C60,0
0012893_806294940,0
0012893_8066B9A10,0
0012893_8066BD410,0
0012893_806A0BFE0,0
0012893_806A0EAE0,0
0012893_807195930,0
0012893_8075F6020,0
0012893_807BA0480,0
0012893_807D23BE0,0
0012893_80805AE20,0
0012893_808B46BB0,0
0012893_808FA2E60,0
0012893_809B94170,0
0012893_809C933A0,0
0012893_80A8CCEC0,0
0012893_80AB40170,0
0012893_80B3431E0,0
0012893_80B3431E1,0
0012893_80B4D04D0,0
0012893_80B6894B0,0
0012893_80B742ED0,0
0012893_80BE34340,0
0012893_80CD4AC30,0
0012893_80CFF4000,0
0012893_80D039D00,0
0012893_80D171BD0,0
0012893_80D38E120,0
0012893_80DC8B8E0,0
0012893_80E0A6D70,0
0012893_8104608C0,0
0012893_81049DE30,0
0012893_81056FBB0,0
0012893_810AF7070,0
0012893_810E5F400,0
0012893_8116C4410,0
0012893_8117A10B0,0
0012893_811E236C0,0
0012893_812704040,0
0012893_812BAAEA0,0
0012893_812C58A50,0
0012893_813130B40,0
0012893_81369B4C0,0
0012893_813A15DD0,0
0012979_804D1DE20,0
0012979_804E1FF40,0
0012979_804E2F6B0,0
0012979_804EF0D10,0
0012979_804F53EE0,0
0012979_80512BB30,0
0012979_8051AD1F0,0
0012979_8051EC4E0,0
0012979_805353660,0
0012979_8054AEE10,0
0012979_8055A99D0,0
0012979_80571E4A0,0
0012979_8057E7180,0
0012979_805B31B20,0
0012979_805B937C0,0
0012979_80623BF90,0
0012979_8062682B0,0
0012979_806399CD0,0
0012979_806418290,0
0012979_8065F1F70,0
0012979_8066860F0,0
0012979_8066A7000,0
0012979_806700D00,0
0012979_80672ABF0,0
0012979_806A88510,0
0012979_806D30DA0,0
0012979_806E76950,0
0012979_80709C370,0
0012979_80728B5C0,0
0012979_807332080,0
0012979_807443880,0
0012979_807AA6C80,0
0012979_807CEBAF0,1
0012979_80845B100,0
0012979_808946FA0,0
0012979_808D24990,0
0012979_808D69A60,0
0012979_80904C6A0,0
0012979_8091D77F0,0
0012979_809225BE0,0
0012979_809F95510,0
0012979_80A0DA6C0,0
0012979_80AB1C4B0,0
0012979_80B3C8430,0
0012979_80BFA5030,0
0012979_80BFF8D20,0
0012979_80C107F30,0
0012979_80C6EEC00,0
0012979_80D2A4FE0,0
0012979_80D4378B0,0
0012979_80D6397E0,0
0012979_80D9A9270,0
0012979_80DADDFB0,0
0012979_80DE5C350,0
0012979_80E147510,0
0012979_80E1BA5E0,0
0012979_80E1F58C0,0
0012979_80E6347B0,0
0012979_80E6EA6A0,0
0012979_80E6FE330,0
0012979_80F0E25F0,0
0012979_80FE82A90,0
0012979_8102AECE0,0
0012979_8102EDBF0,0
0012979_8104F6E00,0
0012979_8111A7CC0,0
0012979_811823CA0,0
0012979_812080340,0
0012979_81230E1B0,0
0012979_813005030,0
0012979_8149577B0,0
001299_800510EA0,0
001299_800810C60,0
001299_800869960,0
001299_80086AE50,0
001299_80090C960,0
001299_8009139E0,0
001299_800913E00,0
001299_800915950,0
001299_800966230,0
001299_8009675A0,0
001299_800972050,0
001299_80097D460,0
001299_800980AE0,0
001299_8009921F0,0
001299_8009A8F30,0
001299_8009AC850,0
001299_8009BB8C0,0
001299_8009DD9A0,0
001299_8009EA560,0
001299_800A02840,0
001299_800A06D00,0
001299_800A0F720,0
001299_800A2B840,0
001299_800A2C720,0
001299_800AA7890,0
001299_800AAB8E0,0
001299_800AB40E0,0
001299_800B58C50,0
001299_800B597E0,0
001299_800B96F10,0
001299_800BC40C0,0
001299_800C44210,0
001299_800C6CED0,0
001299_800C74C80,0
001299_800C8FC10,0
001299_800CA0C10,0
001299_800CBA7A0,0
001299_800D621B0,0
001299_800D79FD0,0
001299_800D86560,0
001299_800E26880,0
001299_800E6BE80,0
001299_800ECF630,0
001299_800F25D80,0
001299_800F265D0,0
001299_800F27120,0
001299_800FD7510,0
001299_800FDC640,0
001299_800FE3B10,0
001299_801022840,0
001299_801040D80,0
001299_801055250,0
001299_8010D6540,0
001299_80110A880,0
001299_80115DF20,0
001299_801204880,0
001299_80120A760,0
001299_8012A7F80,0
001299_80136B5D0,0
001299_801378830,0
001299_8014096B0,0
001299_801475830,0
001299_80147D1C0,0
001299_8014A2A80,0
001299_8014B4370,0
001299_8014D6EC0,0
001299_801577B20,0
001299_8015790C0,0
001299_8015C2360,0
001299_80168DBF0,0
001299_8016972E0,0
001299_8016A37A0,0
001299_8016DE5E0,0
001299_80176DE40,0
001299_8018E0040,0
001299_801AB65C0,0
001299_801AD9FE0,0
001299_801B0FAC0,0
001299_801B11250,0
001299_801C6CA60,0
001299_801C7FC70,0
001299_801DF68C0,0
001299_801DFF6C0,0
001299_801E15380,0
001299_801EF0700,0
001299_801F29A60,0
001299_801F982E0,0
001299_802175C50,0
001299_802183630,0
001299_8022C7CE0,0
001299_802303460,0
001299_802461BD0,0
001299_8024E3470,0
001299_802593F30,0
001299_802628760,0
001299_80263C970,0
001299_8026727E0,0
001299_8026C8730,0
001299_8027E2D70,0
001299_8028B7E40,0
001299_8028CC340,0
001299_8028DA570,0
001299_80299BA90,0
001299_802A3E140,0
001299_802A74A10,0
001299_802BB2130,0
001299_802CB65B0,0
001299_802CE60D0,0
001299_802D09FD0,0
001299_802D5DFB0,0
001299_802D853B0,0
001299_802DA59D0,0
001299_802F5A470,0
001299_802F5C4A0,0
001299_8030B2B70,0
001299_803271670,0
001299_8032AC790,0
001299_8032BFCB0,0
001299_803327380,0
001299_804760F20,0
001299_80488D950,0
001299_80490D990,0
001299_8060583E0,0
001299_80644FC50,0
001299_806881490,0
001299_8068D3780,0
001299_806C403A0,0
001299_80708A310,0
001299_80785FE90,0
001299_807A92310,0
001299_807B48DA0,0
001299_807B94600,0
001299_80848ECE0,0
001299_8093D48C0,0
001299_809409340,0
001299_80976C510,0
001299_809A217C0,0
001299_80A8DE520,0
001299_80ACB12A0,0
001299_80BB8F4C0,0
001299_80BF34700,0
001299_80C298E70,0
001299_80C2D8930,0
001299_80C5594D0,0
001299_80C812DB0,0
001299_80D033670,0
001299_80D91B750,0
001299_80DC5F420,0
001299_80DE197B0,0
001299_80DEB59C0,0
001299_80E486550,0
001299_80FC15330,0
001299_8108A2AE0,0
001299_810E91340,0
001299_811029110,0
001299_811062A90,0
001299_811968610,0
001299_8121D5EE0,0
001299_8144F3150,0
0013184_805788FA0,0
0013432_804E5D3B0,0
0013432_804EA8EB0,0
0013432_80500A850,0
0013432_8051D4CE0,0
0013432_8052ECAB0,0
0013432_805790CF0,0
0013432_80593DC70,0
0013432_805ABB920,0
0013432_805BC3930,0
0013432_805C61700,0
0013432_806240B30,0
0013432_806242F40,0
0013432_80662A910,0
0013432_806709510,0
0013432_8069567A0,0
0013432_806C6AAD0,0
0013432_806D32E00,0
0013432_8077F7FF0,0
0013432_807C9DE20,0
0013432_807DD3AE0,0
0013432_807EB5040,0
0013432_807EBA530,0
0013432_807F18710,0
0013432_80816ABD0,0
0013432_808D60AF0,0
0013432_808EA4170,0
0013432_808FA5B50,0
0013432_8093D6FB0,0
0013432_80988D5F0,0
0013432_80A029F70,0
0013432_80A5EC6B0,0
0013432_80AA3FF80,0
0013432_80B1B6260,0
0013432_80B29E0F0,0
0013432_80B61C830,0
0013432_80BEE3530,0
0013432_80BF60EE0,0
0013432_80C4843E0,0
0013432_80D2E3BC0,0
0013432_80D4E4C20,0
0013432_80D9197B0,0
0013432_80DFD8C20,0
0013432_80E1D5000,0
0013432_80E5442C0,0
0013432_80F2C1930,0
0013432_80FBEDE20,0
0013432_8103A7360,0
0013432_810A7C300,0
0013432_811C70030,0
0013432_811CA2EE0,0
0013432_811F7DE90,0
0013432_812526A80,0
0013432_812D2E630,0
0013432_812F0CDB0,0
0013432_813240120,0
0013432_81389D410,0
0013432_813A4B2A0,0
0013432_8147560C0,0
0013917_8054B1160,0
0013917_80571FB40,0
0013917_805727550,0
0013917_805B1B4A0,0
0013917_805B5FE60,0
0013917_805F96960,0
0013917_806023610,0
0013917_8061AECF0,0
0013917_8062EDB80,0
0013917_80645FDB0,0
0013917_80662CF30,0
0013917_806726630,0
0013917_80674E360,0
0013917_8067BFA30,0
0013917_806851250,0
0013917_806E9F060,0
0013917_807201340,0
0013917_8073062D0,0
0013917_8075DAC10,0
0013917_8076E27F0,0
0013917_807AE6810,0
0013917_808099030,0
0013917_808214110,0
0013917_80854E1D0,0
0013917_80858AE90,0
0013917_808C6E2B0,0
0013917_808E8E520,0
0013917_809877FB0,0
0013917_80A5798F0,0
0013917_80A8377E0,0
0013917_80A8378D0,0
0013917_80AEC8650,0
0013917_80B320B40,0
0013917_80B6DBFB0,0
0013917_80BD57840,0
0013917_80D282510,0
0013917_80D595E10,0
0013917_80D7C36B0,0
0013917_80D9399A0,0
0013917_80E16D0B0,0
0013917_80F5B9E80,0
0013917_810B03130,0
0013917_811BDC570,0
0013917_811C20780,0
0013917_8124F7210,0
0013917_813599B30,0
0013917_81364E620,0
0013959_8053E6B60,0
0013959_8055693D0,0
0013959_805B3CAF0,0
0013959_80688C000,0
0013959_8068D6100,0
0013959_8068FC090,0
0013959_8069C9200,0
0013959_806A8F790,0
0013959_806CBC6A0,0
0013959_8072CBC20,0
0013959_807756E60,0
0013959_8077C2920,0
0013959_807956660,0
0013959_807A7DC90,0
0013959_807AC89B0,0
0013959_807BD6280,0
0013959_807BF1690,0
0013959_8082DE370,0
0013959_80848E940,0
0013959_8088D58B0,0
0013959_80890A230,0
0013959_8089C1090,0
0013959_8094423B0,0
0013959_809765D30,0
0013959_80AB8DA20,0
0013959_80AE04FF0,0
0013959_80AFB2610,0
0013959_80B4EACE0,0
0013959_80B658660,0
0013959_80B676B70,0
0013959_80B83D030,0
0013959_80B8DCE00,0
0013959_80BB14B20,0
0013959_80C121290,0
0013959_80C496560,0
0013959_80C8B15E0,0
0013959_80DCD5AD0,0
0013959_80DCDFD40,0
0013959_80DED94F0,0
0013959_80E30A4D0,0
0013959_80EBCFE70,0
0013959_80ECF3890,0
0013959_80F7BED90,0
0013959_810BF4D60,0
0013959_811AF5D80,0
0013959_81251F210,0
0013959_8125BF8F0,0
001411_8005E8BD0,0
001411_8008916A0,0
001411_8008A15E0,0
001411_8008BE300,0
001411_8008BE3A0,0
001411_8008C3010,0
001411_800909030,0
001411_8009953B0,0
001411_8009AA550,0
001411_800A58A10,0
001411_800A99590,0
001411_800A9CFC0,0
001411_800AC3AC0,0
001411_800AC9E20,0
001411_800AF4B70,0
001411_800B6D210,0
001411_800BE2D90,0
001411_800C39750,0
001411_800C81020,0
001411_800CC6090,0
001411_800CCB760,0
001411_800CF8320,0
001411_800D26240,0
001411_800D2AF20,0
001411_800D7A8C0,0
001411_800D9B930,0
001411_800DCD690,0
001411_800E71AE0,0
001411_800EEA050,0
001411_800F66550,0
001411_800F6E030,0
001411_800FA1420,0
001411_80100A2C0,0
001411_801086F20,0
001411_801123740,0
001411_801158200,0
001411_801184740,0
001411_8011BAEC0,0
001411_8012405D0,0
001411_8012AD270,0
001411_8012B82F0,0
001411_8012BBC00,0
001411_8012EDA40,0
001411_801382BB0,0
001411_801539D00,0
001411_801563C60,0
001411_80165D8C0,0
001411_8017303B0,0
001411_801759C40,0
001411_801770840,0
001411_8017A5B30,0
001411_801802670,0
001411_801847650,0
001411_8018784D0,0
001411_801935560,0
001411_80196F3B0,0
001411_8019F58F0,0
001411_8019FD0A0,0
001411_801A441D0,0
001411_801ACA8B0,0
001411_801B4DA40,0
001411_801B8EBB0,0
001411_801C9F900,0
001411_801E95490,0
001411_801FEE530,0
001411_802299010,0
001411_802317C70,0
001411_8023C5760,0
001411_802400970,0
001411_802455300,0
001411_802495CC0,0
001411_8024DB0C0,0
001411_802684D90,0
001411_8026B0430,0
001411_80273FE90,0
001411_8027C42A0,0
001411_80283CB00,0
001411_802856940,0
001411_802914100,0
001411_802AA60B0,0
001411_802AFD3D0,0
001411_802B15610,0
001411_802C41480,0
001411_802E7D740,0
001411_802E89070,0
001411_80321EFB0,0
001411_8034A2700,0
001411_8034F5F80,0
001411_803531460,0
001411_803B98550,0
001411_803D58300,0
001411_803E1CB90,0
001411_804236F40,0
001411_8045D1600,0
001411_80490AFC0,0
001411_804EC8080,0
001411_804F1E890,0
001411_8050B01C0,0
001411_80518A630,0
001411_805191E60,0
001411_8052EDAD0,0
001411_8055B51A0,0
001411_8055BEE30,0
001411_805A33390,0
001411_805A7BE00,0
001411_8060170C0,0
001411_80613E230,0
001411_80620A580,0
001411_80623B140,0
001411_8067054D0,0
001411_806CFBAB0,0
001411_806E8A6D0,0
001411_8070305A0,0
001411_807198B00,0
001411_80722E590,0
001411_8073470A0,0
001411_8073C2A90,0
001411_807468180,0
001411_807D9A980,0
001411_80833C100,0
001411_808B21700,0
001411_808EB4C10,0
001411_809045F60,0
001411_8091CD5B0,0
001411_8093CD970,0
001411_809659270,0
001411_809DD1F30,0
001411_80A5E39F0,0
001411_80ACCD470,0
001411_80B0AB3F0,0
001411_80B5399C0,0
001411_80C0050B0,0
001411_80C1602F0,0
001411_80C334520,0
001411_80C336CE0,0
001411_80C38D7E0,0
001411_80D3ACD80,0
001411_80D6E13E0,0
001411_80FA11370,0
001411_8104B37B0,0
001411_8117BB1B0,0
001411_8118B7030,0
001411_8128414E0,0
001411_812F0C1E0,0
001411_81313ECB0,0
001411_8132F6A70,0
001412_80089BD90,0
001412_8008A7AD0,0
001412_8008F5060,0
001412_800909A40,0
001412_800952BA0,0
001412_8009ED320,0
001412_800A4FAA0,0
001412_800A78930,0
001412_800AC0F70,0
001412_800B83340,0
001412_800BC09C0,0
001412_800BCB590,0
001412_800BEDBB0,0
001412_800C1D0E0,0
001412_800C28960,0
001412_800C2F700,0
001412_800C346A0,0
001412_800C46990,0
001412_800C4F5D0,0
001412_800C53060,0
001412_800CA4270,0
001412_800CD2160,0
001412_800CD5E00,0
001412_800CD6CA0,0
001412_800CE2690,0
001412_800CFC540,0
001412_800D4A540,0
001412_800D6E7E0,0
001412_800DD18A0,0
001412_800DD2A40,0
001412_800DE2770,0
001412_800DE5840,0
001412_800DEFE00,0
001412_800E14330,0
001412_800E86060,0
001412_800E9DFF0,0
001412_800EBD200,0
001412_800EE7B80,0
001412_800F46C30,0
001412_800F48C60,0
001412_800F9A1F0,0
001412_800FB1C20,0
001412_80116AFF0,0
001412_80116F930,0
001412_801176140,0
001412_8011A5990,0
001412_8011B0700,0
001412_80124D420,0
001412_801292E50,0
001412_8012AB330,0
001412_8012C44C0,0
001412_8012E7C30,0
001412_8012F6CC0,0
001412_8013238E0,0
001412_80133D230,0
001412_80136D530,0
001412_801440AF0,0
001412_801504B30,0
001412_80165FDA0,0
001412_80177CCF0,0
001412_8017890E0,0
001412_80182A020,0
001412_801836010,0
001412_801875B50,0
001412_80195C4A0,0
001412_8019FF110,0
001412_801A38370,0
001412_801A88930,0
001412_801BD00C0,0
001412_801C38310,0
001412_801CA6C20,0
001412_801F65440,0
001412_802087870,0
001412_802116EE0,0
001412_80224CAF0,0
001412_802462E80,0
001412_80248F7F0,0
001412_802934960,0
001412_80295B080,0
001412_802E46A00,0
001412_802EE4B70,0
001412_8032139A0,0
001412_8032194A0,0
001412_803281380,0
001412_803330490,0
001412_803462170,0
001412_8034ED6E0,0
001412_803713360,0
001412_8037AFC30,0
001412_803969740,0
001412_803AD7920,0
001412_803C66800,0
001412_803C9F130,0
001412_8043B4CF0,0
001412_80441B300,0
001412_80445FD20,0
001412_8044C83E0,0
001412_8048890A0,0
001412_804972F00,0
001412_804B01E50,0
001412_804E9E370,0
001412_804EA4200,0
001412_80509A7F0,0
001412_8051258C0,0
001412_805157560,0
001412_80515AE20,0
001412_80515B6B0,0
001412_8057E0F00,0
001412_805A36CA0,0
001412_805F99080,0
001412_806444910,0
001412_8064FDB10,0
001412_8066342D0,0
001412_80674DEA0,0
001412_806838030,0
001412_806C10A70,0
001412_806DCD700,0
001412_807CB2840,0
001412_8082E41F0,0
001412_808460940,0
001412_808544600,0
001412_8088B6330,0
001412_808B95CC0,0
001412_808D5F4E0,0
001412_808E97DE0,0
001412_809C411D0,0
001412_809FD93F0,0
001412_80A19E680,0
001412_80A385F80,0
001412_80AC16290,0
001412_80B1B9790,0
001412_80B2F3850,0
001412_80B623EE0,0
001412_80B8618B0,0
001412_80B9DA220,0
001412_80BD62800,0
001412_80BDD07E0,0
001412_80BF28C80,0
001412_80C382FD0,0
001412_80C804740,0
001412_80CA26630,0
001412_80DC322F0,0
001412_80DF448C0,0
001412_80E054BE0,0
001412_80E13F4F0,0
001412_80E6B8060,0
001412_80EB5EAB0,0
001412_80EF2BC10,0
001412_80F086030,0
001412_8104F2990,0
001412_8105C1560,0
001412_8109A1150,0
001412_81147CDC0,0
001412_8116D1320,0
001412_8118D8F60,0
001412_811A54E30,0
001412_811AA9E10,0
001412_81242B600,0
001412_812F2CC20,0
001412_813A32FF0,0
0014233_80557DCE0,0
0014233_805811970,0
0014233_805A2CFA0,0
0014233_805B03DC0,0
0014233_80644A9A0,0
0014233_806510100,0
0014233_80663F4D0,0
0014233_80695FC20,0
0014233_806982F10,0
0014233_8070DEBA0,0
0014233_80723A310,0
0014233_8079334F0,0
0014233_807A61A10,0
0014233_807AC1370,0
0014233_807D033D0,0
0014233_8085777C0,0
0014233_80860A5E0,0
0014233_8087207C0,0
0014233_80AB8F530,0
0014233_80AC08D00,0
0014233_80AF05500,0
0014233_80B63D440,0
0014233_80BB44C70,0
0014233_80D475930,0
0014233_80DCF5030,0
0014233_80E394E00,0
0014233_80E7A15F0,0
0014233_810FBEF80,0
0014233_81102B6F0,0
0014233_811044290,0
0014233_8116206C0,0
0014233_8118FB630,0
0014233_812652340,0
0014254_80218E050,0
0014254_805748C10,0
0014254_80582CFA0,0
0014254_805961910,0
0014254_8067BA430,0
0014254_80688E110,0
0014254_8068C6F70,0
0014254_8069D5BE0,0
0014254_806AC9C20,0
0014254_806C42DC0,0
0014254_8077B1E00,0
0014254_8078A7670,0
0014254_8078C8EE0,0
0014254_807939990,0
0014254_8079A9000,0
0014254_807D56EC0,0
0014254_8081C5B80,0
0014254_8084C3080,0
0014254_808606C00,0
0014254_808A4BBD0,0
0014254_8092D5AA0,0
0014254_80939A6A0,0
0014254_8094128A0,0
0014254_80954D9F0,0
0014254_80965CCE0,0
0014254_809842430,0
0014254_80ABFCFC0,0
0014254_80AF05980,0
0014254_80B9A9CF0,0
0014254_80B9E9F00,0
0014254_80BA7DCE0,0
0014254_80BAAEA90,0
0014254_80BAEAE90,0
0014254_80BC906F0,0
0014254_80C0D7550,0
0014254_80D1EC800,0
0014254_80DE19800,0
0014254_80DE21BE0,0
0014254_80EC251B0,0
0014254_80ECCD1C0,0
0014254_80F7F6510,0
0014254_8102E3B80,0
0014254_81106C070,0
0014254_811154210,0
0014254_811657500,0
0014254_81384F270,0
0014277_80580FC90,0
0014277_80580FCE0,0
0014277_80590C950,0
0014277_805EC2C00,0
0014277_806E824D0,0
0014277_807D08280,0
0014277_807FF18C0,0
0014277_80830B9C0,0
0014277_8088F97C0,0
0014277_809555500,0
0014277_80973E830,0
0014277_809884FF0,0
0014277_80A688FF0,0
0014277_80B2202C0,0
0014277_80BA80290,0
0014277_80BCD56A0,0
0014277_80C229F70,0
0014277_80C37B740,0
0014277_80C37C020,0
0014277_80DC69480,0
0014277_80DD4F480,0
0014277_80DE08260,0
0014277_80E0C0D70,0
0014277_80EBECD60,0
0014277_81028A0F0,0
0014277_8102F1520,0
0014277_810320000,0
0014277_810B34730,0
0014277_81102EE60,0
0014277_8118FD8E0,0
0014277_811A01860,0
0014277_811F4BD60,0
0014277_812228430,0
0014277_813F29720,0
0014329_80546BC90,0
0014329_8064505D0,0
0014329_806883770,0
0014329_806A403C0,0
0014329_80731C680,0
0014329_80731D100,0
0014329_80742ABF0,0
0014329_807614170,0
0014329_807752AB0,0
0014329_807830CA0,0
0014329_807937FC0,0
0014329_807B071D0,0
0014329_807CE1F20,0
0014329_808317E00,0
0014329_80832C8F0,0
0014329_8088C7CC0,0
0014329_808D036C0,0
0014329_8093C29F0,0
0014329_80943F7F0,0
0014329_80A882D70,0
0014329_80A8E4320,0
0014329_80ABAB100,0
0014329_80B9C13E0,0
0014329_80BB84270,0
0014329_80BD068B0,0
0014329_80D3CE5C0,0
0014329_80D9BDC00,0
0014329_80DA95FC0,0
0014329_80DCCC820,0
0014329_80DCE5DF0,0
0014329_80E790810,0
0014329_80E7A9FA0,0
0014329_81047BD10,0
0014329_810E1EC00,0
0014329_811053BE0,0
0014329_811AA45B0,0
0014329_8124A3930,0
0014329_813216890,0
0014387_805713DC0,0
0014387_8057C2350,0
0014387_805B89BE0,0
0014387_805C61130,0
0014387_8065FA080,0
0014387_8066FE780,0
0014387_806A05A70,0
0014387_806A3E8F0,0
0014387_806B77DE0,0
0014387_806C4D770,0
0014387_806E7A0B0,0
0014387_807096730,0
0014387_807196910,0
0014387_807434440,0
0014387_807A13610,0
0014387_808523440,0
0014387_80914F350,0
0014387_80923A870,0
0014387_8096DDE40,0
0014387_80A387610,0
0014387_80A7B2620,0
0014387_80A968170,0
0014387_80AEAB060,0
0014387_80AFD94F0,0
0014387_80B865B30,0
0014387_80C241680,0
0014387_80C7007A0,0
0014387_80CD4A6B0,0
0014387_80D43C450,0
0014387_80D4F6980,0
0014387_80D9B2AF0,0
0014387_80DE6EEF0,0
0014387_80F2BF250,0
0014387_80F7D0B30,0
0014387_8102A76E0,0
0014387_810B59A00,0
0014387_810E8FD40,0
0014387_81144A3D0,0
0014387_8121A64B0,0
0014387_812EEB0D0,0
0014387_8136668E0,0
0014387_813AA6230,0
0014387_813EF88D0,0
001457_80064DA00,0
001457_8008CD030,0
001457_8008F4520,0
001457_800936280,0
001457_800946CE0,0
001457_80094FAF0,0
001457_800A452F0,0
001457_800B29AD0,0
001457_800C2FA50,0
001457_800C60510,0
001457_800C60EF0,0
001457_800CC6610,0
001457_800D10E10,0
001457_800D35C10,0
001457_800D3E810,0
001457_800DBBC10,0
001457_800DCC1E0,0
001457_800DCF0D0,0
001457_800DD1AC0,0
001457_800E2D970,0
001457_800E91C40,0
001457_800F0ED30,0
001457_800F30480,0
001457_800F54050,0
001457_80100D180,0
001457_801086330,0
001457_8010A4170,0
001457_8010AFBF0,0
001457_801133160,0
001457_801174D30,0
001457_801285EB0,0
001457_80137DCA0,0
001457_801418A30,0
001457_80151EF00,0
001457_80152F0F0,0
001457_801560370,0
001457_80163E770,0
001457_8016F2860,0
001457_801704800,0
001457_801762C00,0
001457_801771BE0,0
001457_8017CF330,0
001457_801897770,0
001457_80196C290,0
001457_8019FC2F0,0
001457_801A67C80,0
001457_801A9C290,0
001457_801B785C0,0
001457_801BD58E0,0
001457_801D16820,0
001457_801DB5330,0
001457_801DB99F0,0
001457_801E84D80,0
001457_801F330C0,0
001457_80224BAB0,0
001457_8023F1380,0
001457_8024559C0,0
001457_8024B3E20,0
001457_802764580,0
001457_8027C1C40,0
001457_8029FAF50,0
001457_802AB28A0,0
001457_802AC3620,0
001457_802B3CA60,0
001457_802B79F60,0
001457_802C2E190,0
001457_802D64E30,0
001457_802E396D0,0
001457_802E87190,0
001457_8032B4320,0
001457_803579720,0
001457_8037ABD00,0
001457_803871920,0
001457_80388DAE0,0
001457_803B94840,0
001457_803C259E0,0
001457_803C920F0,0
001457_803CE2B70,0
001457_803D21100,0
001457_803F03CA0,0
001457_80419C560,0
001457_8043874D0,0
001457_8043AA6F0,0
001457_805087F50,0
001457_805158C40,0
001457_8051F3530,0
001457_8052231B0,0
001457_8056F85B0,0
001457_80592AD20,0
001457_805A86C60,0
001457_805B18E20,0
001457_805BB37F0,0
001457_805CC91E0,0
001457_8063D4E00,0
001457_806456D90,0
001457_8068AC7C0,0
001457_806A1F210,0
001457_8070F2F60,0
001457_80728A980,0
001457_8079474D0,0
001457_8079CEF70,0
001457_8079F47B0,0
001457_807A08D70,0
001457_807CA93F0,0
001457_8085806E0,0
001457_808834350,0
001457_8093FEE80,0
001457_809467F10,0
001457_809B3C230,0
001457_809F27C00,0
001457_80A440C20,0
001457_80A8D1C50,0
001457_80AAD5F80,0
001457_80AB87BE0,0
001457_80AED1760,0
001457_80B6CFB20,0
001457_80B6DE240,0
001457_80C122380,0
001457_80C62C030,0
001457_80C7AEDA0,0
001457_80CBDDC70,0
001457_80CD8FA70,0
001457_80D4E79B0,0
001457_80DA6C350,0
001457_80E00FD00,0
001457_80E0373F0,0
001457_80E3BF540,0
001457_81045FC90,0
001457_81189AAA0,0
001457_81242A1A0,0
001457_812460160,0
0014657_80574FB80,0
0014657_805759280,0
0014657_805B3DF10,0
0014657_8066ADDC0,0
0014657_80672B960,0
0014657_806E93BE0,0
0014657_8073408F0,0
0014657_807B09D30,0
0014657_807B1CD00,0
0014657_807B6F1B0,0
0014657_807B9C330,0
0014657_807BBA690,0
0014657_8089BEC90,0
0014657_8097633D0,0
0014657_8097C9930,0
0014657_80A0A3540,0
0014657_80A1ABAA0,0
0014657_80A65CBD0,0
0014657_80B37D790,0
0014657_80B52FC90,0
0014657_80B837130,0
0014657_80C2A7A00,0
0014657_80E07A3E0,0
0014657_80E754510,0
0014657_80E76BD60,0
0014657_80E76BD61,0
0014657_80ECBE710,0
0014657_80F2451F0,0
0014657_8105BB4B0,0
0014657_81113F2F0,0
0014657_81162EED0,0
0014657_811996D80,0
0014657_8141FF7E0,0
0014804_8056F62F0,0
0014804_8057226C0,0
0014804_80577B8E0,0
0014804_805B7A330,0
0014804_805CCBB40,0
0014804_805D26170,0
0014804_805F31310,0
0014804_806010750,0
0014804_80602CC40,0
0014804_806052F10,0
0014804_80625D920,0
0014804_8065C0780,0
0014804_806698470,1
0014804_8069859D0,0
0014804_807194D90,0
0014804_8077D7810,0
0014804_8077DF430,0
0014804_8077FDD40,0
0014804_8077FF340,0
0014804_807C9D1B0,0
0014804_8085617E0,0
0014804_80858FDD0,0
0014804_80870A020,0
0014804_808D09A80,0
0014804_8091F98E0,0
0014804_809787720,0
0014804_809B8FEA0,0
0014804_80A274DE0,0
0014804_80B618410,0
0014804_80B69F980,0
0014804_80C214D30,0
0014804_80CA77BB0,0
0014804_80CF9EF40,0
0014804_80D120A40,0
0014804_80D33D510,0
0014804_80D93F580,0
0014804_80DE71B10,0
0014804_80F828C60,0
0014804_8106E6610,0
0014804_810DF37A0,0
0014804_8124CA280,0
0014804_81332E7A0,0
0014804_8133EA2F0,0
0014804_813ACDC00,0
001501_800970080,0
001501_80097B4A0,0
001501_8009AB2B0,0
001501_8009B0A40,0
001501_8009DF4B0,0
001501_800A00050,0
001501_800A1A4D0,0
001501_800A1B610,0
001501_800A223D0,0
001501_800A2C220,0
001501_800AABEF0,0
001501_800AACB70,0
001501_800ABFD20,0
001501_800ACC3C0,0
001501_800AD82C0,0
001501_800ADBD10,0
001501_800AE0BC0,0
001501_800AE3EF0,0
001501_800AE9480,0
001501_800B37410,0
001501_800B672E0,0
001501_800B93DC0,0
001501_800B95A50,0
001501_800BE9AC0,0
001501_800BF8FE0,0
001501_800C09750,0
001501_800C70E10,0
001501_800C7C840,0
001501_800C831B0,0
001501_800CA34C0,0
001501_800CECCD0,0
001501_800D72760,0
001501_800D941A0,0
001501_800E040F0,0
001501_800E39B30,0
001501_800E3E720,0
001501_800ED3830,0
001501_80102E510,0
001501_801045340,0
001501_8011C6720,0
001501_8011CDBB0,0
001501_80132E550,0
001501_80134F590,0
001501_801406B90,0
001501_801408060,0
001501_80142BC30,0
001501_8014ACDF0,0
001501_801572200,0
001501_801593A70,0
001501_801812020,0
001501_80183F000,0
001501_801862840,0
001501_80190A790,0
001501_8019D0380,0
001501_801A04BB0,0
001501_801B31200,0
001501_801B3F9C0,0
001501_801C815D0,0
001501_801CA4CD0,0
001501_801DEEAE0,0
001501_801EE1F60,0
001501_801F1B200,0
001501_801F3A6E0,0
001501_801F53C30,0
001501_801F5AEF0,0
001501_801FA49E0,0
001501_801FD97F0,0
001501_801FF1990,0
001501_8020CACA0,0
001501_8020D0FD0,0
001501_802185590,0
001501_8024B3B30,0
001501_8024FDB20,0
001501_80256DE10,0
001501_80257FB60,0
001501_802733110,0
001501_80279DA70,0
001501_8028C32F0,0
001501_8028D8670,0
001501_8028DF120,0
001501_80299BAE0,0
001501_802CC21D0,0
001501_802CED0C0,0
001501_802DEC8F0,0
001501_8032856F0,0
001501_8033D69E0,0
001501_803549B00,0
001501_803A54040,0
001501_803D516D0,0
001501_803D76900,0
001501_8042DD7F0,0
001501_8043EEDC0,0
001501_805264FB0,0
001501_805580B80,0
001501_805E467F0,0
001501_8068DFBA0,0
001501_8069038B0,0
001501_806CA3A20,0
001501_806D24360,0
001501_806E82260,0
001501_807999BF0,0
001501_807A3F480,0
001501_807BF5FC0,0
001501_807C207C0,0
001501_80818EA90,0
001501_80847D8B0,0
001501_80850FB50,0
001501_8093C13B0,0
001501_80975E780,0
001501_80A696A70,0
001501_80AA0A110,0
001501_80B227060,0
001501_80B431D80,0
001501_80B644610,0
001501_80B7D6510,0
001501_80BA162B0,0
001501_80C8C7950,0
001501_80C90B8E0,0
001501_80D0575C0,0
001501_80D91C110,0
001501_80DCD6FB0,0
001501_80DCF7760,0
001501_80DD50E30,0
001501_80E6897F0,0
001501_810740860,0
001501_810F89B40,0
001501_8120FF9C0,0
001501_8121426B0,0
001501_81260F800,0
0015040_805A9B360,0
0015040_805B8BB80,0
0015040_806600CE0,0
0015040_8066A9940,0
0015040_8068B95B0,0
0015040_806A4D9F0,0
0015040_8070BCF10,0
0015040_807291430,0
0015040_8077F54F0,0
0015040_807ABB160,0
0015040_807AF9390,1
0015040_807D3FB10,0
0015040_807FEC940,0
0015040_8081443E0,0
0015040_808224AD0,0
0015040_808CDD910,0
0015040_808D5FE30,0
0015040_808D63880,0
0015040_808FFA150,0
0015040_80904B250,0
0015040_8091EF3E0,0
0015040_809B0E1E0,0
0015040_809B6AA70,0
0015040_809C37FF0,0
0015040_809C48230,0
0015040_809C5A000,0
0015040_809F896D0,0
0015040_809FD1E30,0
0015040_80A3BD0D0,0
0015040_80A573EC0,0
0015040_80A591490,0
0015040_80A5970C0,0
0015040_80AE00510,0
0015040_80AE1D4E0,0
0015040_80B385090,0
0015040_80B3EA050,0
0015040_80BB1F760,0
0015040_80BDA3500,0
0015040_80BDD3DC0,0
0015040_80BE35150,0
0015040_80C2B4C80,0
0015040_80D035140,0
0015040_80D177190,0
0015040_80E2FD270,0
0015040_80E3DF450,0
0015040_80ECC8EE0,0
0015040_80EE6C230,0
0015040_80F28FC00,0
0015040_80F510150,0
0015040_80FDE3D20,0
0015040_8106B9D30,0
0015040_81147C860,0
0015040_8117B54A0,0
0015040_81217CA20,0
0015040_812AC4070,0
0015040_812C841E0,0
0015040_81301F7C0,0
0015040_8136035E0,0
0015040_813632F80,0
0015040_813C18040,0
0015085_805BA4300,0
0015085_805BA5A80,0
0015085_805ED4970,0
0015085_80685B9A0,0
0015085_806D13A20,0
0015085_806D9F4B0,0
0015085_806FC1270,0
0015085_8072747E0,0
0015085_8078F3E70,0
0015085_8079D5CB0,0
0015085_807DC7790,0
0015085_807FBFF00,0
0015085_8080CF840,0
0015085_8089AA740,0
0015085_808A34550,0
0015085_808AD9AF0,0
0015085_808D68320,0
0015085_808FE48C0,0
0015085_80909AED0,0
0015085_80A154600,0
0015085_80AB6C420,0
0015085_80B271550,0
0015085_80B2AE5E0,0
0015085_80B2CFD80,0
0015085_80B332500,0
0015085_80B7E0210,0
0015085_80BE27890,0
0015085_80BE38840,0
0015085_80C440800,0
0015085_80D1822E0,0
0015085_80D1C0DA0,0
0015085_80E1BEB30,0
0015085_80FE2FA60,0
0015085_80FFF2F80,0
0015085_81038DE90,0
0015085_8106194E0,0
0015085_810B6F7D0,0
0015085_81120BBF0,0
0015085_81146C550,0
0015085_8139FD140,0
0015085_813DF5550,0
0015447_805A4AE70,0
0015447_805AADA00,0
0015447_805BA7D80,0
0015447_805EC9660,0
0015447_8061A1960,0
0015447_806A3CBD0,0
0015447_806C76670,0
0015447_8070F1A70,0
0015447_807307120,0
0015447_807DBF800,0
0015447_807EABBA0,0
0015447_8080776B0,0
0015447_808206430,0
0015447_80855BD50,0
0015447_808BCF3E0,0
0015447_809148360,0
0015447_809725900,0
0015447_809A85A10,0
0015447_809AF75E0,0
0015447_80A265280,0
0015447_80A62DBD0,0
0015447_80ACA9A10,0
0015447_80AE74170,0
0015447_80B3B2A80,0
0015447_80B6E3F40,0
0015447_80C09CC00,0
0015447_80C2B57C0,0
0015447_80C823460,0
0015447_80D39FC90,0
0015447_80D4AFD60,0
0015447_80E5909B0,0
0015447_810753A10,0
0015447_8124EA3D0,0
0015447_8128130E0,0
0015447_812868A80,0
0015447_812EB7510,0
0015447_813511330,0
0015625_805B0CD60,0
0015625_805CDA040,0
0015625_805EAAC30,0
0015625_805F94D60,0
0015625_806265090,0
0015625_80663BEB0,0
0015625_8066C1140,0
0015625_8066F1B40,0
0015625_8066F9DE0,0
0015625_806A20E70,0
0015625_806C85550,0
0015625_8079524A0,0
0015625_807DC8CB0,0
0015625_80858A9D0,0
0015625_808786200,0
0015625_808855BA0,0
0015625_8089AE930,0
0015625_808CDE5B0,0
0015625_808DEDBE0,0
0015625_808E79C00,0
0015625_809BBD580,0
0015625_80A04BC70,0
0015625_80A754830,0
0015625_80AA7A2F0,0
0015625_80AD480B0,0
0015625_80B3AE2E0,0
0015625_80B3BD3D0,0
0015625_80B3D3EB0,0
0015625_80B7A39F0,0
0015625_80BC122E0,0
0015625_80BE56980,0
0015625_80C77B450,0
0015625_80C7D7960,0
0015625_80CBA7190,0
0015625_80CD84200,0
0015625_80CF02B70,0
0015625_80DB20820,0
0015625_80DCBD400,0
0015625_80DF2BD10,0
0015625_80DF7C5A0,0
0015625_80E3F7D70,0
0015625_80F085670,0
0015625_80F964BF0,0
0015625_810DC4420,0
0015625_810F11470,0
0015625_81173FE50,0
0015625_812A48E60,0
0015625_812EE9DE0,0
0015625_81305AB40,0
0015625_813571260,0
0015625_813BE9EA0,0
0015695_805B318E0,0
0015695_805B69060,0
0015695_805CBD220,0
0015695_805FA92A0,0
0015695_806270830,0
0015695_8065F00A0,0
0015695_8066A52C0,0
0015695_8067737A0,0
0015695_8068929F0,0
0015695_806D16CB0,0
0015695_806E74150,0
0015695_807272FF0,0
0015695_8079C5380,0
0015695_807F09D20,0
0015695_8081ECC90,0
0015695_808B45620,0
0015695_809C29690,0
0015695_809C77530,0
0015695_80A048380,0
0015695_80A168BC0,0
0015695_80A56ACA0,0
0015695_80A58D0F0,0
0015695_80AA797A0,0
0015695_80AE8A010,0
0015695_80AE8EFC0,0
0015695_80B1B7060,0
0015695_80B3B7C50,0
0015695_80B4DF330,0
0015695_80B614260,0
0015695_80B6F2080,0
0015695_80BF5ED30,0
0015695_80C058940,0
0015695_80C0DBB50,0
0015695_80C2B53B0,0
0015695_80C8108A0,0
0015695_80DD6F250,0
0015695_80E4377E0,0
0015695_80E662A00,0
0015695_80EBB38D0,0
0015695_80EF834E0,0
0015695_80F296750,0
0015695_80F2C7670,0
0015695_80F8CB820,0
0015695_80F978040,0
0015695_8108A1A40,0
0015695_811784BB0,0
0015695_811A60960,0
0015695_812B0F480,0
0015747_805B87010,0
0015747_805B9F450,0
0015747_8063EB8A0,0
0015747_8064E7E40,0
0015747_806A393C0,0
0015747_806A55840,0
0015747_806D3A070,0
0015747_806D44DE0,0
0015747_806F1F8A0,0
0015747_806FE7140,0
0015747_8070CE300,0
0015747_8075ECF70,0
0015747_8076C0E50,0
0015747_8079B59F0,0
0015747_807F13580,0
0015747_8083D9960,0
0015747_808718490,0
0015747_80893A020,0
0015747_808BDDFF0,0
0015747_808EB63E0,0
0015747_8091E4430,0
0015747_8091FB190,0
0015747_809B7FBA0,0
0015747_809BB8F40,0
0015747_80AE83250,0
0015747_80AE84430,0
0015747_80B49CB60,0
0015747_80B4BAF10,0
0015747_80BBE5CF0,0
0015747_80BD72890,0
0015747_80BDAD3F0,0
0015747_80C033F80,0
0015747_80C30D4C0,0
0015747_80D0DFC50,0
0015747_80D2CE130,0
0015747_80D4006F0,0
0015747_80D4C5EB0,0
0015747_80DCB5000,0
0015747_80DF3B870,0
0015747_80DFFE080,0
0015747_80E662C20,0
0015747_80E6C1DB0,0
0015747_80EBB4E90,0
0015747_80F6E14C0,0
0015747_80FE820D0,0
0015747_810E62A80,0
0015747_811475DB0,0
0015747_8117251B0,0
0015747_8118B2550,0
0015747_811E73A30,0
0015747_81217A1D0,0
0015747_812449060,0
0015747_8124F7840,0
0015747_812700800,0
0015747_812DCC0D0,0
0015750_805DEEE70,0
0015750_806889580,0
0015750_8069AD360,0
0015750_8069DBB40,0
0015750_806FE8C30,0
0015750_8078AD410,0
0015750_80791A970,0
0015750_807A91B00,0
0015750_807AC7D20,0
0015750_80848C4C0,0
0015750_808603010,0
0015750_808A3FE40,0
0015750_808F13070,0
0015750_80936B130,0
0015750_8094177E0,0
0015750_80A1C7EF0,0
0015750_80A3A9560,0
0015750_80A790F90,0
0015750_80AF479F0,0
0015750_80B367C30,0
0015750_80B9B4F20,0
0015750_80D1EF9D0,0
0015750_80D23FA00,0
0015750_80D53E030,0
0015750_80DC93930,0
0015750_80DDF8AC0,0
0015750_80E4D8F80,0
0015750_80E6EF250,0
0015750_80F941180,0
0015750_8109522E0,0
0015750_810E164C0,0
0015750_810F58980,0
0015750_8115EEEA0,0
0015750_811608590,0
0015750_811B0DD50,0
0015750_8128B7A20,0
0015768_805D0E310,0
0015768_805D24830,0
0015768_805D24BC0,0
0015768_805FA2E20,0
0015768_8062BABA0,0
0015768_8063BA4D0,0
0015768_806FA6590,0
0015768_807128170,0
0015768_80738D130,0
0015768_807838DA0,0
0015768_807D13180,0
0015768_807DD32B0,0
0015768_807F7A6A0,0
0015768_808069930,0
0015768_8081DFB00,0
0015768_80857C020,0
0015768_8098B84C0,0
0015768_809C60DC0,0
0015768_809FC2140,0
0015768_80AC4EF10,0
0015768_80AEB0680,0
0015768_80AEBE1C0,0
0015768_80B0A1D70,0
0015768_80C43EA10,0
0015768_80C802300,0
0015768_80CBB89B0,0
0015768_80D1A2920,0
0015768_80D524240,0
0015768_80DBCAB60,0
0015768_80DD90340,0
0015768_80E266060,0
0015768_80E5990D0,0
0015768_80E7A0970,0
0015768_80ECD9550,0
0015768_80F291250,0
0015768_80FA4EB50,0
0015768_8100B8F80,0
0015768_8102ACD10,0
0015768_810466760,0
0015768_8104A2080,0
0015768_81148C680,0
0015768_811D902F0,0
0015768_81269AAF0,0
0015768_8132F72A0,0
0016535_806026B00,0
0016535_806216740,0
0016535_80640A1D0,0
0016535_80657FD40,0
0016535_8065FF000,0
0016535_80673E9C0,0
0016535_80709E960,0
0016535_807204160,0
0016535_807275FD0,0
0016535_8073390B0,0
0016535_8073E4300,0
0016535_8075BABA0,0
0016535_8078FBC50,0
0016535_807D716A0,0
0016535_807DAC150,0
0016535_807FEDE80,0
0016535_80822D810,0
0016535_808757510,0
0016535_808AA68C0,0
0016535_808C22030,0
0016535_808D3C450,0
0016535_808D61070,0
0016535_808EDEE40,0
0016535_808F20BB0,0
0016535_80923CA50,0
0016535_809751770,0
0016535_809909920,0
0016535_809B106F0,0
0016535_809FC6E50,0
0016535_80A029590,0
0016535_80A4039F0,0
0016535_80A52A790,0
0016535_80A53A450,0
0016535_80AB6B880,0
0016535_80AE94670,0
0016535_80B12C2D0,0
0016535_80B592BD0,0
0016535_80B617220,0
0016535_80BA6ABF0,0
0016535_80BEB01C0,0
0016535_80C0BA8B0,0
0016535_80C2567F0,0
0016535_80D0C9E10,0
0016535_80D3C8330,0
0016535_80D656070,0
0016535_80DA3FEF0,0
0016535_80DC1A710,0
0016535_80E7EDA70,0
0016535_80EC738E0,0
0016535_80EE3F7E0,0
0016535_80F7627F0,0
0016535_80FC0D990,0
0016535_811F7EED0,0
0016535_8122EFFA0,0
0016535_8126B2E20,0
0016535_812C7F830,0
0016535_812D30580,0
0016535_813696EF0,0
001655_800A1E4C0,0
001655_800A286C0,0
001655_800A2A760,0
001655_800A96CF0,0
001655_800AA2170,0
001655_800AA3AF0,0
001655_800AADDE0,0
001655_800B5F7C0,0
001655_800B6F2F0,0
001655_800B70100,0
001655_800B87B40,0
001655_800BD15C0,0
001655_800BF9520,0
001655_800C7EB90,0
001655_800CA8810,0
001655_800CC7FD0,0
001655_800CC8570,0
001655_800D1A330,0
001655_800D5B730,0
001655_800D851A0,0
001655_800DA82D0,0
001655_800E1F1A0,0
001655_800E24EB0,0
001655_800E3BA80,0
001655_800E77460,0
001655_800F20B90,0
001655_800FE2D60,0
001655_80102A240,0
001655_80105B170,0
001655_8010D1180,0
001655_80129F050,0
001655_80136A030,0
001655_80139D9B0,0
001655_801424630,0
001655_8014A9710,0
001655_8014D5EA0,0
001655_8014D6090,0
001655_8014F3130,0
001655_801534FB0,0
001655_801558490,0
001655_8015A16F0,0
001655_8015C3700,0
001655_801675DF0,0
001655_8017B43E0,0
001655_8017E1B70,0
001655_80180B630,0
001655_801814E10,0
001655_80185F330,0
001655_801860520,0
001655_801884470,0
001655_8018DB590,0
001655_8018FD900,0
001655_801B2B940,0
001655_801BABA30,0
001655_801BBE020,0
001655_801BC0580,0
001655_801C05730,0
001655_801C5E830,0
001655_801D5C260,0
001655_801DFF9E0,0
001655_801E5A100,0
001655_801F000E0,0
001655_801F0C130,0
001655_801FC77D0,0
001655_80203A200,0
001655_80207FE30,0
001655_802097140,0
001655_8021C36E0,0
001655_802205440,0
001655_802336C10,0
001655_8023B1230,0
001655_80240FC30,0
001655_80253C5C0,0
001655_8025C3E10,0
001655_8026125A0,0
001655_80263B430,0
001655_8027879F0,0
001655_802828310,0
001655_80296EFB0,0
001655_802991710,0
001655_802A7CE40,0
001655_802B4E550,0
001655_802D0C720,0
001655_802DA9020,0
001655_802DD92B0,0
001655_802F045D0,0
001655_802F4E2C0,0
001655_8031A9CA0,0
001655_8031C3F00,0
001655_8031CF170,0
001655_803209230,0
001655_803BAE530,0
001655_803C107F0,0
001655_803EAF670,0
001655_8041C6380,0
001655_805133130,0
001655_80527B1F0,0
001655_8052D5230,0
001655_80574F830,0
001655_80581A6A0,0
001655_805833BB0,0
001655_805F07230,0
001655_8060556D0,0
001655_806807540,0
001655_80687F1B0,0
001655_8068A71D0,0
001655_8068D0680,0
001655_806C0EE10,0
001655_806C3C3A0,0
001655_807641720,0
001655_8078C3780,0
001655_807B565B0,0
001655_8080A1B10,0
001655_808188240,0
001655_80ACB87E0,0
001655_80B1B57C0,0
001655_80B4E2490,0
001655_80B8CD880,0
001655_80B97C180,0
001655_80C381000,0
001655_80D35BB30,0
001655_80D545930,0
001655_80D891CE0,0
001655_80DD68610,0
001655_80DDF7A30,0
001655_80DE48C90,0
001655_80E3C0DA0,0
001655_80EBF14E0,0
001655_80F242D30,0
001655_80F363ED0,0
001655_8102F5960,0
001655_8124CE0C0,0
001655_81273C180,0
001655_812B1DFF0,0
0016606_8062C8F50,0
0016606_8064545E0,0
0016606_806570B20,0
0016606_8069F3BA0,0
0016606_806A850A0,0
0016606_806D569A0,0
0016606_80709C000,0
0016606_8070C8080,0
0016606_807290750,0
0016606_807C80120,0
0016606_8081A5AD0,0
0016606_8088F3990,0
0016606_808A6B160,0
0016606_808D15020,0
0016606_808E03910,0
0016606_8091C2560,0
0016606_809CAEAB0,0
0016606_809F239B0,0
0016606_809FCB660,0
0016606_80A039450,0
0016606_80A328640,0
0016606_80A3CCE30,0
0016606_80A402680,0
0016606_80A522B60,0
0016606_80A64E550,0
0016606_80A8268B0,0
0016606_80A837060,0
0016606_80AB548A0,0
0016606_80B42EB70,0
0016606_80B616990,0
0016606_80BAEC100,0
0016606_80C0DBBA0,0
0016606_80C3575D0,0
0016606_80D2C8A40,0
0016606_80D370300,0
0016606_80D43EFD0,0
0016606_80DE9ECE0,0
0016606_80E14EFF0,0
0016606_80E3DEF60,0
0016606_80E89CD00,0
0016606_80EF574D0,0
0016606_80EFF2F10,0
0016606_80FCAC1E0,0
0016606_80FEFA970,0
0016606_81044D2A0,0
0016606_81074DE90,0
0016606_810CB57F0,0
0016606_810DA5720,0
0016606_810DED4F0,0
0016606_810EF66A0,1
0016606_8110CC490,0
0016606_8123C8FF0,0
0016606_812822360,0
0016606_812BD73C0,0
0016606_813910530,0
001665_800B3DEC0,0
001665_800B86650,0
001665_800B995F0,0
001665_800C35BE0,0
001665_800C78680,0
001665_800D56AB0,0
001665_800D57C80,0
001665_800D80710,0
001665_800D88660,0
001665_800D9CBE0,0
001665_800DA9510,0
001665_800E67F20,0
001665_800EA20D0,0
001665_800EAEF70,0
001665_800EC91B0,0
001665_800ECA530,0
001665_800ECE890,0
001665_800EE07E0,0
001665_801041EF0,0
001665_8010F8970,0
001665_8010FD210,0
001665_8010FD8B0,0
001665_8011C5450,0
001665_8011FA410,0
001665_80126C790,0
001665_8014B0720,0
001665_8014BDCE0,0
001665_8016389C0,0
001665_80167E1A0,0
001665_8016DC140,0
001665_80178F500,0
001665_8018C00B0,0
001665_8019B4A60,0
001665_801ACF2D0,0
001665_801B0E9C0,0
001665_801B83AF0,0
001665_801BE76A0,0
001665_801C602A0,1
001665_801C99DE0,0
001665_801CB1C50,0
001665_801DD2B40,0
001665_801F50240,0
001665_801FA4F20,0
001665_801FD0DC0,0
001665_801FD21C0,0
001665_80209CDA0,0
001665_8020D99C0,0
001665_8020EF6C0,0
001665_802122AB0,0
001665_8022E7800,0
001665_8022F6530,0
001665_80238ECD0,0
001665_8023B8890,0
001665_8023B8891,0
001665_802579690,0
001665_8025C0E40,0
001665_8025CB0C0,0
001665_8026655C0,0
001665_8026D6820,0
001665_802886B70,0
001665_802957D90,0
001665_802A8DB80,0
001665_802BB3190,0
001665_802C99880,0
001665_802DC41D0,0
001665_802DE79E0,0
001665_802EA3AB0,0
001665_802F06650,0
001665_80319BB30,0
001665_8031A2D70,0
001665_80326A9E0,0
001665_8033289C0,1
001665_8033BD2B0,0
001665_803B30710,0
001665_803C23CB0,0
001665_803E802D0,0
001665_804A6DE30,0
001665_80505F5C0,0
001665_80506F560,0
001665_80513E580,0
001665_80526F8E0,0
001665_80533E240,0
001665_8053A37A0,0
001665_805AD3540,0
001665_80687D100,0
001665_8069225E0,0
001665_8069960A0,0
001665_806E56560,0
001665_807AC9A70,0
001665_807B6D090,0
001665_8081D2090,0
001665_8088DDA20,0
001665_808A55920,0
001665_808F14550,0
001665_8093758E0,0
001665_809B851D0,0
001665_80A37EA00,0
001665_80A883200,0
001665_80AB8EDC0,0
001665_80ABAB460,0
001665_80B5F6C30,0
001665_80B6E5C80,0
001665_80D3BD360,0
001665_80DAB0FA0,0
001665_80DF56140,0
001665_80E4E1100,0
001665_80F363B90,0
001665_8102871D0,0
001665_81166BFD0,0
001665_811D074C0,0
001669_800A2FB00,0
001669_800A354F0,0
001669_800AB8C50,0
001669_800AD9CF0,0
001669_800B49110,0
001669_800B4C980,0
001669_800B8E4E0,0
001669_800B97410,0
001669_800BA0D40,0
001669_800BCCC80,0
001669_800BEB280,0
001669_800C734B0,0
001669_800C938C0,0
001669_800CF0910,0
001669_800D44290,0
001669_800D4D930,0
001669_800D62280,0
001669_800D89790,0
001669_800E68220,0
001669_800E77D00,0
001669_800E7A7E0,0
001669_800FD2F50,0
001669_801051330,0
001669_801141650,0
001669_80121A6F0,0
001669_8012598A0,0
001669_80126CD40,0
001669_801299650,0
001669_801299880,0
001669_8012E8170,0
001669_801306300,0
001669_801352130,0
001669_8014A1200,0
001669_8014AE020,0
001669_8014EA6C0,0
001669_8014F35E0,0
001669_801519400,0
001669_8015481A0,0
001669_8015A6A90,0
001669_8016FA9E0,0
001669_8018C5050,0
001669_8018CBE20,0
001669_8018F60E0,0
001669_801912570,0
001669_801B2CE70,0
001669_801B46CD0,0
001669_801B9B320,0
001669_801B9E3A0,0
001669_801C55FD0,0
001669_801C624B0,0
001669_801CC90A0,0
001669_801DDB9E0,0
001669_801E0CAE0,0
001669_801E55970,0
001669_801E82790,0
001669_801EE8340,0
001669_801F1F010,0
001669_801F38910,0
001669_801FC4C00,0
001669_801FCC9D0,0
001669_801FF6F60,0
001669_8020A6620,0
001669_8020EFB40,0
001669_8020FC0C0,0
001669_802125330,0
001669_8021A5E50,0
001669_8021DE480,0
001669_8023A4A60,0
001669_8024D03A0,0
001669_80257AAC0,0
001669_80257E900,0
001669_8025E8AA0,0
001669_802609BB0,0
001669_8026354E0,0
001669_802657A70,0
001669_80266ECF0,0
001669_80271AD20,0
001669_8028AA3B0,0
001669_80294C950,0
001669_802972470,0
001669_802BD7A90,0
001669_802C0DA60,0
001669_802CEAEF0,0
001669_802D00850,0
001669_802D50460,0
001669_802EFD880,0
001669_803128800,0
001669_803224200,0
001669_803239480,0
001669_803275870,0
001669_803EAF010,0
001669_8048FEE90,0
001669_8067D0690,0
001669_806810B20,0
001669_80681EC30,0
001669_806C360C0,0
001669_8072359B0,0
001669_807454740,0
001669_8078787B0,0
001669_8078A1AC0,0
001669_807B34C80,0
001669_807D58560,0
001669_80803C0D0,0
001669_80808BCF0,0
001669_808481740,0
001669_80890BE50,0
001669_809A56750,0
001669_809B8C300,0
001669_80A004A20,0
001669_80AB8E8E0,0
001669_80AF0C8A0,0
001669_80B485110,0
001669_80B8490B0,0
001669_80B946640,0
001669_80B9E2D50,0
001669_80C0A4990,0
001669_80C0A6920,0
001669_80C2877D0,0
001669_80D7692C0,0
001669_80DA9AAB0,0
001669_80DF2FE40,0
001669_80E366040,0
001669_80E3EF160,0
001669_80E652750,0
001669_80E66B4B0,0
001669_810E702D0,0
001669_810F408F0,0
001669_81164D780,0
001669_811961230,0
001669_81248FB80,0
001669_8132217D0,0
0016733_806460AF0,0
0016733_8066CF510,0
0016733_8066CF560,0
0016733_8067534A0,0
0016733_8068501C0,0
0016733_806D9F9F0,0
0016733_80758A3E0,0
0016733_807E31C90,0
0016733_80845CBE0,0
0016733_8084FE230,0
0016733_808666A90,0
0016733_808C90840,0
0016733_808D4B5B0,0
0016733_80978AB10,0
0016733_809B93590,0
0016733_809F84E90,0
0016733_809FAFF40,0
0016733_80AA66C10,0
0016733_80BC9B340,0
0016733_80BECFA60,0
0016733_80CEF8410,0
0016733_80D021E30,0
0016733_80DD2F1B0,0
0016733_80E145480,0
0016733_80E4A49D0,0
0016733_80F96D7B0,0
0016733_8100B97F0,0
0016733_81038B6B0,0
0016733_8103A2BD0,0
0016733_81164DEF0,0
0016733_81180E010,0
0016733_8118B2E60,0
0016733_812444020,0
0016733_81323F560,0
001686_8004169F0,0
001686_8009C12D0,0
001686_800A5B3E0,0
001686_800A6F850,0
001686_800A9A9C0,0
001686_800A9AA10,0
001686_800ACA450,0
001686_800B056D0,0
001686_800BC5380,0
001686_800BDCB30,0
001686_800C58480,0
001686_800CD1050,0
001686_800D3D080,0
001686_800D3D990,0
001686_800D7AEF0,0
001686_800D98D50,0
001686_800DB4A00,0
001686_800DB5910,0
001686_800DE23E0,0
001686_800E957C0,0
001686_800F4DF30,0
001686_8010A6930,0
001686_8010A77C0,0
001686_8010AA710,0
001686_8010AC000,0
001686_8010D60E0,0
001686_8011146C0,0
001686_801135000,0
001686_80119F3C0,0
001686_8011B3530,0
001686_8011E62A0,0
001686_8011E8B10,0
001686_801273760,0
001686_8012A2BD0,0
001686_8012E4100,0
001686_8012F41A0,0
001686_801341F20,0
001686_801342510,0
001686_80135CFF0,0
001686_80145A070,0
001686_801470A70,0
001686_8015691A0,0
001686_80161E520,0
001686_8016A6F40,0
001686_8016E1F40,0
001686_801724960,0
001686_801778C50,0
001686_8017C07B0,0
001686_8018028F0,0
001686_8018754D0,0
001686_801892A00,0
001686_8019EAB50,0
001686_801B637C0,0
001686_801CED2B0,0
001686_801E54700,0
001686_801E88E80,0
001686_801F80010,0
001686_80221C490,0
001686_80225FCA0,0
001686_8022CAF00,0
001686_802391AB0,0
001686_8023E1FB0,0
001686_8024B7CB0,0
001686_80268B4B0,0
001686_8029FFC00,0
001686_802B602C0,0
001686_802C45DB0,0
001686_802C4A750,0
001686_802C936F0,0
001686_802DBCA30,0
001686_8030D5950,0
001686_803176960,0
001686_803295280,0
001686_8032A3900,0
001686_80357A4C0,0
001686_803704A80,0
001686_803746A40,0
001686_803D53C70,0
001686_803E378D0,0
001686_8041BAED0,0
001686_8045C4EC0,0
001686_804D2B0D0,0
001686_804E09F20,0
001686_804E09F21,0
001686_805159D70,0
001686_805183480,0
001686_80579B1C0,0
001686_805A9A0A0,0
001686_805AE7900,0
001686_805AEE190,0
001686_806208660,0
001686_806407300,0
001686_8064EC8E0,0
001686_806CE2F00,0
001686_807379C10,0
001686_80766BCC0,0
001686_807A69270,0
001686_807B87D80,0
001686_807CBE300,0
001686_808512EB0,0
001686_808582C90,0
001686_808630340,0
001686_8086E7110,0
001686_8086FADF0,0
001686_808EB9A70,0
001686_809EF72C0,0
001686_809FAA580,0
001686_809FC2DC0,0
001686_80A062940,0
001686_80A3150E0,0
001686_80AB542E0,0
001686_80AE0F6F0,0
001686_80AE57710,0
001686_80AEC1DB0,0
001686_80B3F5FD0,0
001686_80B5577B0,0
001686_80BC2CAF0,0
001686_80BE804F0,0
001686_80C112D50,0
001686_80C24E220,0
001686_80D28DE00,0
001686_80D95AE60,0
001686_80DA2CEC0,0
001686_80E408330,0
001686_80E4B3FA0,0
001686_80F63A0D0,0
001686_80FE8EAB0,0
001686_80FF2DD50,0
001686_81118EE40,0
001686_812C5D060,0
001686_813609A90,0
0017174_8063F1170,0
0017174_80656D7D0,0
0017174_8067989F0,0
0017174_8069A82E0,0
0017174_807295950,0
0017174_80783BD60,0
0017174_807866E20,0
0017174_8078864E0,0
0017174_807B0A570,0
0017174_807C04E20,0
0017174_80809B540,0
0017174_80823EDB0,0
0017174_808317BD0,0
0017174_8089527D0,0
0017174_80898F620,0
0017174_8093A8F00,0
0017174_809BEB7E0,0
0017174_80A346C00,0
0017174_80A65C150,0
0017174_80B63B680,0
0017174_80B998910,0
0017174_80BABF740,0
0017174_80BB5A0D0,0
0017174_80E2EEBF0,0
0017174_810975D60,0
0017174_810F44A10,0
0017174_8127108A0,0
0017174_812792B60,0
0017174_812904610,0
0017174_812E9AA00,0
0017174_813FD4100,0
0017246_8065ED5E0,0
0017246_806686140,0
0017246_806A7E010,0
0017246_8070DC740,0
0017246_8070E3580,0
0017246_8075EABA0,0
0017246_8079E7ED0,0
0017246_8079F5800,0
0017246_807A67AD0,0
0017246_807CF1150,0
0017246_807D8CDD0,0
0017246_808057B20,0
0017246_808A71030,0
0017246_808ED3620,0
0017246_808FED720,0
0017246_80936D120,0
0017246_80AC91BE0,0
0017246_80AEBCE10,0
0017246_80AEC80B0,0
0017246_80B162AE0,0
0017246_80BD5B240,0
0017246_80C0A1960,0
0017246_80C9020A0,0
0017246_80D0E4BE0,0
0017246_80D2D9C70,0
0017246_80D3379E0,0
0017246_80D524520,0
0017246_80DF5C6F0,0
0017246_80E165980,0
0017246_80EBAE880,0
0017246_80EC7E070,0
0017246_80F0B7520,0
0017246_81040DEB0,0
0017246_811C23110,0
0017246_811CE8070,0
0017246_81215A880,0
0017246_812173160,0
0017246_8124668A0,0
0017246_8126B80C0,0
0017246_8135C95E0,0
0017246_813C555E0,0
0017400_806579DC0,0
0017400_8066337B0,0
0017400_8067481D0,0
0017400_80677D880,0
0017400_806990670,0
0017400_8069FE320,0
0017400_806A56EB0,0
0017400_806D188B0,0
0017400_8070E2970,0
0017400_8072CB530,0
0017400_8072DD8A0,0
0017400_80743ED10,0
0017400_807ABF270,0
0017400_807D32CD0,0
0017400_8087079C0,0
0017400_808FC9810,0
0017400_8091D30B0,0
0017400_809BB6E70,0
0017400_809F27880,0
0017400_809FC4900,0
0017400_809FE4750,0
0017400_80ACC87F0,0
0017400_80BC12240,0
0017400_80BD5BF20,0
0017400_80C22E720,0
0017400_80CE68B60,0
0017400_80D15E900,0
0017400_80D440100,0
0017400_80D4F5390,0
0017400_80D7C7800,0
0017400_80D8A52A0,0
0017400_80E106070,0
0017400_80E5D7350,0
0017400_80E61F660,0
0017400_80F23EE50,0
0017400_8113F0F00,0
0017400_811746B00,0
0017400_8118CBA00,0
0017400_811EB5F80,0
0017400_812F0CA00,0
0017400_81318CDA0,0
0017400_813AA6560,0
0017400_813B1CE90,0
0017401_8074252D0,0
0017401_8076609B0,0
0017401_807828850,0
0017401_8078E51C0,0
0017401_807C8E560,0
0017401_807EBFEC0,0
0017401_80894F5B0,0
0017401_808F0BFB0,0
0017401_80948F990,0
0017401_809931C40,0
0017401_809C0A8E0,0
0017401_809C5FB90,0
0017401_809FDBAD0,0
0017401_80A0F79A0,0
0017401_80A1682C0,0
0017401_80A56A750,0
0017401_80A7575D0,0
0017401_80AAE56C0,0
0017401_80AEC25C0,0
0017401_80AF39FC0,0
0017401_80AF72DE0,0
0017401_80B3B9FF0,0
0017401_80B4C5060,0
0017401_80B4C7980,0
0017401_80B82D240,0
0017401_80BFE8DE0,0
0017401_80D009F50,0
0017401_80D183BD0,0
0017401_80DAE9360,0
0017401_80E151820,0
0017401_8100B8940,0
0017401_8104CC7A0,0
0017401_8106DA1B0,0
0017401_8106E7660,0
0017401_810E42E60,0
0017401_810E4F970,0
0017401_81179FD80,0
0017401_81334FEC0,0
0017401_8138719B0,0
0017401_81419E7B0,0
0017708_806D0A930,0
0017708_806D48A40,0
0017708_807582F50,0
0017708_807D20100,0
0017708_8081A9410,0
0017708_80833FA60,0
0017708_8086C45E0,0
0017708_808792AF0,0
0017708_8091E3330,0
0017708_80A7544D0,0
0017708_80B0D9510,0
0017708_80B4304A0,0
0017708_80B45FFF0,0
0017708_80B57E7A0,0
0017708_80BE55210,0
0017708_80C0C26F0,0
0017708_80C2BB670,0
0017708_80C343D70,0
0017708_80C541DD0,0
0017708_80C7FA440,0
0017708_80C819F10,0
0017708_80CD039D0,0
0017708_80CD41030,0
0017708_80CE686F0,0
0017708_80D002D60,0
0017708_80D54DA60,0
0017708_80DE739D0,0
0017708_80E076640,0
0017708_80E566CC0,0
0017708_80F9CE510,0
0017708_80FBCD9E0,0
0017708_8114841C0,0
0017708_81303D2A0,0
0017708_8130B4220,0
0017708_8131073C0,0
0017708_8134F6B40,0
0017708_8136218E0,0
0017708_813A00B80,0
0017708_814534760,0
0017748_8067420B0,0
0017748_806757550,0
0017748_8069DC960,0
0017748_80720C2F0,0
0017748_807280310,0
0017748_807584BD0,0
0017748_807591A40,0
0017748_8075D6EB0,0
0017748_807A46740,0
0017748_807D96F10,0
0017748_807F485D0,0
0017748_8080DA680,0
0017748_8082B90A0,0
0017748_808A1C1C0,0
0017748_808A1ED10,0
0017748_808E52350,0
0017748_80917FF40,0
0017748_809B0B000,0
0017748_809BF0980,0
0017748_809FDA550,0
0017748_80A16F0B0,0
0017748_80A3B8500,0
0017748_80AE241A0,0
0017748_80B55A4F0,0
0017748_80C1C4030,0
0017748_80C81B5A0,0
0017748_80D0E8270,0
0017748_80D143480,0
0017748_80D2FF940,0
0017748_80D4FFF60,0
0017748_80D948B70,0
0017748_80DA75EA0,0
0017748_80E2D21D0,0
0017748_80E7A4A30,0
0017748_810760340,0
0017748_811684720,0
0017748_811736ED0,0
0017748_8132ADC50,0
0017748_8135C7440,0
0017748_813649680,0
0017748_813A62C90,0
0017748_813AAF340,0
0017748_81418D380,0
0017753_806C1CF30,0
0017753_806E958F0,0
0017753_806EFDA10,0
0017753_807197BD0,0
0017753_8074B4EB0,0
0017753_8074E2E00,0
0017753_807599280,0
0017753_8077DEFF0,0
0017753_807A0A650,0
0017753_808A1C5C0,0
0017753_808E1D040,0
0017753_809B6E2B0,0
0017753_80A022570,0
0017753_80A12FF40,0
0017753_80AAEF1A0,0
0017753_80AF351E0,0
0017753_80AF72970,0
0017753_80B573930,0
0017753_80B6623C0,0
0017753_80BFFFE60,0
0017753_80C123790,0
0017753_80C215CD0,0
0017753_80CB62ED0,0
0017753_80D155970,0
0017753_80D32A850,0
0017753_80D6DA310,0
0017753_80FE790B0,0
0017753_811545240,0
0017753_811EFFC30,0
0017753_812377AE0,0
0017753_813DAC260,0
0017854_806ACC340,0
0017854_806C0F5D0,0
0017854_8072322C0,0
0017854_8072A72E0,0
0017854_807A036C0,0
0017854_807BD9170,0
0017854_808041760,0
0017854_80833E440,0
0017854_808A30700,0
0017854_809003830,0
0017854_80941F2F0,0
0017854_809BC6700,0
0017854_80A576270,0
0017854_80A657F20,0
0017854_80ABEC2B0,1
0017854_80B656EB0,1
0017854_80B7A09E0,0
0017854_80B9A07C0,0
0017854_80BA6FF70,0
0017854_80BC0A6A0,0
0017854_80C2F8630,0
0017854_80C8A03A0,0
0017854_80DABDCC0,0
0017854_80DFD0680,0
0017854_80E27A130,0
0017854_80F29F420,0
0017854_80F513150,0
0017854_80FC261C0,0
0017854_8102D3470,0
0017854_811672AA0,0
0017854_8120DEAE0,0
0017854_8120E5DA0,0
0017854_8122FDEE0,0
0017854_8131D8900,0
0017863_80688DA30,0
0017863_806915710,0
0017863_80693B350,0
0017863_807567140,0
0017863_8075CB260,0
0017863_807891390,0
0017863_807B4E720,0
0017863_807B78550,0
0017863_807F26FC0,0
0017863_80855A1B0,0
0017863_808BE98F0,0
0017863_808FE8EC0,0
0017863_8093936B0,0
0017863_8093C2800,0
0017863_80943D320,0
0017863_809546B10,0
0017863_809A1D4B0,0
0017863_80A09E880,0
0017863_80B921060,0
0017863_80BAED900,0
0017863_80BB74E70,0
0017863_80BC0E660,0
0017863_80BCBB630,0
0017863_80C2DD900,0
0017863_80C892B00,0
0017863_80D44C920,0
0017863_80D52A990,0
0017863_80DA888C0,0
0017863_80DE84CE0,0
0017863_80ED3CD70,0
0017863_80F003F70,0
0017863_8102E6200,0
0017863_81037AC20,0
0017863_810FC6220,0
0017863_8110255F0,0
0017863_8125A65A0,0
0017863_8135A0060,0
0017907_8015DF340,0
0017907_8068668A0,0
0017907_806989030,0
0017907_8069CCDE0,0
0017907_806CB6990,0
0017907_806CFF7C0,0
0017907_8070B39A0,0
0017907_80718FC70,0
0017907_8074858E0,0
0017907_807DB41A0,0
0017907_8080540E0,0
0017907_8081A30D0,0
0017907_8083D8350,0
0017907_808589A50,0
0017907_808FCD020,0
0017907_809623900,0
0017907_809B78FC0,0
0017907_809FEB190,0
0017907_80A040740,0
0017907_80A05DEC0,0
0017907_80A0D7860,0
0017907_80A571170,0
0017907_80B7F6A00,0
0017907_80BBF6320,0
0017907_80C15D300,0
0017907_80CD88350,0
0017907_80CEFB120,0
0017907_80CEFDF50,0
0017907_80D09EBA0,0
0017907_80DA80290,0
0017907_80DCB9360,0
0017907_80E05EA80,0
0017907_80E09FC10,0
0017907_80E152890,0
0017907_80ED21E00,0
0017907_810183BF0,0
0017907_81036FCC0,0
0017907_8118C4EB0,0
0017907_812579EE0,0
0017907_8126F3DE0,0
0017907_81280BE90,0
0017907_8130693B0,0
0017907_813B91910,0
0017907_81421F740,0
0018049_806928950,0
0018049_8069D6260,0
0018049_806B75830,0
0018049_806D3FAB0,0
0018049_806D3FB00,0
0018049_806E568F0,0
0018049_80708AD00,0
0018049_8077D05C0,0
0018049_80785FE40,0
0018049_807BECA00,0
0018049_8081855A0,0
0018049_808221640,0
0018049_808308020,0
0018049_8088B4060,0
0018049_80939BF40,0
0018049_8093DCE70,0
0018049_80AEEFBB0,0
0018049_80B229620,0
0018049_80B52C750,0
0018049_80B532A20,0
0018049_80BA0EBD0,0
0018049_80BB904E0,0
0018049_80D0BC7F0,0
0018049_80D3F40C0,0
0018049_80DAD45E0,0
0018049_80DD4D3D0,0
0018049_80E7AB760,0
0018049_80ED71D50,0
0018049_80F25FD60,0
0018049_810724550,0
0018049_810DEEA70,0
0018049_811B05F40,0
0018049_814676E00,0
0018180_8075D0EF0,0
0018180_807792E30,0
0018180_807968A50,0
0018180_8079A1990,0
0018180_8079BD1A0,0
0018180_807A32C30,0
0018180_807B6E150,0
0018180_807C71950,0
0018180_807DBAD30,0
0018180_8084C4330,0
0018180_8088A22F0,0
0018180_808BB20D0,0
0018180_8093DC500,0
0018180_8093DE8C0,0
0018180_80941AB90,0
0018180_8094CCED0,0
0018180_80976AA40,0
0018180_80AF0E2D0,0
0018180_80B4AF680,0
0018180_80B50D150,0
0018180_80B823CD0,0
0018180_80BBEB610,0
0018180_80C2249D0,0
0018180_80C71CC40,0
0018180_80DE206D0,0
0018180_80E64B8D0,0
0018180_80E66BA30,0
0018180_80F7E3FE0,0
0018180_810BE2BB0,0
0018180_810DCA480,0
0018180_811F83BD0,0
0018180_81294B050,0
0018230_80745D7E0,0
0018230_8077A1610,0
0018230_807D0A330,0
0018230_807D59320,0
0018230_8085363D0,0
0018230_8085B9D40,0
0018230_808EBC2B0,1
0018230_80B678C10,0
0018230_80BBE3540,0
0018230_80C2242C0,0
0018230_80E1A81E0,0
0018230_80E5EC4D0,0
0018230_80E79C670,0
0018230_80F3C9AA0,0
0018230_810454990,0
0018230_811086860,0
0018324_806B5A5D0,0
0018324_806D5F6A0,0
0018324_807105CA0,0
0018324_80721A5A0,0
0018324_807305F10,0
0018324_80730C600,0
0018324_807A20260,0
0018324_807D52D10,0
0018324_809172D40,0
0018324_8091FDE10,0
0018324_809BCD300,0
0018324_809C7E060,0
0018324_80A3527B0,0
0018324_80A754900,0
0018324_80B404FE0,0
0018324_80BD5AAD0,0
0018324_80BD6CB30,0
0018324_80CBDFB20,0
0018324_80CEAB990,0
0018324_80CF20510,0
0018324_80D0F66D0,0
0018324_80D2DC7D0,0
0018324_80D5550A0,0
0018324_80F50ECC0,0
0018324_80FCC4620,0
0018324_810B73F70,0
0018324_810C83B40,0
0018324_8111DDF10,0
0018324_81134DAA0,0
0018324_811C79A40,0
0018324_81337A7B0,0
0018324_813577BF0,0
0018324_8135BACB0,0
0018324_8137FE700,0
0018324_81411BC60,0
0018324_8143B81A0,0
0018324_8147AE3C0,0
001853_800B81200,0
001853_800CFA720,0
001853_800CFEC80,0
001853_800D0A0A0,0
001853_800D28CC0,0
001853_800D6FAD0,0
001853_800DB3AC0,0
001853_800DB45D0,0
001853_800DD89E0,0
001853_800DFDBF0,0
001853_800E2AC30,0
001853_800E32B90,0
001853_800E810A0,0
001853_800E821D0,0
001853_800EB70D0,0
001853_800EBAED0,0
001853_800EE4450,0
001853_800EF51C0,0
001853_800F40610,0
001853_800F494C0,0
001853_800F570C0,0
001853_800F61FC0,0
001853_800F6D7D0,0
001853_800F7DD50,0
001853_800F9B440,0
001853_800FB0A10,0
001853_8010ACB40,0
001853_8010B21A0,1
001853_80119C6F0,0
001853_8011B2CA0,0
001853_8011EF080,1
001853_8012D2950,0
001853_801329450,0
001853_8013874E0,0
001853_801397470,0
001853_801566B30,0
001853_8015DB770,0
001853_8015EEE90,0
001853_801642EA0,0
001853_8017165C0,0
001853_801767920,0
001853_801837C50,0
001853_8018782E0,0
001853_8018E6370,0
001853_801916F20,0
001853_801965780,0
001853_8019844A0,0
001853_801A1FF00,0
001853_801B26840,0
001853_801C4C8A0,0
001853_801D4D690,0
001853_801E65F80,0
001853_801E86180,1
001853_801E99BE0,0
001853_801FF9850,0
001853_802117360,0
001853_802251480,0
001853_8022682E0,0
001853_802440B00,0
001853_802513390,0
001853_80253F6C0,0
001853_80292B8A0,0
001853_802ACF430,0
001853_802B9E910,0
001853_802C18160,0
001853_802C4DC60,0
001853_802DD3930,0
001853_8031663A0,0
001853_803286AF0,0
001853_8032FBC60,0
001853_80338C800,0
001853_80345E7D0,0
001853_803605B80,0
001853_803702F60,0
001853_803765E50,0
001853_8037B9230,0
001853_80394C430,0
001853_804002630,0
001853_804070C00,0
001853_8043A7570,0
001853_8043D23F0,0
001853_8046F0A00,0
001853_804848B00,0
001853_8048808F0,0
001853_80491D5D0,0
001853_804E7AB30,0
001853_804EAA760,0
001853_804EBE490,0
001853_804EF0260,0
001853_805214AF0,0
001853_805321A50,0
001853_8059AD5B0,0
001853_805B7FD30,0
001853_806465F40,0
001853_806579570,0
001853_8066BA970,0
001853_8067FE340,0
001853_8070480F0,0
001853_807106A80,0
001853_80720F6A0,0
001853_8075AF3A0,0
001853_8079F0150,0
001853_807CC32F0,0
001853_807D4D5C0,0
001853_8085887E0,0
001853_808F8F9D0,0
001853_80A3C21D0,0
001853_80A6B51D0,0
001853_80AEFBFC0,0
001853_80B3A6C70,0
001853_80B86ACA0,0
001853_80BBF5AE0,0
001853_80D06EB40,0
001853_80D25C000,0
001853_80D64C490,0
001853_80D94B830,0
001853_80DC7F790,0
001853_80E073460,0
001853_80E38BFA0,0
001853_80E5F32F0,0
001853_80E6BB1F0,0
001853_80F255000,0
001853_810B21A40,0
001853_812A64960,0
001853_8130FF7D0,0
001853_81337DD60,0
001853_8138C62E0,0
001853_813EFE550,0
001853_8144431B0,0
001853_814753A70,0
0018679_806D1AB10,0
0018679_806F1F5F0,0
0018679_806F21690,0
0018679_80718B4A0,0
0018679_80720C430,0
0018679_807355B30,0
0018679_807380980,0
0018679_80780F090,0
0018679_8078199F0,0
0018679_8079F7070,0
0018679_807A17CB0,0
0018679_807D54160,0
0018679_807F0D240,0
0018679_807F13770,0
0018679_807F49430,0
0018679_8081DAB60,0
0018679_8088B6380,0
0018679_808BD8ED0,0
0018679_808C8C9D0,0
0018679_808D3A960,0
0018679_809942000,0
0018679_80A06ECA0,0
0018679_80A0D8D50,0
0018679_80AB7BF70,0
0018679_80B41D700,0
0018679_80B4BC870,0
0018679_80B9B9310,0
0018679_80BD90CF0,0
0018679_80BD90CF1,0
0018679_80C0371C0,0
0018679_80C20E710,0
0018679_80D48B010,0
0018679_80D5B3E90,0
0018679_80DEBDCF0,0
0018679_80E119570,0
0018679_80EC89370,0
0018679_80F111750,0
0018679_80F36CA20,0
0018679_80F4467D0,0
0018679_80F950F30,0
0018679_80FEF4210,0
0018679_80FF27100,0
0018679_810357410,0
0018679_810C0A180,0
0018679_810D9A9E0,0
0018679_81170E160,0
0018679_811766610,0
0018679_8118DD720,0
0018679_812740F20,0
0018679_8130D4580,0
0018679_813375DD0,0
0018679_813D0D610,0
0018679_813E2F2A0,0
0018951_8078A2F10,0
0018951_8078D2040,0
0018951_80791DB20,0
0018951_807A336B0,0
0018951_807B51BB0,0
0018951_807B819B0,0
0018951_807D67960,0
0018951_8081988D0,0
0018951_8082F9750,0
0018951_808A49520,0
0018951_808F34440,0
0018951_8097465C0,0
0018951_80A08AA90,0
0018951_80AC18AD0,0
0018951_80AF36D20,0
0018951_80B59F3F0,0
0018951_80B5F90B0,0
0018951_80B7ED550,0
0018951_80B96E5C0,0
0018951_80B9F0D00,0
0018951_80BA23E70,0
0018951_80BAA7F40,0
0018951_80BB2E570,0
0018951_80DE4B350,0
0018951_80E651560,0
0018951_80EFD6C00,0
0018951_80F8006D0,0
0018951_80FBBE2A0,0
0018951_8118EE7F0,0
0018951_811CAF670,0
0018951_812229A20,0
0018951_8128C4BF0,0
0018951_812AEFCC0,0
0018951_8132FFA60,0
0018951_813BFAA20,0
001916_800BEB090,0
001916_800C3AD30,0
001916_800D5A840,0
001916_800D8D3E0,0
001916_800D93700,0
001916_800F162B0,0
001916_800FD6EB0,0
001916_800FF0D90,0
001916_801020C10,0
001916_80107E200,0
001916_8010A13C0,0
001916_8010C5350,0
001916_8011422A0,0
001916_801216C90,0
001916_80121A0B0,0
001916_8012C3550,0
001916_8013C2250,0
001916_80141F5A0,0
001916_801487FA0,0
001916_8014D45A0,0
001916_8014DE430,0
001916_8014FC5A0,0
001916_801503AB0,0
001916_8015108F0,0
001916_801546310,0
001916_8015BE750,0
001916_80173F200,0
001916_80174AF80,0
001916_80178DD10,0
001916_80178EFB0,0
001916_8018AF4B0,0
001916_8018B4D50,0
001916_8019A1A50,0
001916_801B081F0,0
001916_801B2F130,0
001916_801B7E870,0
001916_801BA9490,0
001916_801C240A0,0
001916_801DCCC10,0
001916_801DE2990,0
001916_801EBF320,0
001916_801ED5D70,0
001916_801F307F0,0
001916_801F369D0,0
001916_801FDAAA0,0
001916_802049610,0
001916_802090FE0,0
001916_8020E42F0,0
001916_802110980,0
001916_802169EC0,0
001916_8021838F0,0
001916_802199350,0
001916_8026366A0,0
001916_802647190,0
001916_8026555A0,0
001916_802661E70,0
001916_80268CC60,0
001916_802A45F70,0
001916_802A78200,0
001916_802A82080,0
001916_802B70B00,0
001916_802C9FE00,0
001916_802D500B0,0
001916_802D6CB80,0
001916_802D77730,0
001916_802FA2D60,0
001916_803170A40,0
001916_80328B200,0
001916_803401060,0
001916_80362A840,0
001916_80372D240,0
001916_803732F50,0
001916_803CF1870,0
001916_803D89020,0
001916_803E78E80,0
001916_8040ADFA0,0
001916_8042B1960,0
001916_8048BCCF0,0
001916_8048F5640,0
001916_804919AE0,0
001916_8050656C0,0
001916_805268EC0,0
001916_8053E6AC0,0
001916_805753E40,0
001916_805BA1170,0
001916_806922770,0
001916_80699B920,0
001916_80699F870,0
001916_806E56CA0,0
001916_80702BEC0,0
001916_80791A2D0,0
001916_807998630,0
001916_807ADC500,0
001916_807BC0750,0
001916_807CCB700,0
001916_808327DF0,0
001916_808A4EC70,0
001916_8093C1AF0,0
001916_80940FC70,0
001916_80A0A5040,0
001916_80A667FC0,0
001916_80AEEA140,0
001916_80AF4C8F0,0
001916_80AF81670,0
001916_80B3081D0,0
001916_80B3A0080,1
001916_80B846530,0
001916_80B97FBB0,0
001916_80BAFA2A0,0
001916_80C895910,0
001916_80D1E86F0,0
001916_80D3F6020,0
001916_80D7E7260,0
001916_80ED46E90,0
001916_80F7AD230,0
001916_80FBCF990,0
001916_8106C10B0,0
001916_81071E1E0,0
001916_81233F230,0
0019542_807875900,0
0019542_80799C570,0
0019542_807FE5910,0
0019542_8083004E0,0
0019542_808C48C00,0
0019542_80A1C9B90,0
0019542_80A900590,0
0019542_80B376CE0,0
0019542_80B525C50,0
0019542_80B7897E0,0
0019542_80B9377D0,0
0019542_80B94CB50,0
0019542_80BA04AF0,0
0019542_80BC94AB0,0
0019542_80BD7F790,0
0019542_80C6CB790,0
0019542_80D4EDF80,0
0019542_80DAC4F00,0
0019542_80E789780,0
0019542_80EC19BC0,0
0019542_80ED44620,0
0019542_80F7A7160,0
0019542_80FBA4AE0,0
0019542_8103056B0,0
0019542_810F60A40,0
0019542_8119C9A50,0
0019542_811D06510,0
0019542_8120B2080,0
0019542_8124A1890,0
0019542_81255F520,0
0019542_812585410,0
0019542_8127760B0,0
0019542_8128D9700,0
0019601_807221C20,0
0019601_8072E4A00,0
0019601_8072EA760,0
0019601_8076E45D0,0
0019601_807BA8860,0
0019601_807FC41A0,0
0019601_808222B30,0
0019601_808A6D760,0
0019601_8092099A0,0
0019601_8097227C0,0
0019601_80A381F10,0
0019601_80A64F790,0
0019601_80B135880,0
0019601_80B318EF0,0
0019601_80B556960,0
0019601_80B9B7150,0
0019601_80BF5C980,0
0019601_80C0BAE10,0
0019601_80C1092F0,0
0019601_80C347810,0
0019601_80C7BF4F0,0
0019601_80CEAF230,0
0019601_80D0E1A30,0
0019601_80D12CD70,0
0019601_80D42FD10,0
0019601_80D4407F0,0
0019601_80DEF7430,0
0019601_8102B7060,0
0019601_81076CB90,0
0019601_810DB94A0,0
0019601_8113DFA20,0
0019601_8119C7FB0,0
0019601_8133F5950,0
0019601_81354D2E0,0
0019601_8135F8E10,0
0019601_81400CD00,0
0019601_8145760D0,0
0019746_807555AE0,0
0019746_807802FD0,0
0019746_807AC7F60,0
0019746_807D93BB0,0
0019746_808A8F2D0,0
0019746_808EA83C0,0
0019746_8097C2890,0
0019746_809FC1A00,0
0019746_80A6B3AE0,0
0019746_80A90D250,0
0019746_80ACBE2D0,0
0019746_80B4466E0,0
0019746_80B5381E0,0
0019746_80B55CDC0,0
0019746_80B725D40,0
0019746_80B839D40,0
0019746_80C0D2940,0
0019746_80C1C0DC0,0
0019746_80C276E00,0
0019746_80C7CAC60,0
0019746_80CBDC310,0
0019746_80CEF3E60,0
0019746_80CF06BA0,0
0019746_80D080230,0
0019746_80D558DE0,0
0019746_80DC861C0,0
0019746_80DF6DB20,0
0019746_80E490A30,0
0019746_80F1C0470,0
0019746_80FED5270,0
0019746_810414200,0
0019746_81051D680,0
0019746_8111B5A00,0
0019746_811238B60,0
0019746_8116C1F90,0
0019746_811A21220,0
0019746_811A860F0,0
0019746_812681C90,0
0019746_81289D9E0,0
0019746_8134FB130,0
0019746_8144862C0,0
0019746_81471A010,0
0019777_8078DE080,0
0019777_807B02950,0
0019777_807B1BCC0,0
0019777_807D0B040,0
0019777_807FD4670,0
0019777_80808BC50,0
0019777_8085C1830,0
0019777_809806530,0
0019777_80A382F40,0
0019777_80A3A9B50,0
0019777_80A3F91B0,0
0019777_80ABEDEB0,0
0019777_80AC4E9F0,0
0019777_80B631750,0
0019777_80B6E5D70,0
0019777_80B804A10,0
0019777_80B8393C0,0
0019777_80C20B3F0,0
0019777_80DCDAEF0,0
0019777_80DD4B320,0
0019777_80EBD3400,0
0019777_8107230A0,0
0019777_810BF40E0,0
0019777_810E36700,0
0019777_810F66F70,0
0019777_810FBAF30,0
0019777_810FE8B90,0
0019777_8119969E0,0
0019777_811ACBE20,0
0019777_811DCD1E0,0
0019777_81278BD20,0
0019777_812E4B220,0
0019888_80757D0D0,0
0019888_807952F60,0
0019888_8079DC880,0
0019888_8079E1B70,0
0019888_80854BB70,0
0019888_808A2DF70,0
0019888_808B45E40,0
0019888_808D051E0,0
0019888_8097FD680,0
0019888_80A204E00,0
0019888_80A6CB640,0
0019888_80A90C5E0,0
0019888_80AA81E90,0
0019888_80BF72B80,0
0019888_80CAD69A0,0
0019888_80D01ADE0,0
0019888_80D186E90,0
0019888_80D954670,0
0019888_80DFCD270,0
0019888_80EE7D0B0,0
0019888_80FEA9240,0
0019888_81039B9E0,0
0019888_810446AA0,0
0019888_811190A80,0
0019888_8113DE2C0,0
0019888_8118BC0F0,0
0019888_812DCBE90,0
0019888_8130D4B90,0
0019888_8131D0A40,0
0019888_8132E03D0,0
0019888_813828860,0
0019890_8075E89D0,0
0019890_80779D640,0
0019890_8078043A0,0
0019890_808566C50,0
0019890_808E3D880,0
0019890_8097AF2E0,0
0019890_809C772A0,0
0019890_809D549D0,0
0019890_80A2657D0,0
0019890_80A762FE0,0
0019890_80A883E20,0
0019890_80A889B70,0
0019890_80AA0F6A0,0
0019890_80AB76F30,0
0019890_80AFD71E0,0
0019890_80B48B4E0,0
0019890_80BDB68E0,0
0019890_80C560640,0
0019890_80C58F5C0,0
0019890_80C6C0C60,0
0019890_80D3BABD0,0
0019890_80D752860,0
0019890_80DDDD170,0
0019890_80F6916E0,0
0019890_80FF2B110,0
0019890_810B24B40,1
0019890_810B75020,0
0019890_8111E57B0,0
0019890_8132EC860,0
0019890_813935F40,0
0019890_814829010,0
001_800042CB0,0
001_8000555D0,0
001_800056160,0
001_800056370,0
001_800056CB0,0
001_800057A10,0
001_800057D40,0
001_80005AB30,0
001_80005B9B0,0
001_80005C050,0
001_80005C0A0,0
001_80005C0A1,0
001_80005E740,0
001_8000EBF70,0
001_8000EC1E0,0
001_8000ECD60,0
001_8000EDBB0,0
001_8000EDEC0,0
001_8000EEE80,0
001_8000EEF40,0
001_8000F17D0,1
001_8000F4510,0
001_8000F4D20,0
001_8000F4FE0,0
001_8000F5340,0
001_8000F5AD0,0
001_8000F7850,0
001_8001003A0,0
001_800107BD0,0
001_800108180,0
001_8001093C0,1
001_80010DEA0,0
001_8001111F0,0
001_800111C30,0
001_8001142C0,0
001_800115570,0
001_800116420,1
001_80011A2A0,0
001_80011AA30,0
001_80011C190,0
001_80011DB20,0
001_80011F1C0,0
001_8001275E0,0
001_800128AC0,0
001_80012FE50,0
001_800134D30,0
001_800139D10,0
001_8001409E0,0
001_800143B00,0
001_800143BF0,0
001_800143BF1,0
001_800147880,0
001_8001488C0,0
001_800149630,0
001_80014BA70,0
001_80014E060,0
001_80014EEE0,0
001_80014F510,0
001_8001547E0,0
001_800155BB0,0
001_800156430,0
001_8001580D0,0
001_80015D7D0,0
001_800162F90,0
001_80016DAD0,0
001_800174E90,0
001_8001870C0,0
001_80018BA80,0
001_800191A90,0
001_800199240,0
001_80019A020,0
001_80019AA50,0
001_8001A4C70,0
001_8001A6A40,0
001_8001A9900,0
001_8001BA740,0
001_8001BA930,0
001_8001BDBA0,0
001_8001C6920,0
001_8001C7E60,0
001_8001C9040,0
001_8001C95B0,0
001_8001C9F20,0
001_8001D0B60,0
001_8001D1F20,0
001_8001D4130,0
001_8001DD990,0
001_8001DDFC0,0
001_8001E1DE0,0
001_8001E3CC0,0
001_8001E6040,0
001_8001E6840,0
001_8001EA4A0,0
001_8001EE520,0
001_8001F1730,0
001_8001F2890,0
001_8001F2F50,0
001_8001F5570,0
001_8001F95B0,0
001_8002198E0,0
001_80021DCF0,0
001_80021E560,0
001_800239380,0
001_80024DDD0,0
001_80024F4A0,0
001_800252D10,0
001_800253C40,0
001_800253EB0,0
001_800255680,0
001_800256410,0
001_800259980,0
001_800263050,0
001_8002640E0,0
001_800266C90,0
001_800267D90,0
001_800268220,0
001_8002696B0,0
001_80026AC00,0
001_80028C950,0
001_80028D3C0,0
001_800298660,0
001_8002B62D0,0
001_8002BB600,0
001_8002C1D80,0
001_8002C3B00,0
001_8002CAF30,0
001_8002CDEF0,0
001_8002F39A0,0
001_800300E30,0
001_8003011F0,0
001_8003080E0,0
001_8003085B0,0
001_80030A730,0
001_8003114D0,0
001_800324010,0
001_800324420,0
001_800325FD0,0
001_800327650,0
001_80033CEC0,0
001_80033FFD0,0
001_800345910,0
001_80038AAE0,0
001_80038BEA0,0
001_80038CB80,0
001_80038D9F0,0
001_800394050,0
001_80039C6B0,0
001_80039D920,0
001_8003A3E20,0
001_8003A7F10,0
001_8003A9560,0
001_8003B4B10,0
001_8003B71A0,0
001_8003BC640,0
001_8003BED10,0
001_8003C2710,0
001_8003C4EA0,0
001_8003CAF20,0
001_8003CEDD0,0
001_8003D0900,0
001_8003DB200,0
001_8003E05A0,0
001_8003E2FB0,0
001_8003F5660,0
001_8003F8CA0,0
001_8004041D0,0
001_800407450,0
001_80040DA80,0
001_800422520,0
001_8004228B0,0
001_80043AC10,0
001_800455C30,0
001_800456020,0
001_800456E50,0
001_800466E10,0
001_800466E60,0
001_800467C10,0
001_80047EED0,0
001_800482930,0
001_80049E360,0
001_8004A4C70,0
001_8004B1D70,0
001_8004B2BF0,0
001_8004C1720,0
001_8004C8760,0
001_8004D9E80,0
001_8004E9930,0
001_8004EF190,0
001_8004FD2A0,0
001_800530FB0,0
001_800532190,0
001_800537DE0,0
001_800547FD0,0
001_8005486E0,0
001_800559860,0
001_80056F970,0
001_800575500,0
001_800580F30,0
001_800582620,0
001_800583590,0
001_80058FDB0,0
001_80059B040,0
001_8005A70C0,0
001_8005ABB30,0
001_8005B9BC0,0
001_8005C1530,0
001_8005C3260,0
001_8005C3EB0,0
001_8005D3090,0
001_8005D8650,0
001_8005D92A0,0
001_8005DD570,0
001_8005F65D0,0
001_8005FB400,0
001_800627410,0
001_800627EA0,0
001_800629A20,0
001_800638DE0,0
001_800645240,0
001_800649FF0,0
001_80064A5E0,0
001_80064E1F0,0
001_800659070,0
001_80065E710,0
001_80066ADC0,0
001_800672FB0,0
001_8006769D0,0
001_800676BD0,0
001_80067AF80,0
001_800688410,0
001_800689FD0,0
001_80068A110,0
001_80068EB40,0
001_800699BC0,0
001_8006A2340,0
001_8006AA1B0,0
001_8006AF880,0
001_8006AFC40,0
001_8006BB110,0
001_8006C49E0,0
001_8006C7290,0
001_8006DE410,0
001_8006ECB90,0
001_8006FCF80,0
001_80070CF20,0
001_80070DB90,0
001_800711AE0,0
001_800715B30,0
001_80071E730,0
001_80071E780,0
001_800724810,0
001_8007265D0,0
001_800729E70,0
001_80072A6F0,0
001_8007308F0,0
001_800730B40,0
001_800733960,0
001_80076E9A0,0
001_800776160,0
001_800779280,0
001_800791830,0
001_800792340,0
001_800794C30,0
001_8007D6F90,0
001_8007D83A0,0
001_800813550,0
001_800816FA0,0
001_80081AEF0,0
001_80082F350,0
001_80083E770,0
001_800852CC0,0
001_80089E970,0
001_8008C1890,0
001_8008C8810,0
001_8008CBDE0,0
001_8008D0100,0
001_8008D2720,0
001_8008D5EE0,0
001_8008DEB60,0
001_8008E6C20,0
001_8008ECCD0,0
001_80093B940,0
001_800942830,0
001_80094E5E0,0
001_800954BC0,0
001_8009A9950,0
001_800A290A0,0
001_800A290F0,0
001_800A59BE0,0
001_800A5F020,0
001_800A648E0,0
001_800A65BB0,0
001_800A88820,0
001_800A98660,0
001_800AAF0B0,1
001_800B255B0,0
001_800B42090,0
001_800B53E50,0
001_800B56370,0
001_800B77290,0
001_800B79F80,0
001_800BA5AE0,0
001_800BAB8C0,0
001_800BC3530,0
001_800BFAE30,0
001_800C1CAB0,0
001_800C1EFD0,0
001_800C20350,0
001_800C4E3F0,0
001_800C58ED0,0
001_800C9C690,0
001_800CA0980,0
001_800D0FD30,0
001_800D434E0,0
001_800DB6220,0
001_800DCF170,0
001_800DD9900,1
001_800DFC390,0
001_800E2F3C0,0
001_800E37760,0
001_800E62CB0,0
001_800E87080,0
001_800F08A30,0
001_800F1AFD0,0
001_800F3FD80,0
001_800F43BA0,0
001_800F61950,0
001_800FCADF0,0
001_800FF6690,0
001_800FFF4B0,0
001_80100DB80,0
001_80108A9D0,0
001_8010AA4F0,0
001_8010AED90,0
001_8010B63F0,0
001_8010BA130,0
001_8010BB140,0
001_8010E85F0,0
001_8011152B0,0
001_801125110,0
001_80112C280,0
001_801134100,0
001_80116D630,0
001_801172DB0,0
001_801190250,0
001_801196840,0
001_8011986C0,0
001_801199180,0
001_8011A2360,0
001_8011A6E80,0
001_8011B0D70,0
001_8011E0970,0
001_8012275D0,0
001_801258730,0
001_80127F9D0,0
001_8013733E0,0
001_801379C80,0
001_801383750,0
001_80139E640,0
001_8013EC3C0,0
001_8013ED6C0,0
001_80140FA20,0
001_80141BF60,0
001_801561420,0
001_8015DD0D0,0
001_8015FC330,0
001_8016466F0,0
001_80165C610,0
001_8016B6690,0
001_8016BAB60,0
001_8016BCC20,0
001_801715AC0,0
001_80183BF20,0
001_8018879B0,0
001_801949BB0,0
001_80196A3A0,0
001_80196DFF0,0
001_8019D82F0,0
001_801ABAFE0,0
001_801B210D0,0
001_801B25670,0
001_801B5DD70,0
001_801B5F4E0,0
001_801B83510,0
001_801C40740,0
001_801C44770,0
001_801D29850,0
001_801D6D170,0
001_801D9E120,0
001_801E3B330,0
001_801E88DE0,0
001_801F629D0,0
001_801F6FCE0,0
001_802013D90,0
001_80204B4A0,0
001_802083030,0
001_802255DD0,0
001_802264500,0
001_8022B91D0,0
001_8022E2C10,0
001_802343330,0
001_8023438C0,0
001_8023450E0,0
001_80242F220,0
001_802497A40,0
001_8024A42C0,0
001_8024C2EF0,0
001_8024F6E00,0
001_8025359B0,0
001_80259EB50,0
001_8028F5680,0
001_8029FC480,1
001_802ABC560,0
001_802ACFD80,0
001_802AD4170,0
001_802AED9A0,0
001_802C6C440,0
001_802E2C7A0,0
001_802E623E0,0
001_802E760D0,0
001_802E83C30,0
001_802E8F210,0
001_802F26350,0
001_802F99B90,0
001_802FAFA20,0
001_80303D0F0,0
001_8030BC780,0
001_803192920,0
001_8031EB270,0
001_8031F1510,0
001_80320EFE0,0
001_8032E5190,0
001_803305020,0
001_8033151F0,0
001_803384D70,0
001_803465740,0
001_803471440,0
001_8034F1320,0
001_8035133B0,0
001_80351C280,0
001_8036570D0,0
001_8037C0330,0
001_8037DDA80,0
001_80388FEF0,0
001_8039BCA90,0
001_803AD9220,0
001_803C599C0,0
001_803CBA410,0
001_803D12050,0
001_803D572A0,0
001_803D798D0,0
001_803D8FD30,0
001_804256E20,0
001_8042DEF10,0
001_8042DF790,0
001_8043B71B0,0
001_8043D2EE0,0
001_8047B8EC0,0
001_804A202E0,0
001_804AF01E0,0
001_804D140E0,0
001_804E062A0,0
001_804EA4BF0,0
001_8051046F0,0
001_805206DE0,0
001_8052302D0,0
001_805421990,0
001_805692A70,0
001_8057F1160,0
001_8059E4C90,0
001_805A16280,0
001_805AADE00,0
001_805B16B50,0
001_805B44F90,0
001_805BFDFB0,0
001_805CA2440,0
001_805D83440,0
001_805DC9650,0
001_805DFDC10,0
001_805EA5D50,0
001_805EC7D60,0
001_805F9FF90,0
001_806019530,0
001_80601FB50,0
001_806020040,0
001_806466210,0
001_8065540E0,0
001_80672FC10,0
001_806801F10,0
001_8069CC680,0
001_806C67C70,0
001_806CF53C0,0
001_806E789C0,0
001_806EF4540,0
001_807025BA0,0
001_8070969A0,0
001_80715E6F0,0
001_8072CC4B0,0
001_807585A30,0
001_807597350,0
001_8075C4290,0
001_807947EA0,0
001_807A68E00,0
001_807C8CC80,0
001_807D38000,0
001_807FBEE40,0
001_8081B3000,0
001_80833F550,0
001_808587C80,0
001_8086EFEB0,0
001_808BA5C50,0
001_808F27100,0
001_808F86430,0
001_809147EA0,0
001_809222480,0
001_8093230C0,0
001_809363420,0
001_80938A090,0
001_80948D880,0
001_809AE8140,0
001_809FE31C0,0
001_809FE99B0,0
001_80A3841A0,0
001_80A8CF3F0,0
001_80AA7B1E0,0
001_80AA9B990,0
001_80AB70990,0
001_80ACDD6A0,0
001_80ADF87C0,0
001_80AEDAE40,0
001_80AFD5950,0
001_80B3D36A0,0
001_80B4B2420,0
001_80B4BEDC0,0
001_80B6AA340,0
001_80B79C680,0
001_80B835020,0
001_80BC16800,0
001_80C0CA7C0,0
001_80C366180,0
001_80C6C5F90,0
001_80D160E50,0
001_80D194090,0
001_80D20AC60,0
001_80D2873D0,0
001_80D34D450,0
001_80D3C4540,0
001_80D6E6770,0
001_80D88C1C0,0
001_80D923450,0
001_80DAE9850,0
001_80DC7FDE0,0
001_80E045C00,0
001_80E52B810,0
001_80E52E7F0,0
001_80EC320C0,0
001_80F298F10,0
001_80F2A4E60,0
001_80F2D9FD0,0
001_80F7EB350,0
001_80F987430,0
001_80FB83040,0
001_8103C5EA0,0
001_8104F1830,0
001_810D9AC60,0
001_8113D8800,0
001_811A59E50,0
001_8126EF0B0,0
001_81289C190,0
001_812932A50,0
001_81297CB70,0
001_812B49420,0
001_812C56FE0,0
001_812F03C60,0
001_8131BD8D0,0
001_813837720,0
001_813EF3880,0
001_813EFAED0,0
001_813FF9290,0
001_81407D1F0,0
001_8144437B0,0
0020226_803343BE0,0
0020226_8076008E0,0
0020226_807888B30,0
0020226_807DC6820,0
0020226_807FD40E0,0
0020226_8082C1450,0
0020226_80856A540,0
0020226_80856FBC0,0
0020226_808DC1980,0
0020226_8092D8560,0
0020226_80968CC30,0
0020226_809F11AE0,0
0020226_80A06CE40,0
0020226_80A0D6DB0,0
0020226_80A594250,0
0020226_80AB16CD0,0
0020226_80AE9C160,0
0020226_80B4136C0,0
0020226_80B4DAFD0,0
0020226_80B535C20,1
0020226_80B5880A0,0
0020226_80BE1C4D0,0
0020226_80C038090,0
0020226_80D1EE100,0
0020226_80D387FD0,0
0020226_80D4176D0,0
0020226_80D4455E0,0
0020226_80D5AD430,0
0020226_80D5D80D0,0
0020226_80D7DF110,0
0020226_80E019DB0,0
0020226_80F3E5510,0
0020226_80F63B070,0
0020226_81026AC30,0
0020226_810499F60,0
0020226_810F7D8C0,0
0020226_8111B9B40,0
0020226_81177C8B0,0
0020226_811C20B70,0
0020226_811DED120,0
0020226_811E04E00,0
0020226_812843360,0
0020226_812C88B20,0
0020226_812F76660,0
0020226_8132FAC00,0
0020226_8136885F0,0
0020226_8140C4250,0
0020226_81422A260,0
0020226_8143E4220,0
0020248_8078BA0D0,0
0020248_807964CF0,0
0020248_8079A31F0,0
0020248_8079BDE70,0
0020248_807ADFD70,0
0020248_807B2ECD0,0
0020248_807BE6B10,0
0020248_807C18900,0
0020248_807CDD3C0,0
0020248_807DBCD60,0
0020248_8081DD4B0,0
0020248_80871C9D0,0
0020248_809441DA0,0
0020248_80A65A080,0
0020248_80A767B00,0
0020248_80B4278A0,0
0020248_80B4E7930,0
0020248_80B681DD0,0
0020248_80B7CAF20,0
0020248_80B94EC60,0
0020248_80C77CFD0,0
0020248_80E776690,0
0020248_810FCCBF0,0
0020248_810FF1410,0
0020248_8119B48C0,0
0020248_811CAB2F0,0
0020248_811D09060,0
0020248_812534CA0,0
002053_800CC9460,0
002053_800CDF720,0
002053_800CEA110,0
002053_800D1FE90,0
002053_800D1FE91,0
002053_800D201E0,0
002053_800D5D240,0
002053_800DC30C0,0
002053_800E0B150,0
002053_800F01C10,0
002053_800F6A220,0
002053_800F8C1B0,0
002053_801008710,0
002053_80100A8E0,0
002053_80104ABF0,0
002053_8010A33B0,0
002053_8010B0790,0
002053_801183160,0
002053_80123DF90,0
002053_80126E800,0
002053_80126E801,0
002053_80128B4E0,0
002053_801314740,0
002053_801325A90,0
002053_8013E0670,0
002053_80152C150,0
002053_80152D5A0,0
002053_80153EDE0,0
002053_80156C060,0
002053_801572E40,0
002053_801615580,0
002053_80170A670,0
002053_8017E6F10,0
002053_801856FC0,0
002053_8018FAC40,0
002053_801960840,0
002053_801A3E370,0
002053_801ABCA20,0
002053_801BE47A0,0
002053_801C3D2C0,0
002053_801CE0410,0
002053_801E9F3A0,0
002053_8021BCA80,0
002053_8021DA520,0
002053_8021DA9A0,0
002053_802222230,0
002053_802257F00,0
002053_80229F3F0,0
002053_8023CD2F0,0
002053_8023FB4D0,0
002053_80242B990,0
002053_802800310,0
002053_8029F64B0,0
002053_802A085F0,0
002053_802A6B2B0,0
002053_802AED090,0
002053_802CCC2B0,0
002053_802CE1160,0
002053_80310AC40,0
002053_803169D20,0
002053_8032A5AF0,0
002053_8032D33A0,0
002053_8033F2540,0
002053_803425EC0,0
002053_80348D0C0,0
002053_8034B8790,0
002053_803507710,0
002053_8035EE660,0
002053_80369E070,0
002053_80371C480,0
002053_80378DF30,0
002053_80394FAE0,0
002053_803A92920,0
002053_803E7C4A0,0
002053_8040252A0,0
002053_8041FFC50,0
002053_804284E00,0
002053_8042B8200,0
002053_8043BBBF0,0
002053_80451E550,0
002053_8045B0C40,0
002053_8049CE4D0,0
002053_804DC1C40,0
002053_804DDEFA0,0
002053_804E9B040,0
002053_80500D680,0
002053_805014D20,0
002053_80518F110,0
002053_8051D6240,0
002053_8053EF240,0
002053_805A54D20,0
002053_805AB50E0,0
002053_805AE3250,0
002053_805AEBB00,0
002053_806583060,0
002053_8066E6690,0
002053_806A33470,0
002053_806A4B8A0,0
002053_806A9DA10,0
002053_806D118E0,0
002053_806D1D370,0
002053_807083CF0,0
002053_80728EC60,0
002053_8072C0030,0
002053_8079E92D0,0
002053_807CC37A0,0
002053_807CF23A0,0
002053_807EC56F0,0
002053_807F496C0,0
002053_80808D630,0
002053_80853D620,0
002053_8087858F0,0
002053_8089F0A60,0
002053_808A1F010,0
002053_808D2C380,0
002053_808DEFD80,0
002053_808E87670,0
002053_808EC73D0,0
002053_808ED5CF0,0
002053_8091E1760,0
002053_80984BF60,0
002053_809A2F110,0
002053_809C49C90,0
002053_80A0014B0,0
002053_80A31C0C0,0
002053_80A77EBE0,0
002053_80AB1CE90,0
002053_80B39CF40,0
002053_80B5CE6F0,0
002053_80BA6AC90,0
002053_80BAFE9C0,0
002053_80C260AA0,0
002053_80C2DAAA0,0
002053_80C338C70,0
002053_80CD86F60,0
002053_80D137F40,0
002053_8111650D0,0
002053_8116B8920,0
002053_811CD0F40,0
002053_812847910,0
002053_8130C3C70,0
002053_8130F4DC0,0
002053_813AFBEE0,0
002053_813F345A0,0
0020727_806C40F70,0
0020727_807D474F0,0
0020727_808002DF0,0
0020727_80819D660,0
0020727_8082DC690,0
0020727_80830B5E0,0
0020727_808491ED0,0
0020727_80850A1C0,0
0020727_80850E660,0
0020727_8097B0620,0
0020727_8097C5260,0
0020727_809BE2000,0
0020727_80A088950,0
0020727_80A0A43B0,0
0020727_80A667930,0
0020727_80A766A00,0
0020727_80AB8ED70,0
0020727_80B429720,0
0020727_80B838DA0,0
0020727_80B855A70,0
0020727_80B87E790,0
0020727_80BD04790,0
0020727_80D033B80,0
0020727_80D3893A0,0
0020727_80D5381C0,0
0020727_80D9E9D90,0
0020727_80E486D00,0
0020727_80F266DA0,0
0020727_80F9717C0,0
0020727_80FB76430,0
0020727_80FFE8570,0
0020727_810B2B100,0
0020727_811AF4A20,0
0020727_812131890,0
0020727_8124AE3C0,0
0020727_81250F2C0,0
0020727_812722BB0,0
0020727_813396DE0,0
0020822_80B76C070,0
0020822_80F9FF310,0
0020846_807A3C6C0,0
0020846_807BCA450,0
0020846_807FF0060,0
0020846_8080768F0,0
0020846_8080996B0,0
0020846_8089134E0,0
0020846_808A5FE40,0
0020846_808DF1090,0
0020846_80A1C7BE0,0
0020846_80A718670,0
0020846_80AF2E9B0,0
0020846_80B5C6170,0
0020846_80B7CEE10,0
0020846_80B94A520,0
0020846_80BB23AC0,0
0020846_80BB46F20,0
0020846_80C52B680,0
0020846_80C7C3CD0,0
0020846_80D3E6F20,0
0020846_811AF6560,0
0020846_812203B10,0
0020846_8127130D0,0
0020861_807B60EE0,0
0020861_807C024E0,0
0020861_807CCA5D0,0
0020861_807FE0060,0
0020861_8081D1620,0
0020861_808317080,0
0020861_808535960,0
0020861_808977BB0,0
0020861_808DFD660,0
0020861_80A624BB0,0
0020861_80AB86BC0,0
0020861_80B9F7CE0,0
0020861_80BB860E0,0
0020861_80BF3AEE0,0
0020861_80C2F96E0,0
0020861_80C5EFFA0,0
0020861_80CA76320,0
0020861_80E61BDA0,0
0020861_80E7B02A0,0
0020861_80EA816A0,0
0020861_810AD8E50,0
0020861_81161A120,0
0020861_811977340,0
0020861_811CB2980,0
0020861_811CB7520,0
0020861_8126401A0,0
0020861_813049670,0
0020861_813C3C7D0,0
0020861_8142158A0,0
0020898_806A05F70,0
0020898_8081E8C10,0
0020898_808C98D50,0
0020898_808D020E0,0
0020898_808EA3DF0,0
0020898_80904DAB0,0
0020898_80993AD40,0
0020898_8099F3EF0,0
0020898_809B84630,0
0020898_809C643A0,0
0020898_809FD92B0,0
0020898_80A39A3D0,0
0020898_80A6217C0,0
0020898_80A72D480,0
0020898_80B493720,0
0020898_80B6C9530,0
0020898_80BF93CD0,0
0020898_80C03D300,0
0020898_80C25A270,0
0020898_80D27BF30,0
0020898_80D3608A0,0
0020898_80DA52650,0
0020898_80E0B0160,0
0020898_80EBAD560,0
0020898_80FEA3FA0,0
0020898_8104AF610,0
0020898_810AE7B80,0
0020898_811229FB0,0
0020898_811723640,0
0020898_8117273C0,0
0020898_812458A10,0
0020898_812CC7420,0
0020898_813014E90,0
0020898_8131AAA60,0
0020898_81334D210,0
0020898_8135A2FF0,0
0020898_8138FF7F0,0
0020898_8139A5200,0
0020898_813A04FD0,0
0021142_807B4F570,0
0021142_807BAB8A0,0
0021142_808026C90,0
0021142_808026CE0,0
0021142_80818F8E0,0
0021142_8081BCF80,0
0021142_808A4B990,0
0021142_809399F70,0
0021142_8093E4A50,0
0021142_8093E6CF0,0
0021142_80973CE60,0
0021142_8097669E0,0
0021142_80A2CFBC0,0
0021142_80A62A0A0,0
0021142_80A664CD0,0
0021142_80A88D560,0
0021142_80B2FB2F0,0
0021142_80BB330B0,0
0021142_80BCD71C0,0
0021142_80C8AAEF0,0
0021142_80D2BF4B0,0
0021142_80E3A4520,0
0021142_80E61CDE0,0
0021142_80E783FD0,0
0021142_8102D6110,0
0021142_8104EF940,0
0021142_810CBA370,0
0021142_8116196A0,0
0021142_811642210,0
0021142_811CA8A60,0
0021142_81266B5B0,0
0021142_8126D3E10,0
0021360_807D15CC0,0
0021360_8081D5F40,0
0021360_808227A10,0
0021360_8085205D0,0
0021360_8089B5B60,0
0021360_808BA73A0,0
0021360_808D69730,0
0021360_808EBA520,0
0021360_808F98170,0
0021360_808FE73B0,0
0021360_809B959A0,0
0021360_80B0AB5E0,0
0021360_80B43EAA0,0
0021360_80B8006F0,0
0021360_80BA9BFC0,0
0021360_80BFB8050,0
0021360_80C1340F0,0
0021360_80D54FA70,0
0021360_80DFD8F60,0
0021360_80E019800,0
0021360_80E6A5200,0
0021360_80ECE37D0,0
0021360_80F2BC4E0,0
0021360_80FCC0690,0
0021360_810D82D10,0
0021360_810DFF720,0
0021360_811162E70,0
0021360_811735CF0,0
0021360_8118E8880,0
0021360_811A07C20,0
0021360_812A34EA0,0
0021360_8130953D0,0
0021360_81314ECF0,0
0021360_81323FA60,0
0021360_8133C9090,0
0021360_813464FD0,0
0021360_8138F7B80,0
0021360_8146F0A30,0
0021813_8081AFA90,0
0021813_808338090,0
0021813_808717210,0
0021813_808CF5700,0
0021813_80990DD20,0
0021813_80A586640,0
0021813_80A800E20,0
0021813_80AFCF680,0
0021813_80B3DF320,0
0021813_80B536AF0,0
0021813_80B68D810,0
0021813_80BD8B270,0
0021813_80C3651F0,0
0021813_80C5685E0,0
0021813_80CBABF80,0
0021813_80D39F000,0
0021813_80D64A8C0,0
0021813_80D7D1590,0
0021813_80DD01880,0
0021813_80F5BF180,0
0021813_80FBED4D0,0
0021813_80FEA48D0,0
0021813_80FEE8640,0
0021813_810412ED0,0
0021813_8104FC1F0,0
0021813_812930020,0
0021813_8133800F0,0
0021813_813987BD0,0
0021813_813C52B20,0
0021922_806A72AE0,0
0021922_8080A3C50,1
0021922_808A4DB20,0
0021922_80949C640,0
0021922_80973EA20,0
0021922_809A1E650,0
0021922_80A5EA850,0
0021922_80AEF22B0,0
0021922_80AF02540,0
0021922_80AF4D260,0
0021922_80B5A8350,0
0021922_80B970140,0
0021922_80BA9DC80,0
0021922_80C2F94F0,0
0021922_80D484720,0
0021922_80E636E40,0
0021922_80EB14230,0
0021922_80F7C2240,0
0021922_81197B6F0,0
0021922_812792800,0
0022062_80847CC30,0
0022062_808A3A8F0,0
0022062_808A3AF80,0
0022062_8094D2AF0,0
0022062_80AF10360,0
0022062_80BC97F30,0
0022062_80BCB1680,0
0022062_80BEB4870,0
0022062_80DEC7850,0
0022062_80E785D60,0
0022062_80FFE7FB0,0
0022062_81028CCC0,0
0022062_810509680,0
0022062_810DCBB60,0
0022062_812430370,0
0022062_8124AC280,0
0022062_813CF6CA0,0
00220_800102D10,0
00220_800107860,0
00220_800109DF0,0
00220_80010C2F0,0
00220_800117BE0,0
00220_800117FF0,0
00220_80011D000,0
00220_800132390,0
00220_8001325C0,0
00220_800135370,0
00220_8001357A0,0
00220_8001357F0,0
00220_80013C280,0
00220_80013E150,0
00220_800146310,0
00220_800149210,0
00220_80014BCF0,0
00220_80014BF30,0
00220_80014C3E0,0
00220_80014F4C0,0
00220_800156930,0
00220_8001576B0,0
00220_800172FC0,0
00220_800187940,0
00220_8001908C0,0
00220_800190EB0,0
00220_800191D20,0
00220_800192280,0
00220_8001949F0,0
00220_800195970,0
00220_8001C8C50,0
00220_8001C8C51,0
00220_8001C9B30,0
00220_8001CF060,0
00220_8001DAF70,0
00220_8001E8C30,0
00220_8001EFA70,0
00220_800257BA0,0
00220_800257DA0,0
00220_80025CF70,0
00220_80025FDF0,0
00220_800263410,0
00220_8002680E0,0
00220_80026B6A0,0
00220_800297BA0,0
00220_8002B5EE0,0
00220_8002B6AE0,0
00220_8002BA6F0,0
00220_8002BBBC0,0
00220_8002CDF40,0
00220_8002FDB30,0
00220_8002FF7B0,0
00220_8003051E0,0
00220_800336B70,0
00220_80033D730,0
00220_800340AB0,0
00220_80034A300,0
00220_8003AEFD0,0
00220_8003B3A60,0
00220_8003B9190,0
00220_8003BA580,0
00220_8003C0EC0,0
00220_8003C3370,0
00220_8003D7DF0,0
00220_8003DC390,0
00220_800406C90,0
00220_80040CEE0,0
00220_800417140,0
00220_8004227C0,0
00220_800423C60,0
00220_80044D390,0
00220_8004518B0,0
00220_800456BE0,0
00220_8004586D0,0
00220_800458F40,0
00220_80045C9B0,0
00220_80045D5A0,0
00220_800463490,0
00220_800464590,0
00220_800464E60,0
00220_80047E7B0,0
00220_800482120,0
00220_8004B7C30,0
00220_8004C79A0,0
00220_8004D85F0,0
00220_8004DFA80,0
00220_80053A670,0
00220_800544180,0
00220_800560490,0
00220_800572CC0,0
00220_8005B3E40,0
00220_8005BE710,0
00220_800627F90,0
00220_80062BF20,0
00220_800645A90,0
00220_800646F90,0
00220_80067D4E0,0
00220_800686200,0
00220_8006BEDA0,0
00220_8006CCD20,0
00220_8006D3110,0
00220_8006D7CE0,0
00220_8006F8830,0
00220_8006F9240,0
00220_8006F9FB0,0
00220_800707390,0
00220_8007578B0,0
00220_80076AE60,0
00220_80078E8F0,0
00220_8007A5B70,1
00220_8007C4280,0
00220_8007F6680,0
00220_800888CF0,0
00220_8009AA0A0,0
00220_800A5F4C0,0
00220_800A8AA90,0
00220_800AF3870,0
00220_800B03380,0
00220_800B26C90,0
00220_800B29140,0
00220_800B36040,0
00220_800B37050,0
00220_800B799A0,0
00220_800BAA670,0
00220_800BD7870,0
00220_800BE2620,0
00220_800CC2550,0
00220_800CC9D80,0
00220_800CDBB10,0
00220_800D3F920,0
00220_800DCF120,0
00220_800DEF8A0,0
00220_800DEFBC0,0
00220_800DF6E40,0
00220_800E287D0,0
00220_800EBC450,0
00220_800F14020,0
00220_800F67080,0
00220_800F6AC80,0
00220_800F767D0,0
00220_800F8BDD0,0
00220_800FACB30,0
00220_800FAF410,0
00220_800FC98F0,0
00220_800FF56F0,0
00220_80100E850,0
00220_8010DFA40,0
00220_8010ED3B0,0
00220_8011799B0,0
00220_80121F290,0
00220_8012AB050,0
00220_8012EF600,0
00220_80130A8A0,0
00220_8013C9000,0
00220_8013E8300,0
00220_8013F4610,0
00220_801469810,0
00220_80156A460,0
00220_8015C2D50,0
00220_8015E65A0,0
00220_8016FC850,0
00220_801718B20,0
00220_80175DD40,0
00220_801772420,0
00220_801872B60,0
00220_801888550,0
00220_80188AE80,0
00220_8019319C0,0
00220_8019BDBF0,0
00220_8019C07A0,0
00220_8019D8DE0,0
00220_801AC7F40,0
00220_801B6EEE0,0
00220_801CB94B0,0
00220_801D663C0,0
00220_801DB3F40,0
00220_801E87F10,0
00220_801F2F350,0
00220_801F7CB30,0
00220_801F80650,0
00220_802001E70,0
00220_8023995E0,0
00220_8023F9A20,0
00220_802442CD0,0
00220_80249EFD0,0
00220_8025AF450,0
00220_80276B760,0
00220_80289D830,0
00220_802928390,0
00220_802ABCD50,0
00220_802ACBB60,0
00220_802AD5540,0
00220_802B46550,0
00220_802B8A5C0,0
00220_802CE4A20,0
00220_802D1DC40,0
00220_803184390,0
00220_80320C250,0
00220_803404D60,0
00220_80348A800,0
00220_8037871B0,0
00220_80394AA60,0
00220_803FE0740,0
00220_804190300,0
00220_8041BEE20,0
00220_804844A80,0
00220_8048E5600,0
00220_804D24400,0
00220_804DD5A10,0
00220_804E67530,0
00220_8051AE050,0
00220_8051D8730,0
00220_805235BF0,0
00220_8055502D0,0
00220_805709E50,0
00220_805B79520,0
00220_805B9A720,0
00220_805DF2C80,0
00220_805E93820,0
00220_805FAABA0,0
00220_80603E0C0,0
00220_80605A570,0
00220_8062EE980,0
00220_8065BE620,0
00220_806835640,0
00220_806964AD0,0
00220_806A3A380,0
00220_807253520,0
00220_807738690,0
00220_8077DC350,0
00220_807801950,0
00220_807A2DF10,0
00220_807CBF2E0,0
00220_80891C9E0,0
00220_808D2EC60,0
00220_808E80B80,0
00220_808F20FA0,0
00220_809751590,0
00220_8097ABF50,0
00220_809B732C0,0
00220_809B861A0,0
00220_809C2F780,0
00220_809C8B8B0,0
00220_809FA9F30,0
00220_80A6457A0,0
00220_80AEBB820,0
00220_80B4CF3E0,0
00220_80B81A7D0,0
00220_80C033AF0,0
00220_80C10F150,0
00220_80C50B660,0
00220_80D01F290,0
00220_80D56B8D0,0
00220_80DB5E2D0,0
00220_80DC89C10,0
00220_80DD717B0,0
00220_80ED56AC0,0
00220_80F2B2420,0
00220_8107809F0,0
00220_810C93D40,0
00220_810F4FF20,0
00220_811124F20,0
00220_8117207C0,0
00220_811E30BC0,0
00220_812B7D1C0,0
00220_812D9A350,0
00220_812EF9600,0
00220_812EF9DC0,0
00220_81313D2A0,0
00220_81328B9C0,0
00220_8132D6810,0
00220_8136BAEB0,0
00220_813AB2360,0
00220_813FE54A0,0
00220_814078410,0
00220_814212C30,0
0022575_808737630,0
0022732_80999DAA0,0
0022732_80A50B030,0
0022732_80AAE5B40,0
0022732_80AB1BF40,0
0022732_80AB71760,0
0022732_80B259E10,0
0022732_80B893550,0
0022732_80BAF45F0,0
0022732_80BFEBFF0,0
0022732_80C007B90,0
0022732_80C15F1B0,0
0022732_80C6EF540,0
0022732_80C8A9CD0,0
0022732_80D508770,0
0022732_80DA31A80,0
0022732_80DEE52E0,0
0022732_80E0510C0,0
0022732_80F71D8D0,0
0022732_80FFC3310,0
0022732_8106BE250,0
0022732_8111CA130,0
0022732_811E6E460,0
0022732_812199860,0
0022732_812FBCAF0,0
0022732_813105280,0
0022732_813BD41F0,0
0022732_813FE3020,0
0023003_808D13180,0
0023003_808F52220,0
0023003_80937B600,0
0023003_809775850,0
0023003_80AEFCEC0,0
0023003_80B322900,0
0023003_80B6A7CE0,0
0023003_80B78FCB0,0
0023003_80B7D0820,0
0023003_80B9F2B50,0
0023003_80C808470,0
0023003_80DD57290,0
0023003_80E092390,0
0023003_80F206750,0
0023003_80F366380,0
0023003_80FA54010,0
0023003_80FC1E200,0
0023003_810C28E20,0
0023003_810CA6850,0
0023003_811F82570,0
0023003_8125721F0,0
0023003_812646100,0
0023003_812664E10,0
0023497_808B07910,0
0023501_80AA977B0,0
0023538_808E030F0,0
0023538_8093CDF60,0
0023538_8097AB570,0
0023538_80A02CF10,0
0023538_80A5EED00,0
0023538_80ACA35A0,0
0023538_80AE6B180,0
0023538_80B822D20,0
0023538_80C5A01F0,0
0023538_80CA8F150,0
0023538_80CB83180,0
0023538_80D0C5CB0,0
0023538_80D1C1C20,0
0023538_80D6E6950,0
0023538_80D7ADBD0,0
0023538_80DDBF9B0,0
0023538_80DDF26A0,0
0023538_80ECB2060,0
0023538_80F91E070,0
0023538_80FF1AE10,0
0023538_8101F10F0,0
0023538_8104073C0,0
0023538_810ACD590,0
0023538_8132AE9F0,0
0023538_8135A9880,0
0023538_813676FD0,0
0023538_813A10A30,0
0023538_813B0FDE0,0
0023538_813FE84B0,0
0023538_81452DE10,0
0023554_809376DA0,0
0023554_8093F69A0,0
0023554_809404A00,0
0023554_80976E430,0
0023554_80B7C9FB0,0
0023554_80B9B0190,0
0023554_80D4DAE60,0
0023554_80DBB3170,0
0023554_80E695280,0
0023554_80FC26170,0
0023554_810298BA0,0
0023554_810F3A900,0
0023554_8125B3930,0
0023554_812B44F70,0
0023554_81330ECD0,0
002385_800E52520,0
002385_800EBCC40,0
002385_800EEB260,0
002385_800EFF200,0
002385_800F4BB50,0
002385_800F7DB60,0
002385_800FB6210,0
002385_801090590,0
002385_8011B2210,0
002385_8012A0B00,0
002385_801358800,0
002385_8013EF0C0,0
002385_8015B9890,0
002385_8015BDD30,0
002385_8015EF320,0
002385_801611BB0,0
002385_8016BB8A0,0
002385_8016CFD70,0
002385_8016D29A0,0
002385_8017B87A0,0
002385_8017BE910,0
002385_80192CA00,0
002385_80194D460,0
002385_801969920,0
002385_8019F1220,0
002385_801A3C2D0,0
002385_801BF9C00,0
002385_801CBB470,0
002385_801D78F80,0
002385_801F32ED0,0
002385_8021E2540,0
002385_802232190,0
002385_80227D680,0
002385_8022DE1F0,0
002385_8023205D0,0
002385_8023343D0,0
002385_8023677B0,0
002385_802448320,0
002385_802494060,0
002385_8024C7930,0
002385_8025B5810,0
002385_80272A710,0
002385_80290CB10,0
002385_802A147E0,0
002385_802B09220,0
002385_802C03AB0,0
002385_802C4ADC0,0
002385_802CA6CA0,0
002385_802DFFDF0,0
002385_802E2F120,0
002385_802E462E0,0
002385_803102720,0
002385_803160EF0,0
002385_8032DD640,0
002385_803347AE0,0
002385_8034E3EF0,0
002385_8035577B0,0
002385_803A63DD0,0
002385_803CB26C0,0
002385_803E42CD0,0
002385_803F18680,0
002385_803FF5F30,0
002385_80400E580,0
002385_8041D56F0,0
002385_804369230,0
002385_8043AADC0,0
002385_804738B40,0
002385_804AEE210,0
002385_804E13F20,0
002385_8052519A0,0
002385_8055D63B0,0
002385_80568D8B0,0
002385_8056F4F20,0
002385_80571D530,0
002385_80599E970,0
002385_805B55AA0,0
002385_805B79A20,0
002385_80602CEB0,0
002385_806174060,0
002385_806503AF0,0
002385_8065ECFC0,0
002385_806C6CAC0,0
002385_806D0B120,0
002385_806D38570,0
002385_807038CD0,0
002385_807564A50,0
002385_807585B70,0
002385_80773D260,0
002385_8079E8CD0,0
002385_807A3B1E0,0
002385_8081FBD80,0
002385_808211360,0
002385_808462C10,0
002385_808CD4900,0
002385_808E84E40,0
002385_808F8D800,0
002385_808F8D801,0
002385_808F90F00,0
002385_809AFA340,0
002385_80A58E280,0
002385_80BDBFFC0,0
002385_80C131360,0
002385_80D2A06A0,0
002385_80D2B0D60,0
002385_80DFBE410,0
002385_80E084530,0
002385_80E379840,0
002385_80E4A7780,0
002385_80EC51420,0
002385_81028EF10,0
002385_81040F8A0,0
002385_8105A2E60,0
002385_8110A1600,0
002385_81217A270,0
002385_812C7FCE0,0
002385_812EB6210,0
002385_81322BB50,0
002385_813450D70,0
002385_813A600C0,0
0024032_808D481B0,0
0024032_808EBB820,0
0024032_808F98A10,0
0024032_809C4B340,0
0024032_80AC91270,0
0024032_80AE77430,0
0024032_80B0C9BE0,0
0024032_80B269D60,0
0024032_80B54D610,0
0024032_80B5CEEE0,0
0024032_80B6CD3E0,0
0024032_80B7FBF50,0
0024032_80BB03320,0
0024032_80BECFBF0,0
0024032_80C259580,0
0024032_80C5AA5D0,0
0024032_80C6FB280,0
0024032_80D0774C0,0
0024032_80D7D2BF0,0
0024032_80DA4C2B0,0
0024032_80DB15390,0
0024032_80F2D6310,0
0024032_80F829290,0
0024032_80F892090,0
0024032_8104458F0,0
0024032_8110FF530,0
0024032_8118E5860,0
0024032_811A408B0,0
0024032_8126987A0,0
0024032_812B98230,0
0024032_812D59B30,0
0024032_812FA3E10,0
0024032_81395CF60,0
0024032_813A06500,0
0024032_813A09CD0,0
0024161_808FDDEB0,0
0024161_809054830,0
0024161_809054880,0
0024161_8091E7900,0
0024161_80931FA60,0
0024161_80935E400,0
0024161_80940F590,0
0024161_809658740,0
0024161_8097A8E20,0
0024161_80A06CEE0,0
0024161_80AB760D0,0
0024161_80B974B60,0
0024161_80C3BC6B0,0
0024161_80C543200,0
0024161_80C6B7900,0
0024161_80C6C8020,0
0024161_80D051360,0
0024161_80D197610,0
0024161_80D2D31B0,0
0024161_80D51F660,0
0024161_80D8B2520,0
0024161_80DF7DCE0,0
0024161_80ECA9180,0
0024161_80ED4EE10,0
0024161_80FE2B580,0
0024161_80FE2C8D0,0
0024161_8102A4640,0
0024161_811CA71C0,0
0024161_81299E7A0,0
0024161_812EDE190,0
0024161_8130F6FA0,0
0024161_81336BBC0,0
0024161_8136097C0,0
0024161_81417EFB0,0
002439_800EAFE30,0
002439_800EDEA10,0
002439_800F40ED0,0
002439_800F6B470,0
002439_800F92950,0
002439_800FEC650,0
002439_8010BAD50,0
002439_80116C970,0
002439_801191EC0,0
002439_801198F90,0
002439_8011AFF20,0
002439_8011D6E80,0
002439_80125F5A0,0
002439_801281350,0
002439_8012B6D20,0
002439_8012D23F0,0
002439_8012E4CB0,0
002439_8012EE8B0,0
002439_8013422C0,0
002439_80136AE50,0
002439_8013AD390,0
002439_80144C910,0
002439_80145E040,0
002439_801487C90,0
002439_80152CEE0,0
002439_801531410,0
002439_80153A8A0,0
002439_801572A20,0
002439_8016CE090,0
002439_801727900,0
002439_801730DA0,0
002439_801797BD0,0
002439_8017BF800,0
002439_80187DBE0,0
002439_801895AF0,0
002439_8019583C0,0
002439_8019F33B0,0
002439_801CDE360,0
002439_801DC6C70,0
002439_801DD2330,0
002439_801E78870,0
002439_801EA1E80,0
002439_8020252C0,0
002439_80229C660,0
002439_8022C2BF0,0
002439_802317790,0
002439_802321BA0,0
002439_80251D2D0,0
002439_8027CC920,0
002439_8028A7DD0,0
002439_80293DD80,0
002439_8029FF050,0
002439_802B0F030,0
002439_802B3DEF0,0
002439_802B9AF40,0
002439_802C928A0,0
002439_802CAD570,0
002439_802E16240,0
002439_8030B8EE0,0
002439_8031B59C0,0
002439_8032483E0,0
002439_80338C2F0,0
002439_80348FD90,0
002439_8034EBEC0,0
002439_803528C40,0
002439_8037C6AA0,0
002439_803A08780,0
002439_803AE4BE0,0
002439_803BDDC60,0
002439_8041B2E70,0
002439_804528840,0
002439_8047E8430,0
002439_804996960,0
002439_804E34F00,0
002439_804E5F010,0
002439_804E64180,0
002439_805093DD0,0
002439_80516B380,0
002439_805590A20,0
002439_8055AAAB0,0
002439_8058CCFF0,0
002439_805A705E0,0
002439_805AD9420,0
002439_805D1BA00,0
002439_805E91480,0
002439_80670D8C0,0
002439_806723A80,0
002439_8068AC520,0
002439_806A3D7F0,0
002439_806C85C90,0
002439_806D0EA80,0
002439_806D1E480,0
002439_806E8A0E0,0
002439_8070D0AF0,0
002439_807111230,0
002439_80754ED70,0
002439_8075BFC90,0
002439_807D71BD0,0
002439_807DC49F0,0
002439_808060490,0
002439_808702380,0
002439_8089332C0,0
002439_808C7A160,0
002439_808CBF400,0
002439_8092183B0,0
002439_809AE8D20,0
002439_809BF64F0,0
002439_80A267ED0,0
002439_80AD78540,0
002439_80B20E1C0,0
002439_80B2F68A0,0
002439_80B38A080,0
002439_80B5DE9B0,0
002439_80B939F80,0
002439_80BB4ACE0,0
002439_80BDF3AF0,0
002439_80C6C0D00,0
002439_80C900560,0
002439_80C9CBDF0,0
002439_80CBA6D40,0
002439_80D18DBE0,0
002439_80D640C10,0
002439_80D942F40,0
002439_80DA596E0,0
002439_80DDEDCD0,0
002439_80EEAD880,0
002439_80F7D3A90,0
002439_80F7EB680,0
002439_80FF10490,0
002439_81170B7C0,0
002439_811E6F810,0
002439_812FA7E40,0
002439_8132C81B0,0
002439_8133ED2A0,0
002439_8135B8380,0
0024424_8090441E0,0
0024424_80AAC7E80,0
0024424_80AE5EF00,0
0024424_80BB1C710,0
0024424_80BD4B170,0
0024424_80BE37830,0
0024424_80BF917E0,0
0024424_80C24D040,0
0024424_80C2C1840,0
0024424_80CC49E30,0
0024424_80D025550,1
0024424_80D327780,0
0024424_80DD810A0,0
0024424_80DD8A430,0
0024424_80DF1A4B0,0
0024424_80E7C8340,0
0024424_80EC73350,0
0024424_80ED51FD0,0
0024424_80F2048B0,0
0024424_810B15150,0
0024424_81119A300,0
0024424_8126C5BE0,0
0024424_812A53B50,0
0024424_812E8BD00,0
0024424_81329D8D0,0
0024424_8132E1F70,0
0024424_8136A0390,0
0024424_81397CEC0,0
0024424_813AE5570,0
0024424_8143422A0,0
0024424_8146F73A0,0
002454_800AF9840,0
002454_800F60A30,0
002454_800F6D2B0,0
002454_801000980,0
002454_801195A90,0
002454_8011B4450,0
002454_8011E3D10,0
002454_801241270,0
002454_801258C80,0
002454_8012BC870,0
002454_8012E8890,0
002454_80136FA50,0
002454_8013E4140,0
002454_8013EC0E0,0
002454_8015F7820,0
002454_8015FAE50,0
002454_8016A5820,0
002454_8017857C0,0
002454_801986A30,0
002454_801989940,0
002454_8019ABA60,0
002454_8019F0C00,0
002454_801A44D40,0
002454_801D4CB20,0
002454_801F75AA0,0
002454_80246DD30,0
002454_8027426F0,0
002454_802767E70,0
002454_8028775C0,0
002454_8029E9DF0,0
002454_802C382F0,0
002454_802C8D460,0
002454_802DDE860,0
002454_80303D670,0
002454_8030CEB60,0
002454_803233340,0
002454_8032B60F0,0
002454_8033ED7D0,0
002454_803720EA0,0
002454_80374BFB0,0
002454_803C84E40,0
002454_803C869B0,0
002454_803D33D90,0
002454_8040F6770,0
002454_804289D90,0
002454_80484D7D0,0
002454_80517B5E0,0
002454_8054AA040,0
002454_805A51000,0
002454_805A9CA20,0
002454_805BBF300,0
002454_8063F5480,0
002454_80672E4D0,0
002454_8067D3EA0,0
002454_806A81EF0,0
002454_806CA5440,0
002454_806CE0780,0
002454_807A179F0,0
002454_807B22D00,0
002454_80881F490,0
002454_80941CF80,0
002454_809EBFE60,0
002454_809F0A3D0,0
002454_80A0C2560,0
002454_80A0D4E10,0
002454_80A187AE0,0
002454_80A36B570,0
002454_80A8978A0,0
002454_80AAF46A0,0
002454_80AC99800,0
002454_80B28B850,0
002454_80B556260,0
002454_80B673100,0
002454_80BD96310,0
002454_80BECF030,0
002454_80BF80320,0
002454_80C0E30F0,0
002454_80D33D250,0
002454_80D7D5230,0
002454_80DACBA90,0
002454_80DB8EC40,0
002454_80DD14B90,0
002454_80F953160,0
002454_80FD5AB60,0
002454_8101F4700,0
002454_8104D7F70,0
002454_8106C4D50,0
002454_8106D5480,0
002454_810E40B70,0
002454_8111A9A50,0
002454_81171E060,0
002454_81297FA20,0
002454_812F102E0,0
002454_8134F9F80,0
0024550_808FEFD20,0
0024550_809355190,0
0024550_80971B910,0
0024550_809AF44D0,0
0024550_809BCED10,0
0024550_809BFB940,0
0024550_809C6D460,0
0024550_809FCBBD0,0
0024550_80A4DA360,0
0024550_80AAFDBF0,0
0024550_80AAFDBF1,0
0024550_80B32CFE0,0
0024550_80B6F1A80,0
0024550_80B7F80A0,0
0024550_80B9CECF0,0
0024550_80BF2D470,0
0024550_80BFC5B30,0
0024550_80CC4C800,0
0024550_80CDA1160,0
0024550_80D00DDB0,0
0024550_80D189980,0
0024550_80D1B7ED0,0
0024550_80D2DCC30,0
0024550_80D4BAF70,0
0024550_80DDCFD00,0
0024550_80DDEF5E0,0
0024550_80E074090,0
0024550_80E137D60,0
0024550_80E1BC1C0,0
0024550_80E380910,0
0024550_80E3FC120,0
0024550_80FFC2C40,0
0024550_810C52390,0
0024550_810C9A850,0
0024550_81170E610,0
0024550_8118C7A40,0
0024550_8118E85C0,0
0024550_812FC8E00,0
0024550_8132DDC30,0
002467_80077C370,0
002467_800ED2E70,0
002467_800F936F0,0
002467_800FD14E0,0
002467_801018DA0,0
002467_80102B720,0
002467_801040560,0
002467_8010795F0,0
002467_8010A1280,0
002467_8011093F0,0
002467_80113CDD0,0
002467_80120B110,0
002467_8012131D0,0
002467_801239740,0
002467_801272160,0
002467_8012769A0,0
002467_801320580,0
002467_8014A1CB0,0
002467_8014B23C0,0
002467_8014E3420,0
002467_8015024A0,0
002467_8015024A1,0
002467_80150E160,0
002467_801587E10,0
002467_8016074F0,0
002467_801626DC0,0
002467_8016455C0,0
002467_8016EBBD0,0
002467_801709510,0
002467_801841BC0,0
002467_801B17490,0
002467_801B40D50,0
002467_801BBED20,0
002467_801DF6F70,0
002467_801EDA0A0,0
002467_801F12A80,0
002467_801FBE900,0
002467_801FE3B90,0
002467_8020E8230,0
002467_80211FDC0,0
002467_8021302D0,0
002467_80217E080,0
002467_8023408D0,0
002467_80236BD00,0
002467_8023B5530,0
002467_80251AA10,0
002467_802591830,0
002467_8026E85C0,0
002467_8028215A0,0
002467_80282FA80,0
002467_8028C1D70,0
002467_802971130,0
002467_802A3BD60,0
002467_802A6C840,0
002467_802BF9290,0
002467_802C7BC60,0
002467_802E70EB0,0
002467_8031A0CA0,0
002467_8033DCE70,0
002467_8037B5400,0
002467_803CB4630,0
002467_8040ACEE0,0
002467_804346F00,0
002467_804760310,0
002467_8048795E0,0
002467_8048C3C90,0
002467_804921780,0
002467_804A66700,0
002467_804A68260,0
002467_804DC3350,0
002467_80527A3C0,0
002467_8053778A0,0
002467_805546BF0,0
002467_80575F040,0
002467_805D57CB0,0
002467_805E01DD0,0
002467_805FFAF50,0
002467_806ACC690,0
002467_807427AF0,0
002467_80746CFE0,0
002467_807606430,0
002467_807DD1460,0
002467_808218430,0
002467_808F519F0,0
002467_809C51840,0
002467_80A1C65B0,0
002467_80A346CA0,0
002467_80A481920,0
002467_80ABD6A70,0
002467_80B37C670,0
002467_80B426110,0
002467_80C63DD60,0
002467_80D7EB4B0,0
002467_80D8F2B90,0
002467_811617C90,0
002467_8119A26D0,0
002467_811F57180,0
002467_8128C3440,0
002467_8133C6B50,0
002467_813A1F240,0
0024779_8090E53A0,0
0024779_8091C8E10,0
0024779_80959A350,0
0024856_809316AF0,0
0024869_809FB56B0,0
0024869_809FE2FE0,0
0024869_80A02D140,0
0024869_80A4E8100,0
0024869_80A7DFDA0,0
0024869_80A7DFDF0,0
0024869_80A8F9470,0
0024869_80AC48310,0
0024869_80B29C820,0
0024869_80B6C6800,0
0024869_80BF317A0,0
0024869_80C6F6640,0
0024869_80CF9F420,0
0024869_80CFA4ED0,0
0024869_80D51FF00,0
0024869_80D7DE300,0
0024869_80D7FABF0,0
0024869_80DCA94A0,0
0024869_80ED32340,0
0024869_80F2DC7F0,0
0024869_8100B9FE0,0
0024869_8100D4600,0
0024869_8106CB2B0,0
0024869_810A3DFB0,0
0024869_8120719D0,0
0024869_81222ADA0,0
0024869_812D2DAE0,0
0024869_813070A00,0
0024869_8139E3D80,0
0024869_8139ED4B0,0
0024941_80919BBF0,0
0025309_80973D3F0,0
0025309_809840380,0
0025309_80A0BC560,0
0025309_80A2CF860,0
0025309_80A2D3960,0
0025309_80A88BE60,0
0025309_80B425E20,0
0025309_80B4296D0,0
0025309_80B67FF50,0
0025309_80B9AEBC0,0
0025309_80B9AF8C0,0
0025309_80B9C4C80,0
0025309_80B9E4C60,0
0025309_80BA3C370,0
0025309_80BB55540,0
0025309_80BCEDA80,0
0025309_80BF4F260,0
0025309_80C0B2F30,0
0025309_80C10FE90,0
0025309_80D55BCE0,0
0025309_80DDFA4B0,0
0025309_80E0C82C0,0
0025309_80EBD8FA0,0
0025309_810E25F00,0
0025309_812719590,0
0025309_812E94240,0
0025309_813F0F440,0
0025309_81408D8D0,0
0025337_807E27D50,0
0025337_80AE37E40,0
0025337_80B34AFB0,0
0025337_80BBBEAD0,0
0025337_80BBE7390,0
0025337_80BC8EDF0,0
0025337_80C53B830,0
0025337_80C886CA0,0
0025337_80D4D9650,0
0025337_80D4DBCB0,0
0025337_80E27C3D0,0
0025337_80E3A3A50,0
0025337_80E40E3B0,0
0025337_80EC13590,0
0025337_80ED6C260,0
0025337_810D886C0,0
0025337_811CB8770,0
0025382_8094C8750,0
0025382_80B5A6CB0,0
0025382_80B62F2E0,0
0025382_80B66D680,0
0025382_80BBDE170,0
0025382_80BC214C0,0
0025382_80BCC5040,0
0025382_80BCDDDE0,0
0025382_80BCE4BB0,0
0025382_80C20B090,0
0025382_80D141A70,0
0025382_80E559070,0
0025382_80E685E50,0
0025382_80EB35100,0
0025382_80F5131A0,0
0025382_80FF06370,0
0025382_8102BB050,0
0025382_811CFCD80,0
0025382_81252C730,0
0025382_81273F990,0
0025749_8096E4BC0,0
0025749_809F961C0,0
0025749_80A5996E0,0
0025749_80AB2F2B0,0
0025749_80ADFC970,0
0025749_80B410FB0,0
0025749_80B81CF40,0
0025749_80C0AB2E0,0
0025749_80CF5DAD0,0
0025749_80D1531E0,0
0025749_80D16A600,0
0025749_80D1DF7E0,0
0025749_80D344140,0
0025749_80D93F850,0
0025749_80DAA7680,0
0025749_80DFDEAC0,0
0025749_80E320930,0
0025749_80EF83A30,0
0025749_80F274E50,0
0025749_80F912D40,0
0025749_80FB28D90,0
0025749_80FBE1040,0
0025749_80FC05940,0
0025749_80FF106D0,0
0025749_8103FC810,0
0025749_8105AF520,0
0025749_810A3F400,0
0025749_810E0E280,0
0025749_81174D6D0,0
0025749_8124F2080,0
0025749_8126F4E60,0
0025749_812DC0670,0
0025749_8139BFD70,0
0025847_8097DD480,0
0025960_80A0355F0,0
0025960_80A8E02E0,0
0025960_80AC28E60,0
0025960_80B358C50,0
0025960_80B523ED0,0
0025960_80B67F960,0
0025960_80B8814D0,0
0025960_80B9DE6A0,0
0025960_80BBC3560,0
0025960_80D4B9500,0
0025960_80D657510,0
0025960_80DFD2C40,0
0025960_80E102FC0,0
0025960_80EC27940,0
0025960_80EDAF420,0
0025960_80F298510,0
0025960_80F9D5570,0
0025960_81026C6A0,0
0025960_810477280,0
0025960_81197C790,0
0025960_811AD6B30,0
0025960_812488200,0
0025960_812690430,0
0025960_813F133D0,0
002627_800FBA530,0
002627_800FC23E0,0
002627_800FCCED0,0
002627_801176D60,0
002627_801194720,0
002627_8011B3A70,0
002627_8011DC4E0,0
002627_801270700,0
002627_8012835B0,0
002627_801288110,0
002627_8012E01E0,0
002627_80130C800,0
002627_8013195D0,0
002627_80133A350,0
002627_80137F9A0,0
002627_8013C4210,0
002627_8013F90B0,0
002627_801455BD0,0
002627_801538B40,0
002627_801559870,0
002627_801615EF0,0
002627_801622FA0,0
002627_8016A6060,0
002627_801706100,0
002627_8017A1950,0
002627_8017C9E10,0
002627_801878FD0,0
002627_80192AC60,0
002627_80195D590,0
002627_801967230,0
002627_801972CE0,0
002627_801982A80,0
002627_8019876E0,0
002627_8019B9190,0
002627_8019EA610,0
002627_801A3B590,0
002627_801B23B80,0
002627_801BF5240,0
002627_801CF22B0,0
002627_801E2B0C0,0
002627_801E7D1D0,0
002627_801F89320,0
002627_802017E00,0
002627_802093C00,0
002627_8020D1C80,0
002627_8021E0090,0
002627_8021E6690,0
002627_8023D5B70,0
002627_80243E560,0
002627_8024A9DE0,0
002627_80253DD20,0
002627_802554550,0
002627_802651140,0
002627_802686D30,0
002627_8026A1970,0
002627_802A68E40,0
002627_802AC9220,0
002627_802B599A0,0
002627_802B60840,0
002627_802C53C60,0
002627_802C62F10,0
002627_802CDB510,0
002627_8032EA570,0
002627_80338E290,0
002627_8037B7660,0
002627_803B00300,0
002627_803C19670,0
002627_803E1CE10,0
002627_8042CDFB0,0
002627_8043F23F0,0
002627_80441D880,0
002627_804AF6ED0,0
002627_804D2A8B0,0
002627_805157D80,0
002627_80515D010,0
002627_8054B9690,0
002627_8058BAD70,0
002627_805AC4660,0
002627_805B253A0,0
002627_805CCBE00,0
002627_8063F5AE0,0
002627_8064E90F0,0
002627_8069DF900,0
002627_80709CF50,0
002627_807339100,0
002627_80734B0A0,0
002627_807359140,0
002627_8074E2500,0
002627_80754D390,0
002627_8076EE0B0,0
002627_807943C20,0
002627_8079C7AF0,0
002627_807AE7760,0
002627_807CA9530,0
002627_807F3DFC0,0
002627_80824DC70,0
002627_808559520,0
002627_8085AE020,0
002627_808A6B980,0
002627_808D18140,0
002627_808ED6FD0,0
002627_809FD7470,0
002627_80A19E250,0
002627_80A4A4790,0
002627_80AE42AB0,0
002627_80B3D0410,0
002627_80B558B60,0
002627_80B82A9A0,0
002627_80C273AC0,0
002627_80C56C840,0
002627_80D04CC50,0
002627_80D1E1160,0
002627_80D8AE060,0
002627_80DE724F0,0
002627_80E2C7260,0
002627_80E32A6F0,0
002627_80FBCDA80,0
002627_80FBF95D0,0
002627_810186CF0,0
002627_81025B900,0
002627_810C93A10,0
002627_810DC3A80,0
002627_8116F40A0,0
002627_8119D70C0,0
002627_812820DC0,0
002627_812975D30,0
002627_813487CA0,0
0026442_809BCC5A0,0
0026442_809C58F20,0
0026442_809F28CA0,0
0026442_809F82750,0
0026442_80A0D3480,0
0026442_80A0EF050,0
0026442_80A4A0580,0
0026442_80A58B760,0
0026442_80AC97690,0
0026442_80BD90B20,0
0026442_80BFF4DE0,0
0026442_80C0E3E20,0
0026442_80C6DB120,0
0026442_80C7C7D20,0
0026442_80CCCEC80,0
0026442_80D568280,0
0026442_80D943CD0,0
0026442_80DCC3670,0
0026442_80DFDE2F0,0
0026442_80E032BF0,0
0026442_80E044600,0
0026442_80E709780,0
0026442_80E738B10,0
0026442_80E90DD90,0
0026442_80ECEC790,0
0026442_80F2894F0,0
0026442_80F972AA0,0
0026442_8130FFB50,0
0026442_8131AC010,0
0026442_813576B90,0
0026442_814184720,0
0026592_809C5BA10,0
0026592_809E90020,0
0026592_80A74FD30,0
0026592_80AB1D710,0
0026592_80B22D890,0
0026592_80B3920F0,0
0026592_80B79D2B0,0
0026592_80B7B0A30,0
0026592_80B8335B0,0
0026592_80B8B52D0,0
0026592_80BAF4B00,0
0026592_80C0E2620,0
0026592_80C272410,0
0026592_80C7A0390,0
0026592_80CD9CF40,0
0026592_80CE67190,0
0026592_80D36BC20,0
0026592_80DC53700,0
0026592_80E4BB880,0
0026592_80E6BAB30,0
0026592_80E707360,0
0026592_80EC54850,0
0026592_80EDA5AF0,0
0026592_80FE6F530,0
0026592_80FFF3DF0,0
0026592_8110CCBB0,0
0026592_811142260,0
0026592_81182EFD0,0
0026592_8138F8560,0
0026592_813A01670,0
0026592_813F00590,0
0026698_809BFCDE0,0
0026698_80A0C3130,0
0026698_80A7E0550,0
0026698_80AA6B9F0,0
0026698_80AC4D4A0,0
0026698_80AE81EA0,0
0026698_80AEA0900,0
0026698_80B4DCBE0,0
0026698_80B6D8D20,0
0026698_80BEDC260,0
0026698_80BFC9710,0
0026698_80C118800,0
0026698_80C300A10,0
0026698_80D054210,0
0026698_80DA36530,0
0026698_80DC82610,0
0026698_80DFCD9E0,0
0026698_80E56E740,0
0026698_80E6E7730,0
0026698_80F029F30,0
0026698_80F2FACC0,0
0026698_80FC847F0,0
0026698_810A40BE0,0
0026698_811149A30,0
0026698_811716180,0
0026698_81174A6A0,0
0026698_811AC36C0,0
0026698_812672E50,0
0026698_812F0C780,0
0027365_80AB44DB0,0
0027365_80AB9C980,0
0027365_80ABD4180,0
0027365_80AF51740,0
0027365_80B35DC70,0
0027365_80B3D49E0,0
0027365_80B56E490,0
0027365_80B77EC70,0
0027365_80B7CDA20,0
0027365_80B8A40F0,0
0027365_80BA590A0,0
0027365_80BB23FB0,0
0027365_80BB6AC90,0
0027365_80BBA2620,0
0027365_80C2486A0,0
0027365_80D1E9A20,0
0027365_80D446760,0
0027365_80DEC2C00,0
0027365_80E08A190,0
0027365_80E3A2C70,0
0027365_80EC0EF80,0
0027365_80FBE8C00,0
0027365_80FC23DE0,0
0027365_8103CA720,0
0027365_810F6C110,0
0027365_811B256D0,0
0027365_8120E4980,0
0027402_80A09D7D0,0
0027402_80A238210,0
0027402_80B307E40,0
0027402_80B9AA2E0,0
0027402_80BA45CB0,0
0027402_80BAD2B70,0
0027402_80BBF3500,0
0027402_80BF970D0,0
0027402_80C8F11C0,0
0027402_80D231CB0,0
0027402_80DD53100,0
0027402_80E4B22B0,0
0027402_80E696150,0
0027402_80ED81AA0,0
0027402_81161C0E0,0
0027402_811629CE0,0
0027402_812552480,0
0027402_8130CE440,0
0027402_813BDB530,0
0027535_80AB91070,0
0027535_80AB91E40,0
0027535_80B44FAE0,0
0027535_80B4EC7C0,0
0027535_80B64F660,0
0027535_80B948230,0
0027535_80BC358E0,0
0027535_80BD06570,0
0027535_80BF38F30,0
0027535_80C0A5040,0
0027535_80D522980,0
0027535_80E7572B0,0
0027535_80FA51110,0
0027535_80FA54580,0
0027535_81028CC70,0
0027535_811093450,0
0027535_8110AAEE0,0
0027535_811977A20,0
0027535_812629730,0
0027535_81275EA20,0
0027564_8031F57C0,0
0027564_80A6C4D00,0
0027564_80AAD8870,0
0027564_80AE99F70,0
0027564_80AF9DBD0,0
0027564_80B381AE0,0
0027564_80B3C8FC0,0
0027564_80B45AF30,0
0027564_80B617BB0,0
0027564_80B7DCB10,0
0027564_80B85E2E0,0
0027564_80C9111F0,0
0027564_80D007BE0,0
0027564_80D148010,0
0027564_80D4920E0,0
0027564_80D941B90,0
0027564_80DA15F50,0
0027564_80E19D050,0
0027564_80E6C2430,0
0027564_80EC4CB00,0
0027564_80ED6F620,0
0027564_810809920,0
0027564_81244F5F0,0
0027564_812A68530,0
0027564_813051AD0,0
0027564_813997940,0
0027564_8140938B0,0
0027564_8144EB350,0
0027954_80498C6D0,0
0027954_80A334970,0
0027954_80AE2D840,0
0027954_80B472AE0,0
0027954_80BC027C0,0
0027954_80D2244F0,0
0027954_80D268EA0,0
0027954_80D3F64A0,0
0027954_80D938C10,0
0027954_80DA33DA0,0
0027954_80DC715B0,0
0027954_80E3564F0,0
0027954_80ECDEEC0,0
0027954_8100A2ED0,0
0027954_810AF6E50,0
0027954_810E690A0,0
0027954_811D66D90,0
0027954_8122E61F0,0
0027954_812EEB2B0,0
0027954_812EFFAC0,0
0027954_8136B96A0,0
0027954_81385BAD0,0
0027954_8139F7F00,0
002824_801133C30,0
002824_80114FE70,0
002824_801180810,0
002824_801181E30,0
002824_801198A00,0
002824_80126E850,0
002824_8012C6A30,0
002824_80133F240,0
002824_801360010,0
002824_801389B20,0
002824_80148E080,0
002824_801535F70,0
002824_8015CF450,0
002824_80160C3A0,0
002824_80161EB20,0
002824_80163FC30,0
002824_801647CA0,0
002824_8017317C0,0
002824_801779BC0,0
002824_8017A1000,0
002824_8019FDD50,0
002824_801D054A0,0
002824_801DB58E0,0
002824_801EEB890,0
002824_801F5D600,0
002824_802012040,0
002824_8021E24A0,0
002824_8023E3CE0,0
002824_8023ED4B0,0
002824_802467340,0
002824_802748330,0
002824_802818540,0
002824_8028D6DF0,0
002824_802AB3A30,0
002824_802B42540,0
002824_802B47140,0
002824_802BBBBD0,0
002824_802C494B0,0
002824_802CDE110,0
002824_802D82340,0
002824_802F7FC70,0
002824_8030D9A40,0
002824_803189D40,0
002824_8032362F0,0
002824_8032E43E0,0
002824_8034A01D0,0
002824_80351DCA0,0
002824_803681170,0
002824_80369DA60,0
002824_8037390A0,0
002824_80388E220,0
002824_803DC5E80,0
002824_803E44E30,0
002824_804000570,0
002824_8040B2FD0,0
002824_804126030,0
002824_80421E580,0
002824_80426F360,0
002824_804605200,0
002824_804C2CEC0,0
002824_804E5F3B0,0
002824_804F5ECE0,0
002824_805122FE0,0
002824_805222520,0
002824_8054B0680,0
002824_805549E20,0
002824_805AB1EF0,0
002824_805F9C1B0,0
002824_8062455D0,0
002824_806B750B0,0
002824_806C1A9F0,0
002824_806CE14B0,0
002824_8073043E0,0
002824_80736A3D0,0
002824_807F39A00,0
002824_8080636D0,0
002824_8081338E0,0
002824_808897CA0,0
002824_8088B65B0,0
002824_808EADAC0,0
002824_808FD5990,1
002824_8099EA420,0
002824_809C9D790,0
002824_80A0E5560,0
002824_80ACAE6A0,0
002824_80B48AFB0,0
002824_80BDBB530,0
002824_80C402B90,0
002824_80C485540,0
002824_80C6B3FD0,0
002824_80D20CE80,0
002824_80D29D7C0,0
002824_80D2D0300,0
002824_80DA3FC70,0
002824_80E1D5220,0
002824_80EB8A720,0
002824_80EDA64D0,0
002824_80F258B30,0
002824_80FAB04B0,0
002824_810F9BB10,0
002824_811522B50,0
002824_811522B51,0
002824_8122EABD0,0
002824_812835380,0
002824_812C50EC0,0
002824_813C6B730,0
002824_8140FD290,0
002845_80113DA30,0
002845_80115DC70,0
002845_8012202D0,0
002845_801268610,0
002845_8012750F0,0
002845_8012A2540,0
002845_8012BA9E0,0
002845_80137EB10,0
002845_8013CC530,0
002845_80141E3A0,0
002845_801506E40,0
002845_8015DBF30,0
002845_8016BC370,0
002845_8016CB0E0,0
002845_801719ED0,0
002845_8017A2F20,0
002845_801920EB0,0
002845_80196E270,0
002845_801B4CBF0,0
002845_801BDB210,0
002845_801D4C660,0
002845_801E2BC20,0
002845_801F794B0,0
002845_8021D80A0,0
002845_8021E4AC0,0
002845_8021FA0C0,0
002845_802321000,0
002845_80246F640,0
002845_8026A3AE0,0
002845_802744A00,0
002845_802750520,0
002845_8027673D0,0
002845_8028415C0,0
002845_802AB85A0,0
002845_802B24A10,0
002845_802C870F0,0
002845_802E9A010,0
002845_802EE2770,0
002845_8030DC050,0
002845_803247230,0
002845_80334B630,0
002845_803523610,0
002845_80354D9E0,0
002845_803648430,0
002845_803722790,0
002845_803774420,0
002845_8039C07D0,0
002845_803ADA890,0
002845_803ADA891,0
002845_803D42ED0,0
002845_803E1D6C0,0
002845_803FA2FE0,0
002845_8041B5E90,0
002845_8045C46C0,0
002845_80474EAE0,0
002845_8048442A0,0
002845_80490CCF0,0
002845_804D80770,0
002845_804DE0EF0,0
002845_804E4B4A0,0
002845_804E68DD0,0
002845_804E70DA0,0
002845_804E96600,0
002845_8050B0580,0
002845_805196500,0
002845_8051B9570,0
002845_8051E62D0,0
002845_805327000,0
002845_805463220,0
002845_8056F72F0,0
002845_80583C700,0
002845_805B45700,0
002845_805CBD610,0
002845_805CDCF00,0
002845_806430B90,0
002845_8064E27D0,0
002845_806C51580,0
002845_806E97460,0
002845_8070E53C0,0
002845_8074AECA0,0
002845_80765F500,0
002845_8080537C0,0
002845_8082F1290,0
002845_809350550,0
002845_8094703B0,0
002845_809898980,0
002845_8098B3400,0
002845_809B715A0,0
002845_809C6C8B0,0
002845_809F11CD0,0
002845_80A074640,0
002845_80A234650,0
002845_80A35FE60,0
002845_80A36A210,0
002845_80A7A0850,0
002845_80ACDB4D0,0
002845_80B20E970,0
002845_80B4BF8B0,0
002845_80B7EEBD0,0
002845_80BDEC2A0,0
002845_80C0BC610,0
002845_80C315D20,0
002845_80C4C3130,0
002845_80C812350,0
002845_80C95D120,0
002845_80D01D760,0
002845_80D16F4A0,0
002845_80D49AD70,0
002845_80DBB0E70,0
002845_80E1B2F60,0
002845_80E2F9840,0
002845_80E658770,0
002845_80FF85C60,0
002845_810B45BE0,0
002845_810D83440,0
002845_8111C11D0,0
002845_811238D90,0
002845_81173E700,0
002845_81189DC30,0
002845_8118E58B0,0
002845_812F0C190,0
002845_81322C1A0,0
002845_813AB1680,0
002845_813EF8070,0
002845_8141564A0,0
0028717_80B5A5C50,0
0028717_80B5F7B70,0
0028717_80B6AF410,0
0028717_80B78C470,0
0028717_80BF96260,0
0028717_80DDE9640,0
0028717_80DDFCA70,0
0028717_80E78A200,0
0028717_80E7A1870,0
0028717_811070750,0
0028717_812338450,0
0028717_81242C940,0
0028717_8126583D0,0
0028717_812744260,0
0028717_8128DCDF0,0
0028717_814469DC0,0
0028733_80AB8B160,0
0028733_80B556A50,0
0028733_80B861840,0
0028733_80BAC9A60,0
0028733_80BC245A0,0
0028733_80BFAD3E0,0
0028733_80C095200,0
0028733_80CD4BFB0,0
0028733_80CD8E490,0
0028733_80CE9D720,0
0028733_80CF6D240,0
0028733_80D065A40,0
0028733_80D197F50,0
0028733_80E49C380,0
0028733_810B15100,0
0028733_8111A6960,0
0028733_811F39490,0
0028733_812815AA0,0
0028733_8128206C0,0
0028733_812EF12E0,0
0028733_812FAC3F0,0
0028733_81301C8A0,0
0028733_813153420,0
0028733_813278210,0
0028733_813969920,0
0028733_8147D3970,0
0029003_80AEA7BD0,0
0029003_80AFB66A0,0
0029003_80B274060,0
0029003_80B7BFB00,0
0029003_80BB25EA0,0
0029003_80BEE1330,0
0029003_80C140EB0,0
0029003_80C2533F0,0
0029003_80DAC3BE0,0
0029003_80DE5B5C0,0
0029003_80DECDD50,0
0029003_80E3885A0,0
0029003_80ED26010,0
0029003_80F337AA0,0
0029003_80F3AD1A0,0
0029003_810463090,0
0029003_810525500,0
0029003_8107518C0,0
0029003_810DE2840,0
0029003_811C6E460,0
0029003_81245E4B0,0
0029003_8131C67C0,0
0029003_8141F4310,0
0029003_8142777C0,0
0029292_80B3E5FD0,0
0029292_80B7DFA80,0
0029292_80B7F1420,0
0029292_80BC0FF00,0
0029292_80CC4BA40,0
0029292_80CFFED90,0
0029292_80D078FB0,0
0029292_80D221350,0
0029292_80D2EC700,0
0029292_80D2EE7C0,0
0029292_80DA6BA00,0
0029292_80DBC06B0,0
0029292_8103892C0,0
0029292_8106FC8A0,0
0029292_810D0B660,0
0029292_8117A4390,0
0029292_811A6A9B0,0
0029292_812867060,0
0029292_812B09B20,0
0029292_812C56C20,0
0029292_812FA8DC0,0
0029292_813676870,0
0029292_81421F930,0
0029317_80AB1FB20,0
0029317_80AC9C600,0
0029317_80ACDAA40,0
0029317_80B300D10,0
0029317_80B391DA0,0
0029317_80B39CC10,0
0029317_80B512780,0
0029317_80B8B8380,0
0029317_80BBD05C0,0
0029317_80C0CFC50,0
0029317_80C33B250,0
0029317_80D01E0B0,0
0029317_80D06C1F0,0
0029317_80D100AB0,0
0029317_80D186BC0,0
0029317_80D3A4530,0
0029317_80D6E67C0,0
0029317_80D7E1E90,0
0029317_80DCC4260,0
0029317_80DDE54B0,0
0029317_80DE53760,0
0029317_80FC696B0,0
0029317_8106C9540,0
0029317_810B1D400,0
0029317_811222BA0,0
0029317_8114A3FF0,0
0029317_81180C9A0,0
0029317_8118BD8F0,0
0029317_811FB0CF0,0
0029317_812183900,0
0029317_812D9E090,0
0029317_8132E7230,0
0029317_81336F9E0,0
0029317_813850DE0,0
0029317_813976C80,0
0029317_813A84A10,0
0029435_80B52B5C0,0
0029435_80BC92580,0
0029435_80BF34460,0
0029435_80C227AF0,0
0029435_80D1E6FF0,0
0029435_80D536910,0
0029435_80D9311C0,0
0029435_80DE48320,1
0029435_80E2EA0D0,0
0029435_80E30B490,0
0029435_80E6F68A0,0
0029435_80EF334C0,0
0029435_810DD2B50,0
0029435_810FB4CC0,0
0029435_812C17FC0,0
002947_8011B81E0,0
002947_801228760,0
002947_8012C86E0,0
002947_8012F27D0,0
002947_801396B00,0
002947_8013EE0A0,0
002947_8015EFCE0,0
002947_801643C90,0
002947_8017CECF0,0
002947_801834370,0
002947_80195F9B0,0
002947_80199BBF0,0
002947_8019EF7D0,0
002947_801B4F0D0,0
002947_801BCD3A0,0
002947_802205A50,0
002947_802234E80,0
002947_802273B20,0
002947_8022AA220,0
002947_80230EC50,0
002947_802367080,0
002947_8024451F0,0
002947_802454BE0,0
002947_8024CC640,0
002947_802551BD0,0
002947_8027FCFA0,0
002947_802890EE0,0
002947_802C25B10,0
002947_802C367C0,0
002947_802CC0D00,0
002947_802E8B2A0,0
002947_802E98AD0,0
002947_802FAAF80,0
002947_803290390,0
002947_8034862D0,0
002947_8034BC810,0
002947_8034BE050,0
002947_803772850,0
002947_803BE86E0,0
002947_803D5FD10,0
002947_803F0ED50,0
002947_8042522C0,0
002947_804AF0DF0,0
002947_804D20410,0
002947_804DDD810,0
002947_804E2C820,0
002947_8052181F0,0
002947_80539FAF0,0
002947_805E78E80,0
002947_8066E2E10,0
002947_80683E460,0
002947_806D48E50,0
002947_806F41280,0
002947_80728E9F0,0
002947_807547D40,0
002947_807D43490,0
002947_8085584A0,0
002947_8087DAEC0,0
002947_808BDD4E0,0
002947_8090D6400,0
002947_8097A2450,0
002947_809C29A70,0
002947_80A4DC610,0
002947_80AAD36F0,0
002947_80ACE14A0,0
002947_80AE20480,0
002947_80B2F3CC0,0
002947_80B2F8C40,0
002947_80B3E7100,0
002947_80B5929F0,0
002947_80BD85A50,0
002947_80BDBA640,0
002947_80BE28150,0
002947_80BE28290,0
002947_80BFE4E80,0
002947_80C041BE0,0
002947_80C0CE8A0,0
002947_80C154670,0
002947_80CD7A500,0
002947_80D00EDF0,0
002947_80D185D40,0
002947_80D1B9C50,0
002947_80D4FE630,0
002947_80D5AF3A0,0
002947_80DEF4860,0
002947_80EC55210,0
002947_80F6AC7E0,0
002947_810DC05C0,0
002947_810F71AF0,0
002947_81110CF40,0
002947_81115ADD0,0
002947_8114A5AE0,0
002947_81164ADA0,0
002947_8117A2440,0
002947_813AD8340,0
002947_814159AE0,0
002952_800B01F90,0
002952_801229010,0
002952_80122B180,0
002952_801249DD0,0
002952_8012EE510,0
002952_8013060A0,0
002952_801341260,0
002952_80135BE40,0
002952_80136CAA0,0
002952_801390670,0
002952_801397230,0
002952_80150EEE0,0
002952_80156F650,0
002952_8015FF9A0,0
002952_8016149E0,0
002952_8016478D0,0
002952_8016D6BB0,0
002952_8016D8A40,0
002952_8016E36C0,0
002952_801729BB0,0
002952_80177B710,0
002952_8017FD160,0
002952_801837420,0
002952_801927E10,0
002952_801940410,0
002952_801948C50,0
002952_80199D1D0,0
002952_8019B6330,0
002952_8019BF710,0
002952_801A199F0,0
002952_801A567E0,0
002952_801AFAAD0,0
002952_801B1E880,0
002952_801BD73A0,0
002952_801C4F7C0,0
002952_801CE6490,0
002952_801D1A9E0,0
002952_801D414C0,0
002952_802200940,0
002952_8022785B0,0
002952_8023EE9E0,0
002952_802472540,0
002952_8027D8D60,0
002952_80284E090,0
002952_802AA4F20,0
002952_802AEF840,0
002952_802B6A2E0,0
002952_802BF6610,0
002952_802CBC900,0
002952_802CD04C0,0
002952_802CD61D0,0
002952_802D53570,0
002952_802E607A0,0
002952_802E6C6A0,0
002952_802F712C0,0
002952_8035004A0,0
002952_80369BDA0,0
002952_803781FC0,0
002952_803794110,0
002952_80394FFA0,0
002952_803C1B4D0,0
002952_8041D7270,0
002952_804298800,0
002952_804453A20,0
002952_8045E3030,0
002952_804846D70,0
002952_804D480D0,0
002952_804DD9E50,0
002952_804F58A70,0
002952_805117060,0
002952_80520F260,0
002952_80539CF20,0
002952_8059AA8E0,0
002952_805B58D80,0
002952_805EB17D0,0
002952_80672B120,0
002952_8067CAB60,0
002952_806A9ACE0,0
002952_806D37450,1
002952_806E754A0,0
002952_807AF5460,0
002952_807B58750,0
002952_807B9FD50,0
002952_808702FA0,0
002952_8088CBBC0,0
002952_808FC94A0,0
002952_809936BB0,0
002952_80A0F2F70,0
002952_80A6C3E80,0
002952_80A784730,0
002952_80AA76E20,0
002952_80AE02A90,0
002952_80B26F540,0
002952_80B697BD0,0
002952_80B6C4F80,0
002952_80BB3E4B0,0
002952_80BDB2E20,0
002952_80BEE0190,0
002952_80C1BCA50,0
002952_80C779CE0,0
002952_80C7F5310,0
002952_80C85B200,0
002952_80CF19430,0
002952_80D29E9B0,0
002952_80D2F7B80,0
002952_80D57DE30,0
002952_80DF99640,0
002952_80DFA2960,0
002952_80E0197B0,0
002952_80E06A3E0,0
002952_80E495E50,0
002952_80E972B30,0
002952_80EFECD30,0
002952_80F042050,0
002952_80F7CE4C0,0
002952_80FBEB9C0,0
002952_80FE70FB0,0
002952_810DDF380,0
002952_8111E3DE0,0
002952_811AC4800,0
002952_812530E40,0
002952_8130620D0,0
002952_8138F5160,0
002952_813F0C1A0,0
002952_813F861C0,0
0029802_80AE9CBE0,0
0029802_80B22F220,0
0029802_80B8F5FF0,0
0029802_80BFB2890,0
0029802_80C347F30,0
0029802_80C553D10,0
0029802_80CE2DFE0,0
0029802_80CF02280,0
0029802_80D0256E0,0
0029802_80DC72100,0
0029802_80E063890,0
0029802_80EFE3D20,0
0029802_80F643550,0
0029802_80F6E06B0,0
0029802_810B1B970,0
0029802_8110B8980,0
0029802_81233FCE0,0
0029802_813EFB690,0
0029814_80490F490,0
0029814_80AEF4AC0,0
0029814_80B603FE0,0
0029814_80BB69170,0
0029814_80BF3E8B0,0
0029814_80D538EA0,0
0029814_80DE0EDB0,0
0029814_80E66D1A0,0
0029814_80E7C14E0,0
0029814_80F09EED0,0
0029814_81059E000,0
0029814_8110DB490,0
0029814_811A911B0,0
0029814_812132670,0
0029814_8124FEAD0,0
002991_8012ACC80,0
002991_8012BFA60,0
002991_80130A020,0
002991_801460690,0
002991_801589DB0,0
002991_8016AC370,0
002991_8016BBF90,0
002991_80171FBC0,0
002991_801774050,0
002991_8017EA940,0
002991_8017EBA10,0
002991_801957AA0,0
002991_8019D8560,0
002991_801A082B0,0
002991_801A18A40,0
002991_801A26CA0,0
002991_801B4A790,0
002991_801B68FD0,0
002991_801BCE750,0
002991_801BFBD10,0
002991_801D0ABC0,0
002991_801E8E710,0
002991_80242F180,0
002991_80246F730,0
002991_8024A8820,0
002991_8025D0A50,0
002991_8025F4D10,0
002991_80260E490,0
002991_802818E90,0
002991_802A186C0,0
002991_802B8A3C0,0
002991_802B914D0,0
002991_802CCE400,0
002991_802E27790,0
002991_802E67B90,0
002991_803135530,0
002991_8032E3B10,0
002991_8034291E0,0
002991_80385B520,0
002991_803D5B250,0
002991_803DDECD0,0
002991_80406F920,0
002991_8041BF590,0
002991_8043BB7D0,0
002991_8043C29B0,0
002991_804452980,0
002991_804841080,0
002991_804E95E90,0
002991_8050972D0,0
002991_8050A4070,0
002991_80520F730,0
002991_8054B5560,0
002991_805A02D10,0
002991_805A6A330,0
002991_805DD9F00,0
002991_8065DE6C0,0
002991_806D1B900,0
002991_8076E3E40,0
002991_807DCE360,0
002991_807EB1310,0
002991_8090301F0,0
002991_80920E820,0
002991_80992FE30,0
002991_80A00BDB0,0
002991_80A00E360,0
002991_80B6E13A0,0
002991_80BBF2BB0,0
002991_80BF99480,0
002991_80C7C9B50,0
002991_80C809C90,0
002991_80D1682A0,0
002991_80D1F7680,0
002991_80D2E9710,0
002991_80D560530,0
002991_80DD0F570,0
002991_80DF886E0,0
002991_80E0CE730,0
002991_80EC3DC50,0
002991_80F90E7A0,0
002991_80FC69180,0
002991_81327AB00,0
002991_813905320,0
003045_80126BA90,0
003045_8013B9800,0
003045_8013BCED0,0
003045_8013D7B00,0
003045_80149FE40,0
003045_8014C2A20,0
003045_8014CF090,0
003045_801514C20,0
003045_801553270,0
003045_801554060,0
003045_8015BEB90,0
003045_8016A1760,0
003045_8016C63F0,0
003045_8016EC250,0
003045_8018AD420,0
003045_801AA8DC0,0
003045_801B0F000,0
003045_801B178B0,0
003045_801C1D5B0,0
003045_801C83050,0
003045_801CCD5C0,0
003045_801E09970,0
003045_801E16B20,0
003045_801E6AB10,0
003045_801ED2150,0
003045_801F93340,0
003045_801F98D80,0
003045_801F9EF10,0
003045_801FA2F80,0
003045_801FC1E80,0
003045_801FFEC30,0
003045_8020058A0,0
003045_802075B00,0
003045_8020DC050,0
003045_8020E0400,0
003045_8021A09B0,0
003045_8021E5680,0
003045_8023B1F80,0
003045_802570980,0
003045_8025BDC50,0
003045_8025DED60,0
003045_80262FB80,0
003045_802692F20,0
003045_8026932C0,0
003045_8027A31C0,0
003045_8027B8130,0
003045_8027EC420,0
003045_802A9C2A0,0
003045_802C6AC30,0
003045_802C8F9B0,0
003045_802DBF900,0
003045_802F16BE0,0
003045_802F56080,0
003045_80324F560,0
003045_80337ADE0,0
003045_80338F030,0
003045_80354FA50,0
003045_8040B6250,0
003045_804169420,0
003045_804349230,0
003045_804A60520,0
003045_804F6A090,0
003045_805064070,0
003045_805339580,0
003045_805A93BC0,0
003045_805AF3F30,0
003045_806810B70,0
003045_806880960,0
003045_80693C7D0,0
003045_806945030,0
003045_8069A1EF0,0
003045_8069BF150,0
003045_806C0BF30,0
003045_806CC4620,0
003045_80747FD80,0
003045_807B0EFA0,0
003045_807BD8680,0
003045_807E2DA10,0
003045_80882D5A0,0
003045_8088A2E10,0
003045_8089080C0,0
003045_808976230,0
003045_808D12DD0,0
003045_8093AC7E0,0
003045_80943CD30,0
003045_80965AFD0,0
003045_80BAD3930,0
003045_80BE57460,0
003045_80C0185F0,0
003045_80C1A2350,0
003045_80CD8DE00,0
003045_80DEB28B0,0
003045_8106D1930,0
003045_8119A44B0,0
003045_81291E0B0,0
003045_8131DED60,0
003051_8012C8D70,0
003051_80135BE90,0
003051_80147E7B0,0
003051_80152BF60,0
003051_801599D70,0
003051_8015C0110,0
003051_8015CCAC0,0
003051_8015D1580,0
003051_8016667A0,0
003051_801762400,0
003051_801784B90,0
003051_8017963E0,0
003051_8017CBF90,0
003051_8018041A0,0
003051_80188F5E0,0
003051_801893470,0
003051_801975840,0
003051_80198DE70,0
003051_801A2E5D0,0
003051_801A36C20,0
003051_801A9DD10,0
003051_801B1EA20,0
003051_801B1F590,0
003051_801BF6B00,0
003051_801BF73E0,0
003051_801C4CF50,0
003051_801CF51A0,0
003051_801D28990,0
003051_801D9FD00,0
003051_801F747D0,0
003051_8021B7020,0
003051_80229E810,0
003051_802393D80,0
003051_802401FC0,0
003051_802448370,0
003051_802A184D0,0
003051_802B9C890,0
003051_802BDF0E0,0
003051_802C06E00,0
003051_802DB2020,0
003051_802ED9BE0,0
003051_803291DC0,0
003051_8032BA650,0
003051_803413CC0,0
003051_803BED4D0,0
003051_803F0C670,0
003051_804281330,0
003051_804E5DD30,0
003051_804F627C0,0
003051_805176000,0
003051_8051BC6B0,0
003051_8052C9F10,0
003051_8053DEA50,0
003051_8056CAD80,0
003051_805DF0C20,0
003051_806307320,0
003051_806734420,0
003051_8073387A0,0
003051_807B8FAD0,0
003051_80852E310,0
003051_808573140,0
003051_809877890,0
003051_8099A38B0,0
003051_809B15D70,0
003051_80A0DE0B0,0
003051_80A573110,0
003051_80AE84880,0
003051_80B2F6230,0
003051_80B4478D0,0
003051_80B5E6300,0
003051_80B665D20,0
003051_80B8C64E0,0
003051_80BE0DE40,0
003051_80C2810F0,0
003051_80C3FBE40,0
003051_80CD07630,0
003051_80D2B7C30,0
003051_80D2C5680,0
003051_80D388D30,0
003051_80DAFA6D0,0
003051_80DBACAB0,0
003051_80DEE97C0,0
003051_80E308AD0,0
003051_80E41D9B0,0
003051_80E4A0740,0
003051_80E5018A0,0
003051_80E53FE80,0
003051_80FA45020,0
003051_810133E20,0
003051_810342CA0,0
003051_810437B60,0
003051_810DA8FB0,0
003051_810DA96D0,0
003051_810E69AD0,0
003051_8111CB090,0
003051_8111CB091,0
003051_81267C100,0
003051_812688C10,0
003051_812A3D2D0,0
003051_81330BC40,0
003051_813956150,0
003051_8144421E0,0
0030697_80BB902D0,0
0030697_80BCC2190,0
0030697_80BCC89B0,0
0030697_80DA8CA50,0
0030697_80DD58680,0
0030697_810C2B840,0
0030697_810FDD2B0,0
0030697_810FE5220,0
0030697_811648850,0
0030697_811967A00,0
0030697_8121BEE00,0
0030697_812534E70,0
0030697_812641950,0
0030775_80B3A8270,0
0030775_80B45CE50,0
0030775_80B4B0C80,0
0030775_80B4E6B10,0
0030775_80B6AB070,0
0030775_80B800BD0,0
0030775_80C376260,0
0030775_80C7DBFB0,0
0030775_80D2A8C80,0
0030775_80DF46DE0,0
0030775_80E2150C0,0
0030775_80F26F8F0,0
0030775_80F7CD520,0
0030775_8103EDEA0,0
0030775_81070B790,0
0030775_81396BDF0,0
0030850_80B70B880,0
0030850_80B70B8D0,0
0030850_80BA2A750,0
0030850_80BA96FF0,0
0030850_80BB6DC20,0
0030850_80BB99BD0,0
0030850_80C23E080,0
0030850_80D42A0A0,0
0030850_81071B520,0
0030850_812539130,0
0030851_80B473A70,0
0030851_80B6EB4A0,0
0030851_80B7E4EF0,0
0030851_80BD91820,0
0030851_80BDD5F90,0
0030851_80BFAADA0,0
0030851_80D1109F0,0
0030851_80D4CC670,0
0030851_80D56C660,0
0030851_80E101B40,0
0030851_80E322600,0
0030851_80E5F8990,0
0030851_80F35C330,0
0030851_80F956470,0
0030851_8102B6D90,0
0030851_8112C3DE0,0
0030851_8113F8C90,0
0030851_811462E00,0
0030851_8118D4DD0,0
0030851_811D2A6C0,0
0030851_811FE26D0,0
0030851_8123C7FB0,0
0030851_812698560,0
0030851_8139B3BF0,0
0030851_81482D1B0,0
0030974_80BB17DA0,0
0030974_80BFDC690,0
0030974_80C377780,0
0030974_80D106AF0,0
0030974_80D2856D0,0
0030974_80D6E2650,0
0030974_80DA351F0,0
0030974_80DA4F820,0
0030974_80DD33890,0
0030974_80DE54E60,0
0030974_80E3ADB20,0
0030974_80ED2CC20,0
0030974_8100C8F50,0
0030974_811253400,0
0030974_8119E7000,0
0030974_813091120,0
0030974_8143B84B0,0
0030974_81479EAB0,0
0031144_80B6A71F0,0
0031144_80BB70160,0
0031144_80BB70940,0
0031144_80BB70990,0
0031144_80D1EDCC0,0
0031144_80D543740,0
0031144_80D893AC0,0
0031144_80F7B71B0,0
0031144_810E77C40,0
0031144_810F91020,0
0031144_8121412A0,0
0031144_81220B830,0
0031144_8122FFDB0,0
0031144_8125C0660,0
0031144_8133A9D00,0
0031149_80B6B1850,0
0031149_80B9A0770,0
0031149_80BA19BE0,0
0031149_80BBE5260,0
0031149_80BBEBFA0,0
0031149_80C1B1AF0,0
0031149_80C7FDD80,0
0031149_80C8D8F60,0
0031149_80D3EFFD0,0
0031149_80D5E3710,0
0031149_80E0C3560,0
0031149_80E787440,0
0031149_80ECF4B10,0
0031149_80F29E6A0,0
0031149_80FE98090,0
0031149_810362100,0
0031149_8110A5BF0,0
0031149_8116766C0,0
0031149_811AB8FA0,0
0031149_812498B50,0
0031149_8125342E0,0
0031149_812748580,0
0031149_812E9FED0,0
0031161_80B69BAB0,0
0031161_80D1203B0,0
0031161_80D226E10,0
0031161_80D7B9180,0
0031161_80E056780,0
0031161_80E0F3A20,0
0031161_80E1B20D0,0
0031161_80E1E6720,0
0031161_80E2B90F0,0
0031161_80E384BF0,0
0031161_80EAEB870,0
0031161_80F8D3790,0
0031161_80FC3EC70,0
0031161_811B20F50,0
0031161_81245EC90,0
0031161_8132ABE20,0
0031161_813516B00,0
0031161_813A43600,0
0031161_813DA1840,0
0031208_80B6C88D0,0
0031208_80B85BF20,0
0031208_80BF5BCB0,0
0031208_80C250BD0,1
0031208_80C389770,0
0031208_80CB610E0,0
0031208_80D1369E0,0
0031208_80D147C90,0
0031208_80D365800,0
0031208_80D41C0A0,0
0031208_80D6385C0,0
0031208_80EB4FFD0,0
0031208_80F0FF0F0,0
0031208_80F28FCA0,0
0031208_80FF29BF0,0
0031208_810746500,0
0031208_812B9D870,0
0031208_813459510,0
003123_801298FE0,0
003123_8013B2E70,0
003123_8013BCDE0,0
003123_8013D2AC0,0
003123_8014AFEE0,0
003123_8014C0430,0
003123_8014FF2A0,0
003123_801586200,0
003123_8015ABEB0,0
003123_8015AD2B0,0
003123_8015C9EC0,0
003123_801600590,0
003123_801631450,0
003123_80167ED70,0
003123_8016867A0,0
003123_80180B450,0
003123_801826EE0,0
003123_801907890,0
003123_80196F9A0,0
003123_801A4A000,0
003123_801AF6300,0
003123_801B11470,0
003123_801B2ECF0,0
003123_801B32F20,0
003123_801B34F40,0
003123_801B3C920,0
003123_801B92740,0
003123_801BA1880,0
003123_801C245B0,0
003123_801C76870,0
003123_801C889E0,0
003123_801CD3A20,0
003123_801D37E70,0
003123_801E58150,0
003123_801E74E90,0
003123_801ED7660,0
003123_801EE07E0,0
003123_801EF1A20,0
003123_801F58190,0
003123_801F65B50,0
003123_8020DAB70,0
003123_80212F5C0,0
003123_80218F1A0,0
003123_8021AA900,0
003123_8021C1ED0,0
003123_802461420,0
003123_8024BBA40,0
003123_802507800,0
003123_8025302C0,0
003123_802612A00,0
003123_8026176E0,0
003123_802637CE0,0
003123_80265E690,0
003123_802A23CE0,0
003123_802A2B290,0
003123_802AA43B0,0
003123_802B095C0,0
003123_802C733E0,0
003123_802D22330,0
003123_802E9FF40,0
003123_80313E130,0
003123_803141510,0
003123_803366EA0,0
003123_80355EA60,0
003123_8037577D0,0
003123_803BAACD0,0
003123_8052A12C0,0
003123_8059EDBD0,0
003123_805A71420,0
003123_805A94E90,0
003123_80656AEB0,0
003123_806795460,0
003123_8067F6660,0
003123_8069BF830,0
003123_807766BB0,0
003123_8077CC800,0
003123_8077DD930,0
003123_807B15370,0
003123_807CCA0D0,0
003123_8081CD3A0,0
003123_8084826C0,0
003123_80858E270,0
003123_80A07F840,0
003123_80A6589E0,0
003123_80B544AC0,0
003123_80B5E1D80,0
003123_80B5F1930,0
003123_80B84FBC0,0
003123_80B916E80,0
003123_80BB3CF60,0
003123_80C88F050,0
003123_80D1028A0,0
003123_80DA63200,0
003123_80DF73BF0,0
003123_80E2774B0,0
003123_80E775210,0
003123_810105960,0
003123_811AE9380,0
003123_812557FF0,0
003123_81263AF60,0
003123_813329120,0
0031253_80B9AF160,0
0031253_80B9F7510,0
0031253_80BA8D920,0
0031253_80BC9E170,0
0031253_80C8BDB80,0
0031253_80D0DE9D0,0
0031253_80D296B70,0
0031253_80E755590,0
0031253_80EF308D0,0
0031253_80FB9F1D0,0
0031253_810CA06C0,0
0031253_810DCC200,0
0031253_811051140,0
0031253_8110E2450,0
0031253_8124A7A40,0
0031253_8128FF810,0
003144_8010E0D20,0
003144_8012C8CD0,0
003144_8012D1F10,0
003144_8013082E0,0
003144_801357CC0,0
003144_801387F20,0
003144_80145A790,0
003144_80153F0D0,0
003144_8015FE000,0
003144_8016D7060,0
003144_801714F50,0
003144_8017A58C0,0
003144_8017CB0A0,0
003144_80184B3A0,0
003144_80187DEC0,1
003144_8018A6AC0,0
003144_8018E4B80,0
003144_801946190,0
003144_80195FD50,0
003144_80198F170,0
003144_801A3E610,0
003144_801A9BD40,0
003144_801AB43E0,0
003144_801BEF160,0
003144_801C3C0D0,0
003144_801C3DD00,0
003144_801D202F0,0
003144_801D2A5D0,0
003144_801DCA970,0
003144_8022444D0,0
003144_80227ABA0,0
003144_8023FC370,0
003144_8024391B0,0
003144_80244F680,0
003144_80252C560,0
003144_802651710,0
003144_8027AEA30,0
003144_802913D10,0
003144_802920740,0
003144_802A1BD50,0
003144_802BCDEE0,0
003144_802C4DF40,0
003144_802C5E850,0
003144_8031BE530,0
003144_8032B62A0,0
003144_8032BB200,0
003144_803316660,0
003144_8035EA260,0
003144_80374D000,0
003144_803A09560,0
003144_803A36950,0
003144_803A91480,0
003144_8046E03E0,0
003144_804AF5D40,0
003144_804F55130,0
003144_804F60F20,0
003144_8050A2610,0
003144_805166B50,0
003144_8051A4490,0
003144_8053000A0,0
003144_805701F10,0
003144_8057E7700,0
003144_805CD0250,0
003144_805D9CDB0,0
003144_80601F1D0,0
003144_8063E8750,0
003144_806574940,0
003144_806A23030,0
003144_806DECE40,0
003144_8070C88B0,0
003144_807221E00,0
003144_807351F20,0
003144_8074ADBA0,0
003144_8074FFCD0,0
003144_8075F5B80,0
003144_807811270,0
003144_807A50080,0
003144_807C8E5B0,0
003144_8082F2570,0
003144_8089E9AD0,0
003144_808F83570,0
003144_809B1E080,0
003144_809EF6BB0,0
003144_809F7C030,0
003144_80A0647B0,0
003144_80A634410,0
003144_80A6D5600,0
003144_80B490F70,0
003144_80B657B40,0
003144_80B7EF770,0
003144_80B89B210,0
003144_80BED7B90,0
003144_80C5603D0,0
003144_80C70FC60,0
003144_80C81D8E0,0
003144_80C908BF0,0
003144_80CAD48F0,0
003144_80D46EF80,0
003144_80D51F380,0
003144_80DAD53F0,0
003144_80DF3DE70,0
003144_80DF8F090,0
003144_80DFAC270,0
003144_80DFCB380,0
003144_80E018810,0
003144_80E0B6050,0
003144_80E0C6470,0
003144_80F3E4F60,0
003144_80F63BA00,0
003144_80FE6AAF0,0
003144_810503210,0
003144_8114535D0,0
003144_81146ECE0,0
003144_811E262B0,0
003144_8122FD660,0
003144_81355B8B0,0
003144_813AC85E0,0
003149_80131F8A0,0
003149_8013388F0,0
003149_801340950,0
003149_801382380,0
003149_801391990,0
003149_801396E30,0
003149_8013DB9A0,0
003149_80145D1D0,1
003149_80149A480,0
003149_80156E5F0,0
003149_8015BA610,0
003149_801604310,0
003149_80160FA50,0
003149_801646C00,0
003149_80165F240,0
003149_8016CAE00,0
003149_8016DFDC0,0
003149_801709DD0,0
003149_801711840,0
003149_801763F00,0
003149_801786450,0
003149_8017E5210,0
003149_801855000,0
003149_801917BA0,0
003149_801987F50,0
003149_80198D8E0,0
003149_8019A1FB0,0
003149_801B0D040,0
003149_801BEB8A0,0
003149_801C3CA70,0
003149_801C9EA60,0
003149_801CCF940,0
003149_801DA9F90,0
003149_8021FCC70,0
003149_802207750,0
003149_80225C4B0,0
003149_802263D90,0
003149_802313140,0
003149_802400C30,0
003149_80247E780,0
003149_8024CC920,0
003149_8025ADBF0,0
003149_802743F00,0
003149_802926320,0
003149_802929390,0
003149_802B32580,0
003149_802B66000,0
003149_802C4C2D0,0
003149_803041A50,0
003149_803213640,0
003149_80326E620,0
003149_80327C2E0,0
003149_8032A65D0,0
003149_8032E2AA0,0
003149_803305770,0
003149_803319430,0
003149_803330150,0
003149_8033F95C0,0
003149_8034D4340,0
003149_803516DE0,0
003149_80353C6A0,0
003149_80359B630,0
003149_803A079A0,0
003149_803B94600,0
003149_803BCDC40,0
003149_803C0D030,0
003149_803E3D1E0,0
003149_804364BC0,0
003149_8043A3870,0
003149_804526F00,0
003149_80476CB20,0
003149_80479B700,0
003149_804D49040,0
003149_804F548F0,0
003149_805323390,0
003149_805A64F90,0
003149_805B28C60,0
003149_805EB30A0,0
003149_8063396C0,0
003149_8064123A0,0
003149_806639D80,0
003149_8067578C0,0
003149_806986160,0
003149_807338930,0
003149_8073E3D60,0
003149_8079A7560,0
003149_807D956B0,0
003149_807DA7030,0
003149_80820EF00,0
003149_8083371D0,0
003149_8085512D0,0
003149_8086C32D0,0
003149_808ADE0B0,0
003149_808D09CC0,0
003149_8091F3D90,0
003149_809AFA3E0,0
003149_809B0AB50,0
003149_809EBABF0,0
003149_80A3807D0,1
003149_80A585A10,0
003149_80A915D00,0
003149_80A9FB870,0
003149_80AE17150,0
003149_80B335500,0
003149_80B41C450,0
003149_80B4C18E0,0
003149_80B819CF0,0
003149_80BF756E0,0
003149_80C6DB8B0,0
003149_80CDE84B0,0
003149_80D2CA8E0,0
003149_80D2CFAE0,0
003149_80D335070,0
003149_80DCC4870,0
003149_80E0BA7C0,0
003149_80E128A50,0
003149_80E3F87A0,0
003149_80FB56620,0
003149_80FF056A0,0
003149_810264860,0
003149_8104C9F60,0
003149_8109FDD40,0
003149_8111F8870,0
003149_811A162F0,0
003149_812C515B0,0
003149_81313B6C0,0
003149_81392F070,0
003149_8141AFAC0,0
0031596_80BFD9240,0
0031596_80BFD9290,0
0031596_80D0DF2F0,0
0031596_80D199C40,0
0031596_80D206250,0
0031596_80D876800,0
0031596_80DA336D0,0
0031596_80DEE4FC0,0
0031596_80DFAD390,0
0031596_80E6F0D20,0
0031596_80E743CA0,0
0031596_80E75C100,0
0031596_80E91F720,0
0031596_80EC75C10,0
0031596_810324D50,0
0031596_8104B4F30,0
0031596_810B1E760,0
0031596_811770E30,0
0031596_811820BC0,0
0031596_8121A5BA0,0
0031596_812345920,0
0031596_81398AC50,0
0031596_81449BDC0,0
0031653_80BF74090,0
0031653_80C2085A0,0
0031653_80C308910,0
0031653_80C320550,0
0031653_80D1B2930,0
0031653_80DA5F540,0
0031653_80E029B60,0
0031653_80E0BA810,0
0031653_80E80CC60,0
0031653_80F242AA0,0
0031653_80F248130,0
0031653_810DA8D90,0
0031653_8113F0C30,0
0031653_81188A390,0
0031653_812FFFC90,0
0031653_8139A9610,0
0031720_80BA28100,0
0031720_80BA6DBC0,0
0031720_80BCF0C30,0
0031720_80C80D6A0,0
0031720_80D0A9380,0
0031720_80DE016A0,0
0031720_80E64A9A0,0
0031720_80E684AF0,0
0031720_80ED70810,0
0031720_80ED72450,0
0031720_810716370,0
0031720_810969560,0
0031720_810E21970,0
0031720_810E6F840,0
0031720_811AA1BF0,0
0031720_812262AB0,0
0031720_812497050,0
0031799_80BA7D2E0,0
0031799_80BB75640,0
0031799_80BC9DDC0,0
0031799_80BE2A5B0,0
0031799_80C539B70,0
0031799_80C8DAF30,0
0031799_80D102B10,0
0031799_80DE9AF20,0
0031799_80E2ED9C0,0
0031799_80E2F5B40,0
0031799_80E69FDD0,0
0031799_8103C2040,0
0031799_8110E3A10,0
0031799_8119A4010,0
0031799_812E4A930,0
0031799_8131C2630,0
0031799_814839530,0
0031809_80BBE91C0,0
0031809_80C28F640,0
0031809_80C630C80,0
0031809_80C892460,0
0031809_80C8DDF90,0
0031809_80CDE3300,0
0031809_80DA92D20,0
0031809_80EBBBA70,0
0031809_80F7C2AB0,0
0031809_80FA51200,0
0031809_8110434B0,0
0031809_8110DBED0,0
0031809_81306BF70,0
0031820_80BC92E00,0
0031820_80C230520,0
0031820_80C51F480,0
0031820_80E115270,0
0031820_80E279B00,0
0031820_80E36C8A0,0
0031820_80FBA7900,0
0031820_810B60950,0
0031820_81107DB70,0
0031820_811A8F210,0
0031820_8120E9150,0
0031820_8128D4FC0,0
0031961_80BD41E50,0
0031961_80E7B4F20,0
0031961_80F5115F0,0
0031961_8102C1E00,0
0031961_810804FD0,0
0031961_8109531F0,0
0031961_810B5B890,0
0031961_810CA8620,0
0031961_810E870A0,0
0031961_810FD2D60,0
0031961_8110AFF80,0
0031961_811664510,0
0032059_80B84DCD0,0
0032059_80BB7BE30,0
0032059_80BCB56B0,0
0032059_80BCE44A0,0
0032059_80DDD4D50,0
0032059_80F27AA30,0
0032059_810FC1340,0
0032297_80BCD1100,0
0032297_80BF3D5A0,0
0032297_80DA90B00,0
0032297_80DCDC7D0,0
0032297_80DE479E0,0
0032297_80E337F70,0
0032297_80E5F3D40,0
0032297_80E63ED50,0
0032297_80ECB7C60,0
0032297_8106C0D20,0
0032297_810B2B8E0,0
0032297_810FC54B0,0
0032297_811028100,0
0032297_81106E750,0
0032297_811D2DB50,0
003229_800B02D50,0
003229_8013689D0,0
003229_801374F60,0
003229_8013A3C10,0
003229_8014F2740,0
003229_80153EB50,0
003229_80156D110,0
003229_8015E4BB0,0
003229_801650340,0
003229_80165B9E0,0
003229_8016A99B0,0
003229_801765D10,0
003229_8017733A0,0
003229_8017A2670,0
003229_8017BF5F0,0
003229_801859EF0,0
003229_801896E00,0
003229_8019B1EF0,0
003229_8019FD940,0
003229_801BD79E0,0
003229_801BEBEE0,0
003229_801BF8C30,0
003229_801CFCCA0,0
003229_801D0F340,0
003229_801EB5540,0
003229_80208A8B0,0
003229_802107DB0,0
003229_802246040,0
003229_802281590,0
003229_8024694A0,0
003229_802506BD0,0
003229_8025B8FC0,0
003229_8025E8F40,0
003229_8027D96F0,0
003229_802851E00,0
003229_802859740,0
003229_80285ADF0,0
003229_8028DE080,0
003229_80290ECC0,0
003229_80291D760,0
003229_802936260,0
003229_8029764B0,0
003229_8029FAD10,0
003229_802BD9B40,0
003229_802C6BDA0,0
003229_802E079E0,0
003229_802E26950,0
003229_802E75D20,0
003229_802F1F740,0
003229_802FAA4D0,0
003229_803164610,0
003229_803344C10,0
003229_803401D20,0
003229_80345D3F0,0
003229_80371CFE0,0
003229_8037933B0,0
003229_803BE0F70,0
003229_803D69580,0
003229_803D8E830,0
003229_8041C1790,0
003229_804211F80,0
003229_80427B900,0
003229_804456760,0
003229_80484CF50,0
003229_804955CC0,0
003229_804B5AB60,0
003229_804E1B910,0
003229_804E33BE0,0
003229_804E74F90,0
003229_804E96070,0
003229_804EE6860,0
003229_804F313F0,0
003229_804F54F20,0
003229_80531CC60,0
003229_80593F210,1
003229_805973590,0
003229_805B27570,0
003229_805B88360,0
003229_805B96220,0
003229_805C90C40,0
003229_8062BCBB0,0
003229_8064E73E0,0
003229_8065BF270,0
003229_8068CD680,0
003229_806A87FA0,0
003229_806B00D40,0
003229_807565B20,0
003229_8075F5EE0,0
003229_8077D87E0,0
003229_8077D87E1,0
003229_807A3D020,0
003229_807C16A70,0
003229_807CBCB40,0
003229_80882C1F0,0
003229_8088EA780,0
003229_8093FEBB0,0
003229_809D621E0,0
003229_809FA78A0,0
003229_80A1824B0,0
003229_80A4D9C40,0
003229_80A77D9F0,0
003229_80AE04B40,0
003229_80B8E5690,0
003229_80BB65660,0
003229_80BDA1250,0
003229_80BDD9110,0
003229_80C2A2BD0,0
003229_80C7BF450,0
003229_80CD8D110,0
003229_80D06C910,0
003229_80D621A90,0
003229_80DCB4000,0
003229_80DD76C00,0
003229_80DDE2940,0
003229_80E6A67C0,0
003229_80E6C2DB0,0
003229_80ECE2800,0
003229_81037F4B0,0
003229_810A8F2D0,0
003229_810AEFC10,0
003229_8113F4A40,0
003229_811A23690,0
003229_812244D80,0
003229_812A43020,0
003229_812BC4410,0
0032317_80C23F160,0
0032317_80D0BB4A0,0
0032317_80D8EB2C0,0
0032317_80DE837D0,0
0032317_80F60C800,0
0032317_80F7E4F80,0
0032317_81096A940,0
0032317_810E370A0,0
0032317_812306460,0
0032317_81277F1F0,0
0032317_813AA71E0,0
0032375_80BDC61F0,0
0032375_80BF310B0,0
0032375_80C0F32F0,0
0032375_80D0A53B0,0
0032375_80D1D59D0,0
0032375_80D432E90,0
0032375_80D8025B0,0
0032375_80DA23080,0
0032375_80DD3E4B0,0
0032375_80E480620,1
0032375_80E583200,0
0032375_80E6B4DD0,0
0032375_80EC68B70,0
0032375_812782480,0
0032375_812B917E0,0
0032375_812C4A310,0
0032375_812C7DC60,0
0032375_81312EB20,0
0032375_8133E81B0,0
0032375_8139DEC30,0
0032375_81407AA10,0
0032405_80C29D6B0,0
0032405_80C531DC0,0
0032405_80C89B060,0
0032405_80DE4D190,0
0032405_80EC0A230,0
0032405_80F7AC180,0
0032405_80FBBB8B0,0
0032405_81210F620,0
0032405_81211A830,0
0032405_8126D6F90,0
0032405_812903D60,0
0032405_81339AA00,0
003242_80133FE80,0
003242_80148ECA0,0
003242_8014999D0,0
003242_8015303B0,0
003242_80156D740,0
003242_8016F97B0,0
003242_8018D8CF0,0
003242_80197B850,0
003242_801A06BB0,0
003242_801A7EC10,0
003242_801A849B0,0
003242_801AB0CC0,0
003242_801B8F820,0
003242_801C43B00,0
003242_801CA1CB0,0
003242_801CC7240,0
003242_801D27E30,0
003242_801D6DC70,0
003242_801DC7400,0
003242_801DC9150,0
003242_801E3E450,0
003242_802014460,0
003242_8021467E0,0
003242_802254480,0
003242_8022DF630,0
003242_8022E24E0,0
003242_802320BE0,0
003242_802456000,0
003242_80248C980,0
003242_8024ADA80,0
003242_8026A20B0,0
003242_80276D930,0
003242_8027BBEF0,0
003242_802ABCFA0,0
003242_802AE3870,0
003242_802CBFDA0,0
003242_802DB2450,0
003242_802E726B0,0
003242_8032F5360,0
003242_803395770,0
003242_8037747C0,0
003242_803A38750,0
003242_803AC4120,0
003242_804075760,0
003242_8041A4C00,0
003242_8041B84E0,0
003242_8044606C0,0
003242_8047F3080,0
003242_804AF2290,0
003242_804AFA6F0,0
003242_804C33740,0
003242_804D2A630,0
003242_804DD7CD0,0
003242_804E0C910,0
003242_805173C30,0
003242_80517AFB0,0
003242_8054BCA90,0
003242_805B2BBD0,0
003242_806045D10,0
003242_80660B1C0,0
003242_806B5A280,0
003242_806DD2FA0,0
003242_806E74100,0
003242_806E77AA0,0
003242_806E90B90,0
003242_806FDB150,0
003242_8072E7800,0
003242_8073E4930,0
003242_8077F5540,0
003242_807D18CF0,0
003242_807EB1A70,0
003242_8080B08A0,1
003242_8089DAA80,0
003242_8089EBE30,0
003242_808CA8BB0,0
003242_8093CDE70,0
003242_80984BFB0,0
003242_809B94300,0
003242_809F95D10,0
003242_80A03F050,0
003242_80A4D9140,0
003242_80AE8A5F0,0
003242_80B225DC0,0
003242_80B446AC0,0
003242_80B461BD0,0
003242_80B4C2080,0
003242_80B627F90,0
003242_80BBF6230,0
003242_80BECDBF0,0
003242_80BF2F3E0,0
003242_80BFAFB40,0
003242_80C377F50,0
003242_80C394570,0
003242_80D0C1AC0,0
003242_80D219460,0
003242_80D2F6C20,0
003242_80E7C7D60,0
003242_80E91D110,0
003242_80ED74870,0
003242_80FBF36D0,0
003242_80FEA1C50,0
003242_810024F20,0
003242_8102690A0,0
003242_8102CC610,0
003242_8103A4CF0,0
003242_810E8F060,0
003242_810EED800,0
003242_8110CD060,0
003242_811513C40,0
003242_811AB6EF0,0
003242_812606DB0,0
003242_8127CDFC0,0
003242_8131AC9C0,0
003242_8132F7780,0
003242_81394DF00,0
0032464_80C0AED90,0
0032464_80C5A2750,0
0032464_80D208AB0,0
0032464_80E6BBF00,0
0032464_80FEEEC90,0
0032464_8104B0230,0
0032464_811192C60,0
0032464_811222010,0
0032464_811729A60,0
0032464_811EFDF20,0
0032464_8126B72F0,0
0032464_812979C20,0
0032464_812B06230,0
0032464_812EC67F0,0
0032464_813905D50,0
0032464_81390BD10,0
0032464_814453F60,0
0032738_80C386A30,0
0032738_80DE6A400,0
0032738_80E006A90,0
0032738_80E708E20,0
0032738_80EA51810,0
0032738_80EE548B0,0
0032738_80FBCE4A0,0
0032738_80FBDB140,0
0032738_81050CDE0,0
0032738_811343420,0
0032738_812822F20,0
0032738_812C503D0,0
0033245_80CC3EC00,0
0033245_80DA872B0,0
0033245_80DE85DE0,0
0033245_80E73DAB0,0
0033245_80E7703E0,0
0033245_80EFD7C90,0
0033245_80F8D13B0,0
0033245_80FC1D800,0
0033245_8102BC2A0,0
0033245_8110660B0,0
0033245_811D1E1F0,0
0033245_8128D4E30,0
0033245_8128EC6B0,0
0033264_80C5EB370,0
0033264_80C778E20,0
0033264_80D1DFBA0,0
0033264_80D2D50E0,0
0033264_80D327540,0
0033264_80D73E480,0
0033264_80D7F1430,0
0033264_80DEF7860,0
0033264_80DF17C60,0
0033264_80E0A1A30,0
0033264_80E122690,0
0033264_80E426590,0
0033264_80E4BA6B0,0
0033264_80F62D2F0,0
0033264_81015ADC0,0
0033264_8105078F0,0
0033264_810AED290,0
0033264_810B4CA70,0
0033264_81104CFE0,0
0033264_8110928F0,0
0033264_8116BA7B0,0
0033264_812982F90,0
0033264_812B2CE50,0
0033264_8132AC130,0
0033264_813573DF0,0
0033264_813A35A80,0
0033264_813A9ADA0,0
0033264_8143CC830,0
0033355_80C7D9430,0
0033355_80C84EEC0,0
0033355_80D0610C0,0
0033355_80D2E4190,0
0033355_80D3B0F00,0
0033355_80D42CF40,0
0033355_80DD29680,0
0033355_80DF29680,0
0033355_80E49D0B0,0
0033355_80E955F50,0
0033355_80E995D70,0
0033355_80FF3F7B0,0
0033355_810B481D0,0
0033355_811478410,0
0033355_811AAAD70,0
0033355_8132FDC40,0
0033355_813818040,0
0033355_814191640,0
003335_801422170,0
003335_8014E38A0,0
003335_8014ED570,0
003335_801501D60,0
003335_8015BD580,0
003335_8016384D0,0
003335_8016929E0,0
003335_8016ACA20,0
003335_8016B8740,0
003335_8018B7690,0
003335_8018DA2B0,0
003335_80190B350,0
003335_801971680,0
003335_801A9FCD0,0
003335_801ACE2C0,0
003335_801B6DFF0,0
003335_801B82050,0
003335_801C00E80,0
003335_801C5FE30,0
003335_801C912F0,0
003335_801C94A20,0
003335_801CCE830,0
003335_801DE5290,0
003335_801E4A280,0
003335_801E99460,0
003335_801EDCEC0,0
003335_801EFD870,0
003335_801F26870,0
003335_802004740,0
003335_802053830,0
003335_8020E94F0,0
003335_8020F23C0,0
003335_80212E540,0
003335_80239DD20,0
003335_802501FA0,0
003335_802525020,0
003335_802528310,0
003335_8025A0AB0,0
003335_8025A8DB0,0
003335_8026FCD00,0
003335_802803F60,0
003335_80281F780,0
003335_80283A9D0,0
003335_8028EBB30,0
003335_802905D40,0
003335_802A32330,0
003335_802A404E0,0
003335_802A479A0,0
003335_802C82EF0,0
003335_802D5B450,0
003335_8031C49A0,0
003335_80326C310,0
003335_8032C6AA0,0
003335_8033D7620,0
003335_8033DC530,0
003335_8041C3EA0,0
003335_8042C0850,0
003335_8048F1CA0,0
003335_804A64560,0
003335_804E2FF50,0
003335_80528C680,0
003335_80558AD20,0
003335_805846B60,0
003335_805EFC660,0
003335_8067BB440,0
003335_8068A6340,0
003335_8069E8600,0
003335_806E7FB40,0
003335_807462BA0,0
003335_807765950,0
003335_80781FDE0,0
003335_807892B80,0
003335_807949BB0,0
003335_807A55A80,0
003335_80817E8F0,0
003335_80821F6F0,0
003335_80881AD60,0
003335_809C2B0A0,0
003335_80A65DB40,0
003335_80AB57D20,0
003335_80AB69A40,0
003335_80AC27DA0,0
003335_80B31AED0,0
003335_80B37CD50,0
003335_80B653760,0
003335_80B9B41D0,0
003335_80CC50330,0
003335_80D4D6BA0,0
003335_80D9EA9F0,0
003335_80DE51270,0
003335_80E0543D0,0
003335_80E7ADEC0,0
003335_80F2809C0,0
003335_80FB99D10,0
003335_80FFE1DF0,0
003335_810707880,0
003335_810E06840,0
003335_811B192B0,0
003335_8120EC8D0,0
003335_8121DA1F0,0
003335_8122FEA40,0
003335_812301690,0
003335_8125A1070,0
0033389_80C827430,0
0033389_80D07FAD0,0
0033389_80D397120,0
0033389_80D4A27A0,0
0033389_80D7F65E0,0
0033389_80DF3D6A0,0
0033389_80DF6B370,0
0033389_80E324060,0
0033389_80E54E650,0
0033389_80E5BBAA0,0
0033389_80E89BB90,0
0033389_80EB53220,0
0033389_80ECD85B0,0
0033389_80EF3C0B0,0
0033389_80F6168C0,0
0033389_8100AA7E0,0
0033389_81048BD00,0
0033389_810C0C340,0
0033389_8114A60C0,0
0033389_811781E20,0
0033389_8122F2840,0
0033389_8123C5D40,0
0033389_812562940,0
0033389_812F2BDB0,0
0033389_8143AE450,0
0033389_8144460B0,0
0033389_8148373D0,0
0033426_80D512870,0
0033426_80DB42F60,0
0033426_80DBBFE60,0
0033426_80DD74250,0
0033426_80E052CB0,0
0033426_80E6BCB10,0
0033426_80E6BD420,0
0033426_80EFEDD50,0
0033426_80F24B0C0,0
0033426_80FE9C050,0
0033426_8105BAE20,0
0033426_8106DF250,0
0033426_8127CDA70,0
0033426_812B0D890,0
0033426_812D76110,0
0033426_8133E6A90,0
0033426_81417D400,0
0033456_80D421010,0
0033456_80DF318B0,0
0033456_80E2FDAD0,0
0033456_80F2FBAB0,0
0033456_8100B4240,0
0033456_81292A860,0
0033456_8139606D0,0
0033456_813A0DA80,0
0033739_80CBF5E20,0
0033780_80C778BE0,0
0033780_80C855580,0
0033780_80C9C1F60,0
0033780_80CF96EC0,0
0033780_80D0B7820,0
0033780_80D2D1BF0,0
0033780_80D4B3CF0,0
0033780_80E387580,0
0033780_80EBB0470,0
0033780_80FBE21D0,0
0033780_80FF27E60,0
0033780_810DDD0C0,0
0033780_811A5AD70,0
0033780_811C21020,0
0033780_811DF0F00,0
0033780_812C4B5D0,0
0033780_813AE13E0,1
0033780_814221450,0
0034183_80CEE5360,0
0034183_80D00DAB0,0
0034183_80D2877E0,0
0034183_80D4C8C10,0
0034183_80D64F140,0
0034183_80D8A1BF0,0
0034183_80E317500,0
0034183_80FBF4850,0
0034183_80FF34EE0,0
0034183_810507110,0
0034183_810AF08D0,0
0034183_810DB6DE0,0
0034183_81108D940,0
0034183_8111A8DB0,0
0034183_8111B42B0,0
0034183_813321760,0
0034183_813462B20,0
003420_800AFD800,0
003420_801465820,0
003420_80155AC90,0
003420_8015F44D0,0
003420_801694660,0
003420_8017BD3D0,0
003420_8017D6A50,0
003420_8017E7830,0
003420_8018A75F0,0
003420_8018E7CF0,0
003420_80197CF20,0
003420_801A41D10,0
003420_801B5D450,0
003420_801BDB970,0
003420_801D42EA0,0
003420_801D6CB40,0
003420_801D9FF00,0
003420_801E8DCB0,0
003420_801EAFFB0,0
003420_801F857A0,0
003420_802019C40,0
003420_8021DB060,0
003420_802341D30,0
003420_80241F490,0
003420_80249BE00,0
003420_8025B88C0,0
003420_80274E0F0,0
003420_802773F50,0
003420_8027BA360,0
003420_80291FB20,0
003420_802A65B30,0
003420_802BC9EE0,0
003420_802E00850,0
003420_802E11D20,0
003420_802E22B50,0
003420_802E5BE90,0
003420_802FACFC0,0
003420_8030AD2E0,0
003420_80317A730,0
003420_8031B1C20,0
003420_80327F1A0,0
003420_8032E3D40,0
003420_803464720,0
003420_8034F7090,0
003420_80351CCC0,0
003420_8035F9CB0,0
003420_80363B440,0
003420_8037698C0,0
003420_80378DAC0,0
003420_8037CD8C0,0
003420_803A8F4C0,0
003420_803B2D9F0,0
003420_803CA6390,0
003420_803D78810,0
003420_803FFC700,0
003420_80400A1D0,0
003420_8040D1940,0
003420_8042ECCB0,0
003420_804454BA0,0
003420_8045CB940,0
003420_80483C960,0
003420_80486D360,0
003420_8048B6DE0,0
003420_804D1B5E0,0
003420_804E44FD0,0
003420_8051C1540,0
003420_8052E1F50,0
003420_8057DFB20,0
003420_80591B1B0,0
003420_80623EE30,0
003420_8065CEC10,0
003420_806CB95F0,0
003420_8077EE700,0
003420_807AE4790,0
003420_807F48AC0,0
003420_808716450,0
003420_808F28230,0
003420_808FDDC80,0
003420_809927340,0
003420_809C69990,0
003420_80ACAB840,0
003420_80ACD6310,0
003420_80AD430B0,0
003420_80B3A0280,0
003420_80B3A20C0,0
003420_80B405270,0
003420_80B43B160,0
003420_80B7996F0,0
003420_80B804500,0
003420_80B815160,0
003420_80B86DD10,0
003420_80B895250,0
003420_80BBC9DA0,0
003420_80C402BE0,0
003420_80C5773D0,0
003420_80D0032E0,0
003420_80D420210,0
003420_80DCBE800,0
003420_80DF9A6C0,0
003420_80E5832A0,0
003420_80EC77170,0
003420_80F1EED40,0
003420_80FA426A0,0
003420_80FC88EC0,0
003420_80FEE39A0,0
003420_8106F9D40,0
003420_810868D50,0
003420_8116F1400,0
003420_81173E920,0
003420_8128281C0,0
003420_812CCB880,0
003420_8131B15E0,0
003420_81356F840,0
003420_813B04890,0
003420_8142FA070,0
003489_8015225F0,0
003489_801541E50,0
003489_80154D4D0,0
003489_8015BCA20,0
003489_8015D3620,0
003489_80167D5B0,0
003489_801737EE0,0
003489_8018CEC30,0
003489_8018DE720,0
003489_8018F1900,0
003489_801A35020,0
003489_801A35B90,0
003489_801A742D0,0
003489_801AE0AB0,0
003489_801AE4070,1
003489_801B124B0,0
003489_801BCAEA0,0
003489_801CA4420,0
003489_801CBF8C0,0
003489_801CCD000,0
003489_801E0F9D0,0
003489_801ED21A0,0
003489_8020311E0,0
003489_802033080,0
003489_80205B940,0
003489_8020DB460,0
003489_802111CD0,0
003489_80212D9A0,0
003489_802177580,0
003489_802206D80,0
003489_802241F30,0
003489_8022D6B10,0
003489_8022E8E00,0
003489_8023369F0,0
003489_80237B300,0
003489_8023A9A60,0
003489_80240A310,0
003489_8025432D0,0
003489_802648830,0
003489_80267BCB0,0
003489_8026C3A70,0
003489_8026E0800,0
003489_80271FED0,0
003489_8027A2DB0,0
003489_8027DFD50,0
003489_8028C1E60,0
003489_8029E92E0,0
003489_802A618B0,0
003489_802ACA050,0
003489_802B4AD70,0
003489_802D7A2F0,0
003489_802DB8C60,0
003489_802F02560,0
003489_802F5FE70,0
003489_803CE0560,0
003489_80419FC00,0
003489_8043EEB20,0
003489_804476DE0,0
003489_804AC5940,0
003489_80512D2F0,0
003489_8052D2570,0
003489_80565D010,0
003489_805B6ADB0,0
003489_80679C3C0,0
003489_8068813F0,0
003489_806896320,0
003489_8068F50D0,0
003489_8068FC330,0
003489_8075E2FF0,0
003489_807AD73F0,0
003489_807B41D40,0
003489_807B55110,0
003489_807BD2150,0
003489_80810F610,0
003489_8084C2070,0
003489_8088ECD90,0
003489_808977360,0
003489_80AF005E0,0
003489_80B506F20,0
003489_80B589960,0
003489_80B695990,0
003489_80BB7FEC0,0
003489_80BC312E0,0
003489_80D23CA10,0
003489_80F1091F0,0
003489_81028FB30,0
003489_810674140,0
003489_810B2E920,0
003489_811606340,0
003489_811EE8CA0,0
003489_812713670,0
0035036_80D3762F0,0
0035036_80D5B4070,0
0035036_80D88FE40,0
0035036_80DE5A410,0
0035036_80EC34E90,0
0035036_810531CC0,0
0035036_810F49D00,0
0035036_810F51610,0
0035036_8111DB0F0,0
0035036_811A89090,0
0035036_812D61A30,0
0035036_8135F38D0,0
003514_8014FF4B0,0
003514_801504860,0
003514_801511050,1
003514_8015188E0,0
003514_80152A1A0,0
003514_80154B1E0,0
003514_801669F50,0
003514_801815EB0,0
003514_801863730,0
003514_8018B12C0,0
003514_8018B3140,0
003514_8019CAA60,0
003514_801A2B720,0
003514_801AC4B40,0
003514_801B84390,0
003514_801DE4590,0
003514_801E5CFE0,0
003514_801E8C050,0
003514_801F01F40,0
003514_801F01F41,0
003514_801FD95D0,0
003514_802044A20,0
003514_802071C90,0
003514_802085580,0
003514_802085581,0
003514_8020DD140,0
003514_8022329C0,0
003514_80223FF00,0
003514_8023C2B80,0
003514_802584A20,0
003514_8025E16D0,0
003514_802673870,0
003514_8026738C0,0
003514_80269D820,0
003514_8026CC350,0
003514_8026FC2F0,0
003514_80272E8F0,0
003514_8028872B0,0
003514_8029CE620,0
003514_8029DA1F0,0
003514_802AF2300,0
003514_802B07AC0,0
003514_802BB33D0,0
003514_802C299D0,0
003514_802C8DF30,0
003514_802CF64C0,0
003514_802D1A6B0,0
003514_802D5C770,0
003514_802DF6B40,0
003514_802F06410,0
003514_8032C3860,0
003514_8033219D0,0
003514_8033A7700,0
003514_803631830,0
003514_80367A950,0
003514_8041C3720,0
003514_8041C6470,0
003514_80490E100,0
003514_804916710,0
003514_804E83BE0,0
003514_805137B00,0
003514_80525F3D0,0
003514_805332A30,0
003514_80557DFF0,0
003514_8056D9650,0
003514_8059EE0F0,0
003514_805AF7180,0
003514_806791F10,0
003514_8067D03A0,0
003514_806CD1EA0,0
003514_806F8FF20,0
003514_8077FE810,0
003514_8078F92F0,0
003514_807B33490,0
003514_807FCB430,0
003514_808044C50,0
003514_808607A20,0
003514_80954E7F0,0
003514_80A2330F0,0
003514_80AB45220,0
003514_80AC0C960,0
003514_80AF0E010,0
003514_80B377670,0
003514_80C0B2CF0,0
003514_80D23A290,0
003514_80D8A7570,0
003514_80E6C7880,0
003514_80ECC1020,0
003514_80F26D500,0
003514_810956110,0
003514_810F3B350,0
003514_811153D80,0
003514_811BEF9A0,0
003514_811D19B20,0
003514_8124C3BC0,0
003514_8125ABD10,0
003514_813077270,0
0035655_80D3E3F30,0
0035655_80D7E33E0,0
0035655_80DA7FB30,0
0035655_80DD7D1D0,0
0035655_80DDD8340,0
0035655_80DFAFE90,0
0035655_80E0D7D10,0
0035655_811A3A890,0
0035655_813353360,0
0035655_81418F3D0,0
0035670_80D309B80,0
0035670_80D33F9F0,0
0035670_80DC69E80,0
0035670_80E00C6F0,0
0035670_80E95E1F0,0
0035670_80EFEED70,0
0035670_81115A8D0,0
0035670_8117560D0,0
0035670_8119DED30,0
0035670_8121F6170,0
0035670_812A8EA50,0
0035670_812FA24E0,0
0035670_813946E80,0
0035670_8140CCC00,0
0035684_80D39CDC0,0
0035684_80D93BD80,0
0035684_80DF2A550,0
0035684_80ED27D80,0
0035684_80F15DC10,0
0035684_8103E84D0,0
0035684_810D86830,0
0035684_811133D40,0
0035684_8113BBD50,0
0035684_81215EA40,0
0035684_812F81B30,0
0035684_812F99950,0
0035684_81334A1B0,0
0035684_813565800,0
0035852_80D220B20,0
0035852_80D96FAA0,0
0035852_80E1D4790,0
0035852_80E69C810,0
0035852_80EC49350,0
0035852_80ED54D20,0
0035852_80F7D1F10,0
0035852_80FCC7590,0
0035852_81002DB40,0
0035852_81049ED80,0
0035852_8106DC310,0
0035852_811FBF2F0,0
0035852_8121851F0,0
0035852_812453710,0
0035852_8127505D0,0
0035852_813A38390,0
0035925_80D2F1F20,0
0035925_80DC2D1A0,0
0035925_80DC6B360,0
0035925_80DFC4CA0,0
0035925_80E07E3A0,0
0035925_80E0A6430,0
0035925_80E1EEE10,0
0035925_80EC81700,0
0035925_80F26F650,0
0035925_80F8AEF80,0
0035925_80FFA2030,0
0035925_8104C9CD0,0
0035925_8104F68C0,0
0035925_810AC7710,0
0035925_810C7F6C0,0
0035925_811455CC0,0
0035925_811489E40,0
0035925_81181E7F0,0
0035925_811B24E40,0
0035925_812D5B1C0,0
0035925_812DC0110,0
0035925_813EE6660,0
0036056_80D524C20,0
0036056_80E1C9970,0
0036056_80E1D5630,0
0036056_80E493190,0
0036056_80F1E2F30,0
0036056_80F28DBC0,0
0036056_80F828A30,0
0036056_8100B44B0,0
0036056_81025F640,0
0036056_8106B8B00,0
0036056_81074ABB0,0
0036056_810E58000,0
0036056_810E58001,0
0036056_8110976D0,0
0036056_81110BA50,0
0036056_81124C640,0
0036056_8116CCAD0,0
0036056_811711DD0,0
0036056_811A5BD30,0
0036056_812A3B0E0,0
0036056_812B49A60,0
0036056_812ED6380,0
0036121_80DBD1C00,0
0036121_80E2D2DE0,0
0036121_80E73AC30,0
0036121_80ED27600,0
0036121_80ED28600,0
0036121_80F1D6810,0
0036121_80F243170,0
0036121_80F2B5280,0
0036121_80F691690,0
0036121_80FBEDC20,0
0036121_810494FF0,0
0036121_810F7A8E0,0
0036121_81182A070,0
0036121_811B2B390,0
0036121_811B54EA0,0
0036121_811EACD00,0
0036121_81280E430,0
0036121_81305C270,0
0036121_81471F910,0
0036208_80D41F8F0,0
0036208_80D4A3CE0,0
0036208_80DBB5570,0
0036208_80DC2CB50,0
0036208_80DFF8F70,0
0036208_80E122C10,0
0036208_80E1CEA80,0
0036208_80E3AD990,0
0036208_80EB5EE20,0
0036208_80EC88000,0
0036208_80F298CA0,0
0036208_80FBE3DC0,0
0036208_8103C71E0,0
0036208_810B183A0,0
0036208_811A1FC90,0
0036208_811CB0C50,0
0036208_811D549A0,0
0036208_8126AE1B0,0
0036208_812FA5A40,0
0036208_81354C3E0,0
0036208_8139977C0,0
0036208_813AB2EA0,0
0036208_813D0D060,0
0036208_8140789E0,0
0036208_814159190,0
0036326_80D4EEB60,0
0036326_80D7B6E80,0
0036326_80E4225C0,0
0036326_80FC253F0,0
0036326_810316660,0
0036326_810B19A20,0
0036326_810B65100,0
0036326_810E722C0,0
0036326_810E777F0,0
0036326_81196D880,0
0036326_811D173E0,0
0036326_8124906A0,0
0036326_812653840,0
003655_8016C59B0,0
003655_8017F1F60,0
003655_8017FEF10,0
003655_8018B2E10,0
003655_8018DD2E0,0
003655_80193F350,0
003655_801AF54E0,0
003655_801BA0870,0
003655_801C0D090,0
003655_801D1D400,0
003655_801D8A0D0,0
003655_801DFC1F0,0
003655_801E5D7C0,0
003655_801F2AFD0,0
003655_801FC4850,0
003655_801FC5F50,0
003655_801FD7360,0
003655_801FE19F0,0
003655_801FF17A0,0
003655_801FFA520,0
003655_8020C7120,0
003655_8020FA200,0
003655_802179650,0
003655_802241140,0
003655_8022C3700,0
003655_802500D50,0
003655_8025789E0,0
003655_8025FEFF0,0
003655_802641940,0
003655_8026E7C60,0
003655_8028FD980,0
003655_80294F780,0
003655_802A46670,0
003655_802BC8340,0
003655_802C05E70,0
003655_802D02EB0,0
003655_802D357D0,0
003655_802EB04C0,0
003655_802EB0E30,0
003655_802F404E0,0
003655_802FA2810,0
003655_80377ACB0,0
003655_803BD7940,0
003655_803D2F530,0
003655_8041A7FC0,0
003655_804207770,0
003655_8043359B0,0
003655_804E39AA0,0
003655_8052C0840,0
003655_8056D6210,0
003655_80576E840,0
003655_805B3C7B0,0
003655_805FB43A0,0
003655_8060476B0,0
003655_8066836D0,0
003655_806959F10,0
003655_80699BBB0,0
003655_806A13E70,0
003655_8070884A0,0
003655_807876050,0
003655_807BD7310,0
003655_807CC5A80,0
003655_8094CD0B0,0
003655_80A275AA0,0
003655_80ACB4330,0
003655_80AFDB910,0
003655_80B34DAF0,0
003655_80B83DBB0,0
003655_80BAE7190,0
003655_80BBE3260,0
003655_80BE19800,0
003655_80D22C600,0
003655_80D4ED800,0
003655_80F7F4840,0
003655_8102D1080,0
003655_810A98810,0
003655_810FAD6F0,0
003655_8110CE6A0,0
003655_811900530,0
0036806_810E641C0,0
0036806_811AC2640,0
0036806_8120F0520,0
0036806_812643BC0,0
0036932_80DC60800,0
0036932_80DFCBA60,0
0036932_80F1AF780,0
0036932_80F96D370,0
0036932_80FB55190,0
0036932_80FF29650,0
0036932_810F70B80,0
0036932_811A12840,0
0036932_811CE25E0,0
0036932_812696440,0
0036932_812971700,0
0036932_812BA2210,0
0036932_81356B1C0,0
0036932_8136728B0,0
0036932_813AC8C20,0
0036932_813AC8C21,0
0036932_814721C10,0
0036932_814829840,0
003698_8015E9F90,0
003698_801610D10,0
003698_80162CE70,0
003698_801720C80,0
003698_801781160,0
003698_8017CFE10,0
003698_8017D3690,0
003698_8017EE930,0
003698_801A3D6F0,0
003698_801C09F40,0
003698_801F6E620,0
003698_80200A820,0
003698_802023BC0,0
003698_802088080,0
003698_80227E660,0
003698_80227E7A0,0
003698_80238D880,0
003698_8023FCC80,0
003698_80244BEE0,0
003698_80244FD00,0
003698_8024A0E00,0
003698_802515080,0
003698_80251ED00,0
003698_802689D10,0
003698_802689F60,0
003698_8026A38A0,0
003698_8026BC6F0,0
003698_8029FD0D0,0
003698_802A4DC30,0
003698_802B11750,0
003698_802B95E90,0
003698_802E68210,0
003698_8030D88D0,0
003698_8032604D0,0
003698_8032D63E0,0
003698_8034720D0,0
003698_803490F90,0
003698_803679580,0
003698_803890520,0
003698_803C650B0,0
003698_8040059D0,0
003698_804006D70,0
003698_8040087A0,0
003698_80400C720,0
003698_8042541C0,0
003698_80426CFB0,0
003698_80431F730,0
003698_8044CA090,0
003698_804E682D0,0
003698_8053C4620,0
003698_80580ADF0,0
003698_805A75130,0
003698_805EA3F30,0
003698_806474C30,0
003698_806490A70,0
003698_806581330,0
003698_806687380,0
003698_806697740,0
003698_8066CBD40,0
003698_8066FE410,0
003698_806A61D90,0
003698_806B56D30,0
003698_806CB91C0,0
003698_8071FF520,0
003698_8075EA2C0,0
003698_807780B70,0
003698_8079F5990,0
003698_807D6F200,0
003698_807EC51D0,0
003698_808167320,0
003698_8082AE670,0
003698_808505370,0
003698_808943300,0
003698_808F86E50,0
003698_808F9E940,0
003698_809099700,0
003698_8097AC880,0
003698_80989C670,0
003698_809D99EF0,0
003698_809FC7E50,0
003698_80A07CA20,0
003698_80A0F2A20,0
003698_80A167B20,0
003698_80A394370,0
003698_80A7EB020,0
003698_80AA03D00,0
003698_80AD45B80,0
003698_80AE9A7B0,0
003698_80AEF7980,0
003698_80AFB73E0,0
003698_80B870F90,0
003698_80B8C5380,0
003698_80B8C7DA0,0
003698_80B967B90,0
003698_80C547A40,0
003698_80D4C6EC0,0
003698_80DD72130,0
003698_80DFA7C70,0
003698_80DFDA850,0
003698_80EC3F1A0,0
003698_80FD99310,0
003698_810464660,0
003698_8126E9EC0,0
003698_81337CBB0,0
003698_81337DAF0,0
003698_813578A50,0
003698_813B05FE0,0
003698_813ED1D00,0
003698_81438FC00,0
0037964_80E0B7D20,0
0037964_80E0B7D70,0
0037964_80E38A6D0,0
0037964_80F6AC590,0
0037964_80FE35CA0,0
0037964_80FE36170,0
0037964_8104AFD80,0
0037964_81107AF30,0
0037964_8111DFC20,0
0037964_811D542C0,0
0037964_811DEA820,0
0037964_81269B650,0
0037964_812EA5FA0,0
0037964_8132DE210,0
0037964_8139C2710,0
0037964_8139DEF60,0
0037969_8052E8330,0
0037969_80E1622A0,0
0037969_80EEAD5B0,0
0037969_80F332300,0
0037969_810511640,0
0037969_8129418A0,0
0037969_812D48770,0
0037969_81314CA00,0
0037969_813297200,0
0037969_813322920,0
0037969_813D0D480,0
0037969_8144BCF50,0
0037984_80F24F2B0,0
0037984_80F2DA590,0
0037984_8102A6760,0
0037984_810404710,0
0037984_8109058A0,0
0037984_811148600,0
0037984_81175D0E0,0
0037984_811ECA5D0,0
0037984_8126CB0D0,0
0037984_8130A8890,0
0037984_813461F70,0
0037984_813588E40,0
0037984_8138FF750,0
0037984_8139078B0,0
0037984_813A3C690,0
0038132_80E13BFC0,0
0038132_80E146610,0
0038132_80E4903D0,0
0038132_80E4A92E0,0
0038132_80E5BE5C0,0
0038132_810E3EF10,0
0038132_81332D650,0
0038132_8138C82A0,0
0038132_814696010,0
0038315_80E1BBD00,0
0038315_80E3DA9C0,0
0038315_80F1BBD80,0
0038315_80F1BBDD0,0
0038315_80FE244C0,0
0038315_8104B1620,0
0038315_8110951E0,0
0038315_81122B960,0
0038315_8117A4320,0
0038315_812445A30,0
0038315_8127015D0,0
0038315_8141FFA70,0
0038437_80E2DA7F0,0
0038437_80E4B2780,0
0038437_8104BB6B0,0
0038437_810B51A90,0
0038437_810EA4880,0
0038437_811139990,0
0038437_811165030,0
0038437_8113DF7C0,0
0038437_81171B7C0,0
0038437_812697190,0
0038437_8126AA650,0
0038437_812CEA690,0
0038437_81305DFA0,0
0038437_813463270,0
0038437_8139DDEF0,0
0038486_80E2D5A40,0
0038486_80E6AA250,0
0038486_80F972EB0,0
0038486_8103FE840,0
0038486_810D0E3C0,0
0038486_810DB2510,0
0038486_81117BD40,0
0038486_811BDAA00,0
0038486_811C9FF30,0
0038486_811CC8610,0
0038486_8121B3EC0,0
0038486_812A4EAD0,0
0038486_812D38150,0
0038486_812D91460,0
0038486_8132799A0,0
0038486_813453500,0
0038713_80F3619E0,0
0038713_80F7C4F90,0
0038713_80FBAA850,0
0038713_81096FB70,0
0038713_8110EA3F0,0
0038713_811B2E350,0
0038713_81214CD20,0
0038713_81214DC80,0
0038713_812616860,0
0038713_81265C9E0,0
0038713_81286B320,0
003881_80176E450,0
003881_8017B4A50,0
003881_801816360,0
003881_8018214A0,0
003881_801898DF0,0
003881_8018AB0F0,0
003881_8018D1C10,0
003881_8019EBC80,0
003881_801AF2510,0
003881_801C1F370,0
003881_801EEBE30,0
003881_801F15120,0
003881_801F386F0,0
003881_801FC59B0,0
003881_8020628B0,0
003881_80207CB30,0
003881_8020CCC50,0
003881_8021EDDA0,0
003881_8022E6710,0
003881_80234FEA0,0
003881_8023859B0,0
003881_8023BE760,0
003881_80240AF60,0
003881_8024677D0,0
003881_8025426A0,0
003881_8025ED200,0
003881_802641570,0
003881_802663EF0,0
003881_80268D860,0
003881_8027DD2E0,0
003881_8027F33C0,0
003881_802907650,0
003881_8029EE0E0,0
003881_802B23680,0
003881_802D08BA0,0
003881_802EA3420,0
003881_802EB4010,0
003881_802EC8FD0,0
003881_8031C9310,0
003881_8033DEA50,0
003881_803731EB0,0
003881_803A9B4F0,0
003881_803D161E0,0
003881_8041E3C30,0
003881_8046EA3C0,0
003881_804ED4D70,0
003881_804EDD180,0
003881_8052BF930,0
003881_8053A6220,0
003881_80555A190,0
003881_80555F670,0
003881_8058396D0,0
003881_805A94370,0
003881_806797220,0
003881_80693FD40,0
003881_80695BCA0,0
003881_80696E460,0
003881_8069BB350,0
003881_8072D8DB0,0
003881_80732AC40,0
003881_8075CCF30,0
003881_807763C30,0
003881_8079263F0,0
003881_807985DC0,0
003881_807A8D480,0
003881_807D693D0,0
003881_80833D970,0
003881_80859A650,0
003881_8085B7590,0
003881_80871E790,0
003881_80871E7E0,0
003881_8097408E0,0
003881_80A6626E0,0
003881_80A6C3330,0
003881_80AB22A90,0
003881_80B34EDE0,0
003881_80B5BBFB0,0
003881_80BB14160,0
003881_80DF2FAD0,0
003881_80E3C22B0,0
003881_80EBF1FD0,0
003881_8102FBFA0,0
003881_81056BCB0,0
003881_81097BCA0,0
003881_81105B250,0
003881_81165B560,0
003881_81255FFB0,0
003881_8125659D0,0
003881_812584F60,0
0039040_80E65A560,0
0039040_810DBC890,0
0039040_8111E8C90,0
0039040_811C75750,0
0039040_81244FC60,0
0039040_812A4FF20,0
0039040_8139D92D0,0
0039040_8147878B0,0
0039040_8147D1B10,0
0039182_80ED1E510,0
0039182_8103A2690,0
0039182_81076A190,0
0039182_8117418C0,0
0039182_812D01DE0,0
0039182_813187C10,0
0039182_813975080,0
0039198_80F0AC890,0
0039198_80FBA5FA0,0
0039198_81026DF50,0
0039198_811B050A0,0
0039198_811C5F650,0
0039198_812142990,0
0039198_8124A48B0,0
0039198_81264BC60,0
0039198_812F1E120,0
0039279_80F088820,0
0039279_80F638830,0
0039279_80F96B1D0,0
0039279_8113BAAD0,0
0039279_8115E2160,0
0039279_8121C55D0,0
0039279_812D9B1E0,0
0039279_813BCEE00,0
0039556_80E9EF1C0,0
003_80216AC80,0
003_803023420,0
003_803037520,0
003_803577A00,0
003_803958150,0
0040064_80FD93180,0
0040064_811728780,0
0040064_8121AE9E0,0
0040064_812AC95E0,0
0040064_8134FF4F0,0
0040064_814194250,0
0040064_8142C34F0,0
0040064_8146F1AD0,0
0040187_80F206BF0,0
0040187_80F338BE0,0
0040187_80F511110,0
0040187_8103E45A0,0
0040187_8103E4610,0
0040187_81040B280,0
0040187_810D7D060,0
0040187_811A2A000,0
0040187_812899600,0
0040187_813027170,0
0040188_80F2F30A0,0
0040188_80F6E3570,0
0040188_81037E0A0,0
0040188_811A0BD80,0
0040188_811A16970,0
0040188_812F04480,0
0040188_8146A5FE0,0
0040360_80EF46BA0,0
0040360_80F091410,1
0040360_8104BD830,0
0040360_810765360,0
0040360_810E93DD0,0
0040360_81296D900,0
0040360_812A69090,0
0040360_81305ED10,0
0040360_8130CBFD0,0
0040360_81323F2A0,0
0040360_8143CA050,0
0040933_80F6159E0,0
0040933_810A94EC0,0
0040933_811110820,0
0040933_8112FE170,0
0040933_8116BAE70,0
0040933_812898A20,0
0040933_812A4C740,0
0040933_81306FFD0,0
00410_8001B5B90,0
00410_800231880,0
00410_800238D00,0
00410_80023B1F0,0
00410_80023E0E0,1
00410_80023FEE0,1
00410_8002422A0,0
00410_8002438B0,1
00410_800248110,0
00410_80024B700,0
00410_800265C60,0
00410_800276290,0
00410_800276DD0,0
00410_8002787E0,0
00410_800282310,0
00410_800288D50,0
00410_8002A2E20,0
00410_8002A4E20,0
00410_8002A5580,0
00410_8002A6D00,0
00410_8002A7AC0,0
00410_8002A9C30,0
00410_8002ADD00,0
00410_8002AF440,0
00410_8002CC310,1
00410_8002D3170,0
00410_8002D7E40,0
00410_8002DAD90,0
00410_8002E95F0,0
00410_8002E9D40,1
00410_8002F0A30,0
00410_800314290,0
00410_800319A80,0
00410_8003588B0,0
00410_80035ACF0,0
00410_800380A10,0
00410_800384910,1
00410_8003AA6D0,0
00410_8003B2DF0,0
00410_8003DA910,0
00410_800442590,0
00410_800444430,0
00410_8004457D0,0
00410_80048F540,0
00410_8004F3FE0,0
00410_8004F8460,0
00410_8004FB9A0,0
00410_800502280,0
00410_80051C6C0,0
00410_800558420,0
00410_8005C7550,0
00410_8005E5940,0
00410_8005E5DD0,0
00410_8006063A0,0
00410_80060C330,0
00410_80061FBD0,0
00410_800623240,0
00410_800637BD0,0
00410_800655460,0
00410_8006C33A0,0
00410_80071D140,0
00410_800747EB0,0
00410_8007DD120,0
00410_8008657E0,0
00410_800894770,0
00410_800896870,0
00410_8008CDEE0,0
00410_800914A70,0
00410_800927070,0
00410_8009754B0,0
00410_800976DF0,0
00410_8009777E0,0
00410_80097C430,0
00410_800985930,0
00410_8009D6E60,0
00410_8009DC460,0
00410_8009FC7D0,0
00410_800A06A40,0
00410_800A07810,0
00410_800A0D690,0
00410_800A3DD30,0
00410_800AAC680,0
00410_800ABBDA0,0
00410_800AC4FD0,0
00410_800B13D70,0
00410_800B3CA80,0
00410_800B57830,0
00410_800B8C4A0,0
00410_800BF9200,0
00410_800C774E0,0
00410_800CEC320,0
00410_800D55020,0
00410_800D7DB90,0
00410_800D8FCA0,0
00410_800E03800,0
00410_800E674B0,0
00410_800EAEC40,0
00410_800EC2C90,0
00410_800ECB540,0
00410_800ECF8F0,0
00410_800F0BA40,0
00410_800F11140,0
00410_800F5D520,0
00410_800FD0490,0
00410_800FE3080,0
00410_800FE5E00,0
00410_801027F20,0
00410_80103C740,0
00410_801045BE0,0
00410_80105E180,0
00410_80106BFE0,0
00410_8010822D0,0
00410_8010CB450,0
00410_8010F4B40,0
00410_801105D30,0
00410_8011440B0,0
00410_80114C980,0
00410_8011FCC50,0
00410_8012FC3C0,0
00410_8013274E0,0
00410_8013B1200,0
00410_80146A340,0
00410_801473240,0
00410_801474E30,0
00410_8014A0030,0
00410_801578BB0,0
00410_801596130,0
00410_801747B80,0
00410_801823330,0
00410_8018B35A0,0
00410_8018C8800,0
00410_8019CEE20,0
00410_801AF0330,0
00410_801CA4230,0
00410_801DE29E0,0
00410_801DF6820,0
00410_801E22890,0
00410_801E7ED10,0
00410_801FEF290,0
00410_8020E5B30,0
00410_8023C85A0,0
00410_80258D420,0
00410_8025DD8A0,0
00410_8026367E0,0
00410_80268E8D0,0
00410_80269DF80,0
00410_8028C2AC0,0
00410_802987540,0
00410_80299BB80,0
00410_8029D89F0,0
00410_802A30AD0,0
00410_802A6AC10,0
00410_802B7D610,0
00410_802D00C40,0
00410_803351350,0
00410_8033A6120,0
00410_80355C6B0,0
00410_803EA2520,0
00410_804001200,0
00410_8040AA990,0
00410_8040BA660,0
00410_8041FC350,0
00410_80434ED80,0
00410_805382CF0,0
00410_805747C50,0
00410_8058725A0,0
00410_80593A1D0,0
00410_805ACE850,0
00410_805E296E0,0
00410_8060D4900,0
00410_806392CF0,0
00410_80687CE10,0
00410_8069E40F0,0
00410_806EAFB70,0
00410_8077AC6B0,0
00410_808042060,0
00410_80850EFE0,0
00410_808662020,0
00410_808A33340,0
00410_809421F10,0
00410_809654170,0
00410_809785540,0
00410_809847280,0
00410_80ABC36A0,0
00410_80AC1D790,0
00410_80B265560,0
00410_80B5C47C0,0
00410_80B9505A0,0
00410_80B9867C0,0
00410_80BD03CF0,0
00410_80C53ADA0,0
00410_80D392CC0,0
00410_80D52AE50,0
00410_80ED40500,0
00410_810E26190,0
00410_810FA4A40,0
00410_8110CFDE0,0
00410_811B02020,0
00410_81263C660,0
00410_8133063A0,0
00410_813A71130,0
0041213_810373520,0
0041213_81094FE40,0
0041213_810E15A60,0
0041213_810F35EA0,0
0041213_8110BFE80,0
0041213_811B11C30,0
0041213_811F91A90,0
0041215_80FACAC60,0
0041215_80FCC20E0,0
0041215_8102FD090,0
0041215_810718730,0
0041215_810E70630,0
0041215_81113F4E0,0
0041215_8129187F0,0
0041215_8135DFB40,0
0041215_814836B60,0
0041236_80F4DCD30,0
0041236_80FBE5C60,0
0041236_80FE9CEE0,0
0041236_8102AF3B0,0
0041236_81037EEA0,0
0041236_8104D8980,0
0041236_810694590,0
0041236_8110DE1B0,0
0041236_8111D70F0,0
0041236_812811060,0
0041236_812ED36A0,0
0041236_813B1C9E0,0
0041236_813BB7620,0
0041236_8142C1380,0
0042051_80FC31400,0
0042051_8107F2FC0,0
0042051_810E620B0,0
0042051_8139F8C20,0
0042051_81417D860,0
0042373_80FCC4B20,0
0042373_8107831A0,0
0042373_8109FA990,0
0042373_810F75810,0
0042373_811472A50,0
0042373_8116EF130,0
0042373_8124B1D90,0
0042373_8126B5A20,0
0042373_812C4CFE0,0
0042373_812EB9C90,0
0042373_81382A8E0,0
0042373_8143EC1F0,0
004242_801447950,0
004242_8019BD9A0,0
004242_8019DA2B0,0
004242_801A179B0,0
004242_801A2F460,0
004242_801A492D0,0
004242_801AB3670,0
004242_801EADA10,0
004242_802011290,0
004242_802020A80,0
004242_80210F560,0
004242_8021C13E0,0
004242_8021DBDC0,0
004242_802208EB0,0
004242_8022ADF10,0
004242_8023448E0,0
004242_8023AAD30,0
004242_8023D7760,0
004242_80268A540,0
004242_8027124F0,0
004242_8028EF7D0,0
004242_80295E5D0,0
004242_802B47420,0
004242_802B619E0,0
004242_802E00F30,0
004242_802E383C0,0
004242_802E8AF40,0
004242_80304E7E0,0
004242_8030C5D20,0
004242_80322DF90,0
004242_8032E27C0,0
004242_8034AA2B0,0
004242_8034E8DA0,0
004242_8037734F0,0
004242_803779390,0
004242_80378C410,0
004242_803B966E0,0
004242_803E9B240,0
004242_804187E80,0
004242_8041A24A0,0
004242_804799740,0
004242_804AFE960,0
004242_804D5E500,0
004242_804DC8360,0
004242_804F770E0,0
004242_8052B7D50,0
004242_8052E9780,0
004242_8053192E0,0
004242_8053A72A0,0
004242_8054B56F0,0
004242_8057E4530,0
004242_805B482E0,0
004242_805B9D610,0
004242_805ED5760,0
004242_806004620,0
004242_80624A240,0
004242_8066F70E0,0
004242_8067507F0,0
004242_806858A80,0
004242_8068ACFA0,0
004242_806A62820,0
004242_807B8DBF0,0
004242_807DD38F0,0
004242_8081204E0,0
004242_808581010,0
004242_80904F8C0,0
004242_8092754E0,0
004242_8094005A0,0
004242_809657B10,0
004242_809B6F270,0
004242_809BB4710,0
004242_80A012A50,0
004242_80A0E0120,0
004242_80A3385D0,0
004242_80A596AB0,0
004242_80AC14740,0
004242_80B271A00,0
004242_80B34A0F0,0
004242_80B60DA40,0
004242_80C03DB50,0
004242_80C3A6080,0
004242_80CBC3230,0
004242_80D0A8560,0
004242_80D1B9620,0
004242_80D2D4460,0
004242_80DAE6690,0
004242_80EEE59C0,0
004242_80F3CCC30,0
004242_8105A36A0,0
004242_8109FE700,0
004242_810AEB560,0
004242_810C077D0,0
004242_810E97760,0
004242_811220450,0
004242_8119E7050,0
004242_812675D60,0
004242_813EF1380,0
004259_80123BF60,0
004259_801A73790,0
004259_801AEF7C0,0
004259_801BD4F60,0
004259_801C6EAE0,0
004259_801C94FB0,0
004259_801D7E5C0,0
004259_801E093A0,0
004259_801E35B10,0
004259_801EE1A50,0
004259_801F3B5F0,0
004259_801FA5B90,0
004259_802034940,0
004259_80209B0D0,0
004259_8020AC380,0
004259_8020DC5A0,0
004259_80213DBC0,0
004259_802176270,0
004259_802184880,0
004259_80218E6D0,0
004259_80218FE50,0
004259_802194EF0,0
004259_802211D50,0
004259_8023502A0,0
004259_8023C2E60,0
004259_802412850,0
004259_8025243E0,0
004259_802577E80,0
004259_8025C6F20,0
004259_8026722A0,0
004259_802703B30,0
004259_802716D80,0
004259_80278DB00,0
004259_802902680,0
004259_802920B10,0
004259_80294E5E0,0
004259_802955610,0
004259_80296EDD0,0
004259_802A91960,0
004259_802B16450,0
004259_802BB1F40,0
004259_802BF29B0,0
004259_802D39430,0
004259_802D617A0,0
004259_802E58490,0
004259_802F43B40,0
004259_802F4B580,0
004259_8031CC850,0
004259_8037B5780,0
004259_803BB4A00,0
004259_8041C5050,0
004259_8043921C0,0
004259_8048D2800,0
004259_804BF89C0,0
004259_805143A30,0
004259_8053E4300,0
004259_805558E00,0
004259_805ACA6F0,0
004259_806453D30,0
004259_8069EA840,0
004259_806A14380,0
004259_806C1E190,0
004259_807613800,0
004259_807869EA0,0
004259_807D59500,0
004259_8089C2480,0
004259_808D277A0,0
004259_809391900,0
004259_80AE9F9A0,0
004259_80B5015F0,0
004259_80B675960,0
004259_80BA8E370,0
004259_80BB41860,0
004259_80BC85FA0,0
004259_80BC8D860,0
004259_80BC90740,0
004259_80C6E7380,0
004259_80DCE0090,0
004259_80E114A20,0
004259_80EBD1030,0
004259_80ECD21B0,0
004259_810D8A060,0
004259_810FAEC40,0
004259_810FB5E10,0
004259_811121880,0
004259_8121DCB50,0
004259_8124CE250,0
004259_81286AC60,0
004259_812F8E110,0
004259_8134BC9C0,0
004259_8144B3DF0,0
0042810_8114A1B00,0
0042810_811775EB0,0
0042810_811A3ED90,0
0042810_812EA8D30,0
0042810_813310F60,0
0042810_814788290,0
0043311_810400770,0
0043311_8104D92B0,0
0043311_810AC0760,0
0043311_8112193F0,0
0043311_811E2E600,0
0043311_813EE66B0,0
0043311_814461410,0
0043311_814464F20,0
0043923_8102C2620,0
0043923_8110C8330,0
0043923_8110DC9A0,0
0043923_8118F59F0,0
0043923_811ABFB00,0
0043923_81248E060,0
004403_80143DA30,0
004403_801441530,0
004403_801A99680,0
004403_801A996D0,0
004403_801CDEFB0,0
004403_801E54990,0
004403_801EA2A30,0
004403_80222C890,0
004403_802250B50,0
004403_8022AC5C0,0
004403_8022DC490,0
004403_802470720,0
004403_802494AD0,0
004403_80254FA60,0
004403_8025F4CC0,0
004403_802650080,0
004403_8027BBA90,0
004403_802822310,0
004403_8028EEFA0,0
004403_8029FDDE0,0
004403_802B3F9E0,0
004403_802CDBBC0,0
004403_802D1B840,0
004403_802E2F970,0
004403_802EE63F0,0
004403_8030D9410,0
004403_80321B4B0,0
004403_8032876A0,0
004403_8032CDC10,0
004403_803388060,0
004403_80342A450,0
004403_803709580,0
004403_803AED250,0
004403_803C75D60,0
004403_803D38720,0
004403_8040260C0,0
004403_8040DB6D0,0
004403_8041D1780,0
004403_804277460,0
004403_8043C1270,0
004403_804763010,0
004403_804992A30,0
004403_805101450,0
004403_805183000,0
004403_805538EB0,0
004403_80554ED90,0
004403_805A279B0,0
004403_805A97140,0
004403_805F984A0,0
004403_806313CD0,0
004403_8063E2110,0
004403_8064784C0,0
004403_8066AB320,0
004403_8069707E0,0
004403_806AAA5F0,0
004403_806CB3EA0,0
004403_806E9B2A0,0
004403_8071FBC20,0
004403_807318E90,0
004403_807A09130,0
004403_807D53EF0,0
004403_807D54110,0
004403_807D83960,0
004403_80822DEE0,0
004403_808518030,0
004403_80852DFF0,0
004403_8085567D0,0
004403_8085AE950,0
004403_808C3E890,0
004403_808F847C0,0
004403_8097C2F80,0
004403_8099249C0,0
004403_809B87470,0
004403_80A26D4B0,0
004403_80A4D8050,0
004403_80A777F80,0
004403_80B006FE0,0
004403_80B26FC40,0
004403_80B5B6010,0
004403_80B8EE9E0,0
004403_80BC11670,0
004403_80C2B8190,0
004403_80C7BD780,0
004403_80D2A2AF0,0
004403_80D6DE9B0,0
004403_80D7E19E0,0
004403_80DA35240,0
004403_80DFDB100,0
004403_80E057270,0
004403_80EC7B7B0,0
004403_80FC68350,0
004403_810489820,0
004403_810B49310,0
004403_8116E1CE0,0
004403_812B73700,0
004403_8134879C0,0
0044041_810408F80,0
0044041_811238380,0
0044041_8116B5160,0
0044041_8116B51B0,0
0044041_811ACA0C0,0
0044041_81253EBB0,0
0044041_812D33A90,0
0044046_810CBD500,0
0044046_812CCA620,0
0044046_812F0FB20,0
0044046_813429450,0
0044046_81345EC30,0
0044046_81361D160,0
0044046_8136B50A0,0
0044046_813950AE0,0
0044046_813976E50,0
0044046_8139B6310,0
0044046_813A92270,0
0044054_810427070,0
0044054_8104CCB70,0
0044054_810E569C0,0
0044054_8116E0690,0
0044054_811A0BFC0,0
0044054_811A598F0,0
0044054_81382F810,0
0044207_8105C9780,0
0044207_810692240,0
0044207_810DFC4C0,0
0044207_811126B50,0
0044207_811187790,0
0044207_81174AA10,0
0044207_811CE3EA0,0
0044207_812F756F0,0
0044207_81358A570,0
0044207_813A99E80,0
0044207_81439A810,0
0044238_810569BF0,0
0044238_8119E6A70,0
0044238_812998580,0
0044238_812A64170,0
0044238_81334A830,0
0044238_8134FB180,0
0044238_813A99D40,0
0044238_81471EE60,0
0044345_810EEC3D0,0
0044345_81114A560,0
0044345_8111B3D80,0
0044345_811A57520,0
0044345_811E161A0,0
0044345_812BA6A80,0
0044345_812D52470,0
0044345_813013320,0
0044345_8132E8690,0
0044345_8133282B0,0
0044345_81336C020,0
0044345_8135311E0,0
0044345_8135D6B40,0
0044345_813683AF0,0
0044351_810AF7250,0
0044351_811126560,0
0044351_811454420,0
0044351_8121D5600,0
0044351_813298EF0,0
0044351_8135D0D80,0
0044351_813988ED0,0
0044351_813B928E0,0
0044351_8141AAB70,0
0044359_8106B7450,0
0044359_810B006C0,0
0044359_810DB4510,0
0044359_810DB4511,0
0044359_811A18B50,0
0044359_811BF67D0,0
0044359_8121F2330,0
0044359_812440080,0
0044359_814463840,0
0044458_810E0FD30,0
0044458_810E511C0,0
0044458_810FE4440,0
0044458_811D1EA80,0
0044458_811F854E0,0
0044458_81250FEA0,0
0044458_812599300,0
0044458_814667E60,0
0044782_8107D8AE0,0
0044782_8111B2C80,0
0044782_8116CE130,0
0044782_811A0CE70,0
0044782_8121896C0,0
0044782_81219CAB0,0
0044782_812A3BE20,0
0044782_812D3B2E0,0
0044782_813128F70,0
0044782_81353BA30,0
0044782_814199170,0
0044797_810C8D1A0,0
0044797_8111AC3A0,0
0044797_8111B7DC0,0
0044797_811488DA0,0
0044797_811EFAA30,0
0044797_812D527D0,0
0044797_812EC3440,0
0044797_8130B6390,0
0044797_81330BF00,0
0044797_813314D60,0
004503_801448640,0
004503_801A9D0F0,0
004503_801AB9460,0
004503_801B6FA90,0
004503_801B723F0,0
004503_801BAF390,0
004503_801C9D3E0,0
004503_801D18B00,0
004503_801D62010,0
004503_801DC8280,0
004503_80201B160,0
004503_802134DE0,1
004503_8022202D0,0
004503_80229AE20,0
004503_802391840,0
004503_8023F7C10,0
004503_802454150,0
004503_80262BBD0,0
004503_8026822A0,0
004503_80274F760,0
004503_8028F78D0,0
004503_802B600D0,0
004503_802CAE9D0,0
004503_802DB4AE0,0
004503_802DFF1E0,0
004503_802F9FA70,0
004503_802FD6ED0,0
004503_80303CE30,0
004503_80303DBB0,0
004503_803293E90,0
004503_80333D9E0,0
004503_80343E140,0
004503_803498070,0
004503_8035862F0,0
004503_80364E470,0
004503_803771E80,0
004503_8039C1A90,0
004503_803C1ED80,0
004503_803D69C80,0
004503_803E38480,0
004503_804211B00,0
004503_80429BFE0,0
004503_8047588A0,0
004503_80476BF50,0
004503_80477C800,0
004503_804893830,0
004503_804D1F530,0
004503_80510C3F0,0
004503_805716C20,0
004503_8059712D0,0
004503_805A0D1D0,0
004503_805A7CF50,0
004503_805EDCF20,0
004503_805F9B840,0
004503_805FF03C0,0
004503_8063F5D10,0
004503_806508B50,0
004503_8065CEDA0,0
004503_8066B53D0,0
004503_8066DBF30,0
004503_8067524C0,0
004503_806CF80A0,0
004503_806DAD3E0,0
004503_806E9EDF0,0
004503_8072E25E0,0
004503_80750D300,0
004503_8075A91F0,0
004503_807AE3090,0
004503_8081639E0,0
004503_8086C1DC0,0
004503_808A2F8B0,0
004503_80A0DA5D0,0
004503_80A1AD8C0,0
004503_80A3C5DA0,0
004503_80AB1C680,0
004503_80AFB81E0,0
004503_80B56AF50,0
004503_80B57B720,0
004503_80B9753D0,0
004503_80C050BA0,0
004503_80C33DAC0,1
004503_80CD922B0,0
004503_80D562F50,0
004503_80D8032E0,0
004503_80DFDBDE0,0
004503_80E0FEF10,0
004503_80F2B8350,0
004503_81056E2A0,0
004503_811543E40,0
004503_811C69DE0,0
004503_8121F9300,0
004503_812787890,0
004503_813318620,0
004503_813BD18A0,0
004503_8142298F0,0
004523_8012338F0,0
004523_801D49980,0
004523_801E795F0,0
004523_801F5FF10,0
004523_80200DC80,0
004523_802091B90,0
004523_8021DCFE0,0
004523_80224B2A0,0
004523_8022BA750,0
004523_802345300,0
004523_80243B8B0,0
004523_8024ADD40,0
004523_8026875B0,0
004523_80290F3F0,0
004523_802B3D770,0
004523_802B6B870,0
004523_802BA5540,0
004523_802C2E5B0,0
004523_802C33570,0
004523_802CD0040,0
004523_802CD9EF0,0
004523_802DA1820,0
004523_802E7CEF0,0
004523_802E86DB0,0
004523_80304F850,0
004523_8032D2680,0
004523_8032D2F10,0
004523_8033A0A30,1
004523_8033EBA50,0
004523_8035C0BF0,0
004523_803773540,0
004523_803925020,0
004523_803CCAAB0,0
004523_803E9B100,0
004523_803EE5070,0
004523_804121C40,0
004523_8043AA150,0
004523_80455A790,0
004523_8045B99A0,0
004523_804B5AEE0,0
004523_804BA51D0,0
004523_804DD8B90,0
004523_804E28FB0,0
004523_804ECC200,0
004523_804FC84E0,0
004523_8051C90F0,0
004523_8053DCA70,0
004523_805960FD0,0
004523_805DE6B30,0
004523_805ED3070,0
004523_806037040,0
004523_8064658A0,0
004523_806583740,0
004523_806D98E50,0
004523_8070E6340,0
004523_80744DB50,0
004523_807A2B870,0
004523_807BD0860,0
004523_807D6E760,0
004523_807F0B2F0,0
004523_807FB1B40,0
004523_808709130,0
004523_8091ECD60,0
004523_80979C450,0
004523_809C1C590,0
004523_809FAACC0,0
004523_80A179B70,0
004523_80A463F00,0
004523_80A4DC040,0
004523_80B06C5F0,0
004523_80B1C66E0,0
004523_80B4BDF80,0
004523_80B82C0B0,0
004523_80BF2C2A0,0
004523_80C1456B0,0
004523_80D119B60,0
004523_80D1F9020,0
004523_80D220F10,0
004523_80D73F950,0
004523_80E0C5BF0,0
004523_80E1EB2A0,0
004523_80E315010,0
004523_80FB7A250,0
004523_8103B4960,0
004523_81048F860,0
004523_8105202B0,0
004523_8119D8750,0
004523_811A035B0,0
004523_811ECBAE0,0
004523_812A471A0,0
004523_812A60C70,0
004523_813FD58C0,0
0045612_81110D560,0
0045612_812329880,0
0045612_8132B0DE0,0
0045612_8137FBD10,0
0045612_813A4BA00,0
0045862_8116B6C40,0
0045862_8127D86A0,0
0045862_81289F3B0,0
0045862_812CCFE50,0
0045862_81330AF80,0
0045862_8135881E0,0
0045862_8143E7570,0
0045887_810F423D0,0
0045887_810FF2F30,0
0045887_810FF3AD0,0
0045887_81161AD10,0
0045887_811657700,0
0045951_811CF60A0,0
0045951_811CF6310,0
0045951_81260EA10,0
0045951_812815C90,0
0045951_812D5C520,0
0045951_81301A010,0
0045951_8131E3480,0
0045951_813359EE0,0
0045951_8144D3350,0
0045951_8147D3540,0
0045951_814901460,0
004600_801B9EF10,0
004600_801BC4110,0
004600_801C0C7A0,0
004600_801C66950,0
004600_801D83450,0
004600_801E09E10,0
004600_801ECB130,0
004600_801F4D3B0,0
004600_801FA82F0,0
004600_8020C1830,0
004600_8020E5870,0
004600_8022F92F0,0
004600_8022F92F1,0
004600_8023A8C30,0
004600_8023C0240,0
004600_8025C8A40,0
004600_8025D51A0,0
004600_80271B1E0,0
004600_80271F5C0,0
004600_8027EC650,0
004600_8028287F0,0
004600_80289D260,0
004600_8028A2FC0,0
004600_80299C350,0
004600_8029CF3D0,0
004600_802AFFB20,0
004600_802B399E0,0
004600_802BB89E0,0
004600_802D3E460,0
004600_802D58680,0
004600_802EC2D60,0
004600_802F004D0,0
004600_8031A6AE0,0
004600_80374D690,0
004600_8042CA7A0,0
004600_804675450,0
004600_8048B57B0,0
004600_804AC5D40,0
004600_8051A7C50,0
004600_80559AAE0,0
004600_8064129F0,0
004600_806511B40,0
004600_806797500,0
004600_80680AAD0,0
004600_8068B4680,0
004600_80723B8C0,0
004600_807831DC0,0
004600_807935970,0
004600_807980F40,0
004600_807D57C40,0
004600_80810E2E0,0
004600_8081C8550,0
004600_808A43FC0,0
004600_809126690,0
004600_809B8A0E0,0
004600_80A217360,0
004600_80A626AE0,0
004600_80A88CE60,0
004600_80AF349D0,0
004600_80B815660,0
004600_80BA95D00,0
004600_80BADDB40,0
004600_80C8A36C0,0
004600_80E4DB330,0
004600_80E699230,0
004600_80E7B3B10,0
004600_80EB16510,0
004600_810FBC140,0
004600_8110DAB90,0
004600_811980660,0
004600_811A606C0,0
004600_8122FFBC0,0
004600_8124FD410,0
004600_812FE7500,0
0046063_810F726A0,0
0046063_8126AC150,0
0046063_8126D97C0,0
0046063_812F0C0F0,0
0046063_81337EC40,0
0046063_81418BED0,0
0046227_811664730,0
0046227_811A1D530,0
0046227_812165250,0
0046227_8131DA6C0,0
0046232_80ECEF920,0
0046232_811026450,0
0046232_8118ED420,0
0046232_8118F6630,0
0046232_811D12230,0
0046232_812720930,0
0046232_813E5FE90,0
0046241_811674BC0,0
0046241_811D351A0,0
0046276_8115F1090,0
0046276_811AA51E0,0
0046276_812432EE0,0
0046276_812B04690,0
0046354_810303940,0
0046354_8118ACDE0,0
0046354_811D31AF0,0
0046354_811F9B2C0,0
0046354_81275CAF0,0
0046354_8134CF8A0,0
0046479_8118F6E80,0
0046479_811ABA8C0,0
0046479_8121A2BF0,0
0046479_812644E10,0
0046479_812781750,0
0046479_8128D99C0,0
0046504_812CCA2E0,0
0046504_812D83C30,0
0046504_81329A060,0
0046504_81330A5F0,0
0046504_813AA4AB0,0
0046537_811447780,0
0046537_8115366A0,0
0046537_8117153E0,0
0046537_81203AEB0,0
0046537_8123F36F0,0
0046537_812998E40,0
0046537_8136BD530,0
0046537_8139A8A70,0
0046537_813A35350,0
0046537_813AA2F80,0
004726_801274440,0
004726_801EAC610,0
004726_801F38030,0
004726_802028910,0
004726_8022AAE00,0
004726_8024A9640,0
004726_8025B3B40,0
004726_80269E5F0,0
004726_8026A7EB0,0
004726_802AAACB0,0
004726_802E74D20,0
004726_8032E5140,0
004726_8033F46A0,0
004726_803443DD0,0
004726_8034AB400,0
004726_803622EC0,0
004726_803769360,0
004726_803AE2570,0
004726_803CA44E0,0
004726_803E19700,0
004726_803E402B0,0
004726_803E4C570,0
004726_803E7C450,0
004726_8041A42C0,0
004726_804334F60,0
004726_80440F950,0
004726_80483A050,0
004726_804966450,0
004726_804995330,0
004726_8050A3110,0
004726_80520E950,0
004726_805232B30,0
004726_8053284B0,0
004726_805367A50,0
004726_80544BA10,0
004726_805720990,0
004726_8059743A0,0
004726_8059F3170,0
004726_805AA2060,0
004726_805BA2990,0
004726_805FA0C40,0
004726_806243510,0
004726_8063CAA20,0
004726_806402920,0
004726_806642670,0
004726_8066D6FF0,0
004726_806A47240,0
004726_80710AD60,0
004726_80754F580,0
004726_8075C15D0,0
004726_8078D06E0,0
004726_807AF9690,0
004726_807C94090,0
004726_807CDA1F0,0
004726_80A386EF0,0
004726_80A3CDFC0,0
004726_80AB75630,0
004726_80AE9FC10,0
004726_80B22DCB0,0
004726_80B4C2DF0,0
004726_80B4CFC00,0
004726_80B55E3D0,0
004726_80B8E3E70,0
004726_80BE14E60,0
004726_80C20DC20,0
004726_80C3650C0,0
004726_80C647BB0,0
004726_80CD3FBE0,0
004726_80D045550,0
004726_80D0C77A0,0
004726_80D1D9940,0
004726_80D5B0400,0
004726_80D647E10,0
004726_80DD318E0,0
004726_80E48F380,0
004726_80F2B9FF0,0
004726_80F3CE330,0
004726_80F4DB420,0
004726_810B775B0,0
004726_810C0DD30,0
004726_81148CD30,0
004726_81169DB60,0
004726_8116F9B10,0
004726_811A57D00,0
004726_8121FE9D0,0
004726_812A2FE70,0
004726_812B0CEE0,0
004726_813ED9E90,0
004726_813FF42B0,0
004726_814366070,0
0047337_8118FEF00,0
0047337_811B156B0,0
0047337_812207010,0
0047640_81292D7E0,0
0047640_81300DBC0,0
0047640_813189150,0
0047640_8131897A0,0
0047640_8132DC980,0
0047640_8139DF280,0
0047640_8141CA7D0,0
0047640_8146F4300,0
0047640_814829D80,0
004766_801DD8840,0
004766_801EA8500,0
004766_801FF5870,0
004766_802000AD0,0
004766_802017A10,0
004766_802479660,0
004766_802494A00,0
004766_80275FFF0,0
004766_8027D0F60,0
004766_8029747A0,0
004766_802ACC9D0,0
004766_802B5E9B0,0
004766_802C3DEE0,0
004766_802E23970,0
004766_802E33250,0
004766_803205120,0
004766_80321B210,0
004766_8032408A0,0
004766_8032874B0,0
004766_803458830,0
004766_803532B30,0
004766_8037435B0,0
004766_803CCB150,0
004766_803D64940,0
004766_803E353C0,0
004766_804267350,0
004766_804600AA0,0
004766_804796E90,0
004766_804882AB0,0
004766_804C338C0,0
004766_804DE3110,0
004766_805122DF0,0
004766_805164F70,0
004766_8057169C0,0
004766_8058D3E20,0
004766_8058DFC60,0
004766_805ADBD30,0
004766_805F35F80,0
004766_805FFD000,0
004766_806574450,0
004766_80673BA40,0
004766_806D0EEE0,0
004766_806E778B0,0
004766_8070F4910,0
004766_807308330,0
004766_8073F30A0,0
004766_80759C590,0
004766_808347100,0
004766_808586640,0
004766_80893A850,0
004766_808A33730,0
004766_808BCF900,0
004766_808C993E0,0
004766_8094AB070,0
004766_809897620,0
004766_8099FA080,0
004766_80A17C150,0
004766_80B3B49E0,0
004766_80B3B5450,0
004766_80B496F40,0
004766_80B8CCA40,0
004766_80BD50BD0,0
004766_80BFFEDE0,0
004766_80C2FF670,0
004766_80C810940,0
004766_80CD49BC0,0
004766_80D41DFA0,0
004766_80D41DFA1,0
004766_80D657DA0,0
004766_80E054860,0
004766_80E054B90,0
004766_80E0A7F80,0
004766_80EFDF790,0
004766_80FEAC080,0
004766_810F74F70,0
004766_81172E5F0,0
004766_81191B520,0
004766_813578150,0
004766_8135AC530,0
004766_813AA7590,0
0047837_8119B4D50,0
0047837_8120E76B0,0
0047837_8126714D0,0
0047837_812F50E50,0
0047886_811D00700,0
0047886_812305A00,0
0047901_811F87D80,0
0047901_81251EB10,0
0047901_812739250,0
0047901_8128DA6E0,0
0048097_8128BBEE0,0
0048292_811FE5E60,0
0048292_81267D1F0,0
0048292_8136AAE90,0
0048292_8141B4360,0
004866_801D06ED0,0
004866_801DA5A50,0
004866_802029090,0
004866_80220A350,0
004866_802233E00,0
004866_802332110,0
004866_8023CDA60,0
004866_8024DBCA0,0
004866_8024F6050,0
004866_8027CCF20,0
004866_80287AB90,0
004866_80292C5F0,0
004866_802AAD3E0,0
004866_802AEB280,0
004866_802AF0760,0
004866_802BDAC20,0
004866_802DD4DD0,0
004866_802FAEA40,0
004866_80303A8C0,0
004866_8031800D0,0
004866_8034A8260,0
004866_8034F0C40,0
004866_803558120,0
004866_803A0F5F0,0
004866_803C6BA10,0
004866_803D5C210,0
004866_803E25DA0,0
004866_803FCFC50,0
004866_804084420,0
004866_80419CEF0,0
004866_804264A40,0
004866_80443FB80,0
004866_804733A20,0
004866_804837D20,0
004866_804BB6D20,0
004866_804C9D120,0
004866_804D21B20,0
004866_804D28460,0
004866_804E1F710,0
004866_804F6DCB0,0
004866_8051C2E60,0
004866_8051DE370,0
004866_805209300,0
004866_805313A80,0
004866_8056FFDD0,0
004866_805A2ACF0,0
004866_805B18570,0
004866_805BD3FA0,0
004866_8067F1070,0
004866_806A34530,0
004866_806A375D0,0
004866_806D159D0,0
004866_80710A510,0
004866_807336820,0
004866_807649780,0
004866_807777E70,0
004866_807A10DB0,0
004866_807BA69C0,0
004866_808E84300,0
004866_808EA76F0,0
004866_808F08CC0,0
004866_8099385F0,0
004866_80A5417A0,0
004866_80AB20CD0,0
004866_80B4AD590,0
004866_80B96BDD0,0
004866_80BD5AE50,0
004866_80C0965E0,0
004866_80C626790,0
004866_80C779910,0
004866_80C81F230,0
004866_80C9D1B40,0
004866_80CD41E30,0
004866_80D27D0C0,0
004866_80DC80D40,0
004866_80E4A50B0,0
004866_80EC888B0,0
004866_810D7BF90,0
004866_81225FBB0,0
004866_812D97300,0
004866_812DC2640,0
004866_813157420,0
004866_813331B80,0
004866_81346BDE0,0
004866_8135B9E30,0
0049089_812632430,0
0049089_81350CA80,0
0049142_812ED5E30,0
0049142_8133C1450,0
0049142_813EFE410,0
0049450_8124F1EB0,0
0049450_812A2C5B0,0
0049659_8126DEF10,0
0049728_812FF51B0,0
0049750_812C5E1F0,0
0049750_81393F740,0
0049780_812991100,0
0049871_8126D33F0,0
0049871_8139646C0,0
0049871_813C07880,0
0049994_812CD0B10,0
0049994_812EBC810,0
0049994_81300ED80,0
0049994_8130CB530,0
004_801582050,0
004_802168340,0
004_8035B92B0,0
004_8047C8990,0
0050012_812D52710,0
0050012_813553310,0
0050012_81445CF60,0
0050012_8146F2390,0
0050016_8126BD2F0,0
0050016_813097350,0
0050118_812FB9E10,0
0050118_8134C8370,0
0050118_813AB5550,0
0050257_812939790,0
0050257_812940570,0
0050257_8134803B0,0
0050257_813CFF6D0,0
0050428_812F0C460,0
0050428_812F0CCC0,0
0050450_813F24A80,0
0051182_81336DAA0,0
0051182_81362A410,0
0051182_8144A8CB0,0
0051222_8132D9E80,0
0051222_81331C800,0
0051222_8139D9E60,0
0051222_8148FF4C0,0
00513_8002C6880,0
00513_8002D6F30,0
00513_800309750,0
00513_800323160,0
00513_8003231B0,0
00513_800342B20,0
00513_8003430A0,0
00513_800346EE0,0
00513_8003491D0,0
00513_80034B400,0
00513_8003A6170,0
00513_8003AD240,0
00513_8003B7700,0
00513_8003BD920,0
00513_8003BE4B0,0
00513_8003C0340,0
00513_8003C5B30,0
00513_8003CA3A0,0
00513_8003CD360,0
00513_8003DE1A0,0
00513_8003E0790,0
00513_8003E12C0,0
00513_8003E9220,0
00513_800421140,0
00513_80045B430,0
00513_80045C0A0,0
00513_80046B5E0,0
00513_8004B7A10,0
00513_8004BF330,0
00513_80053A160,0
00513_80054E280,0
00513_80056E610,0
00513_80057CE70,0
00513_80058C680,0
00513_800590530,0
00513_8005971C0,0
00513_800597410,0
00513_8005CBFC0,0
00513_8005F14A0,0
00513_8005FAFF0,0
00513_80060F740,0
00513_800615C40,0
00513_800616670,0
00513_8006237E0,0
00513_80062B450,0
00513_80062D7D0,0
00513_800648A10,0
00513_8006538E0,0
00513_8006538E1,0
00513_80065C910,0
00513_800678C40,0
00513_8006A4370,0
00513_8006B76C0,0
00513_8006C8980,0
00513_8006D62F0,0
00513_8006DCB00,0
00513_8006EE2A0,0
00513_800715680,0
00513_800717740,0
00513_800750E60,0
00513_800762750,0
00513_8007783E0,0
00513_80077EA80,0
00513_80077EF60,0
00513_80078E200,1
00513_8007D7200,0
00513_80082FF20,0
00513_8008A89F0,0
00513_8008ABC50,0
00513_8008BB940,0
00513_800943C20,0
00513_800995EF0,0
00513_8009B7B70,0
00513_8009F4AE0,0
00513_800A5F8C0,0
00513_800A82F70,0
00513_800A860F0,0
00513_800B0DAB0,0
00513_800B1B550,0
00513_800B34470,0
00513_800B830D0,0
00513_800BAE2F0,0
00513_800BC9B70,0
00513_800BCF320,0
00513_800BD51E0,0
00513_800C35260,0
00513_800C90D30,0
00513_800CCA800,0
00513_800CD60F0,1
00513_800CF5930,0
00513_800CFE6F0,0
00513_800DD9DB0,0
00513_800E28F20,0
00513_800EE18A0,0
00513_800F32D00,0
00513_800F55C30,0
00513_800F55C31,0
00513_800F5EFF0,0
00513_801001120,0
00513_801038AD0,0
00513_80103B490,0
00513_80108DBF0,0
00513_8010E1B50,0
00513_8011E1080,0
00513_8012976E0,0
00513_8013D9110,0
00513_801418BB0,0
00513_801449B90,0
00513_801464400,0
00513_801467B60,0
00513_801623CC0,0
00513_80162B1D0,0
00513_8016CF6F0,0
00513_8016E46E0,0
00513_80173AC80,0
00513_80188E150,0
00513_80194FD70,0
00513_8019BD330,0
00513_801A20EE0,0
00513_801A303D0,0
00513_801CDE7F0,0
00513_801DED2A0,0
00513_801E52FC0,0
00513_8021FF420,0
00513_8022395E0,0
00513_80228F140,0
00513_80247CEC0,0
00513_8024C68F0,0
00513_80252EF80,0
00513_80290BDF0,0
00513_8029F78D0,0
00513_802AD2D70,0
00513_802AD3040,0
00513_802CDEA00,0
00513_802D81960,0
00513_803066930,0
00513_80339F050,0
00513_803466BB0,0
00513_80364DC40,0
00513_803BF4FA0,0
00513_803D562D0,0
00513_803D60470,0
00513_804171AA0,0
00513_80424EE90,0
00513_8042EBB30,0
00513_8043D25E0,0
00513_8047E96E0,0
00513_804B04770,0
00513_804E902D0,0
00513_804ED81B0,0
00513_80522F750,0
00513_805704150,0
00513_805ECC630,0
00513_805FA33F0,0
00513_8060F1040,0
00513_8061F2160,0
00513_8062EE200,0
00513_80632FB00,0
00513_8066C6240,0
00513_8069F03A0,0
00513_806CFA8E0,0
00513_807017870,0
00513_8070D5FD0,0
00513_8070F93B0,0
00513_807206540,0
00513_80734B050,0
00513_80738D410,0
00513_8075B0CA0,0
00513_807D8D640,0
00513_80833CF50,0
00513_808382930,0
00513_80856F1F0,0
00513_808583A60,0
00513_808F51540,0
00513_808FBEEC0,0
00513_809395460,0
00513_80958DFC0,0
00513_809719DD0,0
00513_80993BEE0,0
00513_809A373C0,0
00513_809C00B00,0
00513_80A172680,0
00513_80A4638C0,0
00513_80A571450,0
00513_80A74EDF0,0
00513_80ACD9FC0,0
00513_80B60E370,0
00513_80C62A530,0
00513_80D2A0EC0,0
00513_80D3E4260,0
00513_80D4C3040,0
00513_80DE71670,0
00513_811FB7590,0
00513_8128A58A0,0
00513_813996AA0,0
00513_813A60440,0
005140_801F5F850,0
005140_801F81CF0,0
005140_80202D3D0,0
005140_8022033C0,0
005140_8022183F0,0
005140_802239DA0,0
005140_80227B5C0,0
005140_8023A0670,0
005140_80245CF90,0
005140_80254E670,0
005140_802652FC0,0
005140_802ABAC50,0
005140_802ABF240,0
005140_802AC4A10,0
005140_802B46EA0,0
005140_802BBB5D0,0
005140_802BDF800,0
005140_802C42180,0
005140_802C8AF70,0
005140_802E0EA10,0
005140_803064790,0
005140_80318FD50,0
005140_80324CAF0,0
005140_803316090,0
005140_8034259C0,0
005140_8034CD2C0,0
005140_80359DA60,0
005140_8035FEF20,1
005140_803729A40,0
005140_803783390,0
005140_803D55080,0
005140_804BA5720,0
005140_8051FFC80,0
005140_80570A280,0
005140_80602FA70,0
005140_806246320,0
005140_8063ACD60,0
005140_8063B8940,0
005140_806509EC0,0
005140_8066AD150,0
005140_8066BBC60,0
005140_8066C8BA0,0
005140_8067C5290,0
005140_8068339A0,0
005140_806CA1110,0
005140_806F9F5F0,0
005140_8072F7500,0
005140_8072F7501,0
005140_807623700,0
005140_807DBFF40,0
005140_8089946A0,0
005140_808CD48B0,0
005140_80935AF50,0
005140_809943030,0
005140_809B13BF0,0
005140_80A176630,0
005140_80ACC2920,0
005140_80BE55260,0
005140_80BF813D0,0
005140_80C10AE60,0
005140_80C334EC0,0
005140_80CBD96F0,0
005140_80D0AD640,0
005140_80D1FCB30,0
005140_80D2CE7A0,0
005140_80DE659E0,0
005140_80DF8AF90,0
005140_80E3306B0,0
005140_80F7D5C70,0
005140_80FEDE530,0
005140_8100998A0,0
005140_8103BE0A0,0
005140_81077BE10,0
005140_810D9C850,0
005140_812947250,0
005140_8134B0D30,0
005140_8146F6EE0,0
005175_801235EB0,0
005175_801F02340,0
005175_801FEF7B0,0
005175_802039610,0
005175_8020A5C90,0
005175_8020AAAB0,0
005175_8020B8970,0
005175_8020FC1B0,0
005175_80211EF60,0
005175_8021312B0,0
005175_802192860,0
005175_8021A5490,0
005175_8021CC100,0
005175_8024F0E20,0
005175_802542040,0
005175_8025FA3B0,0
005175_802602ED0,0
005175_8026329B0,0
005175_80265CA80,0
005175_802866B30,0
005175_80289DD70,0
005175_8028D1830,0
005175_802A50B80,0
005175_802A52610,0
005175_802AD8730,0
005175_802C71FE0,0
005175_802C7D040,0
005175_802D02990,0
005175_802D13140,0
005175_802D7BDA0,0
005175_802DC7B90,0
005175_802DD97A0,0
005175_802EA38C0,0
005175_803151060,0
005175_803333B50,0
005175_80336B880,0
005175_803D1D8C0,0
005175_8051C7720,0
005175_805268570,0
005175_80559A800,0
005175_806ACA210,0
005175_807580BC0,0
005175_807A78D30,0
005175_807B15680,0
005175_808043550,0
005175_8083034A0,0
005175_808606350,0
005175_80878B120,0
005175_808C5F6E0,0
005175_8090D5A20,0
005175_80912B200,0
005175_809768440,0
005175_80ABB5C70,0
005175_80B7920D0,0
005175_80B82F740,0
005175_80B9631B0,0
005175_80BA90C50,0
005175_80BA9E250,0
005175_80C53BA80,0
005175_80C88AAA0,0
005175_80E78B030,0
005175_8116288A0,0
005175_8118ACA10,0
005175_812791F00,0
0051889_813B99790,0
0051889_813F84230,0
0051889_8140FE350,0
0052062_8136BB630,0
0052062_813A2FEF0,0
0052603_813992700,0
0053160_814217AB0,0
0053183_813B98170,0
0053183_813E162A0,0
0053183_8145E1CB0,0
005328_801FE6350,0
005328_802042CE0,0
005328_802046130,1
005328_80205A8C0,0
005328_80207D210,0
005328_80218C1A0,0
005328_802304760,0
005328_802379E60,0
005328_8024E2240,0
005328_8025271D0,0
005328_802588E80,0
005328_802614430,0
005328_80273ABC0,0
005328_8028A3BA0,0
005328_802A55E40,0
005328_802A77470,0
005328_802A8F6D0,0
005328_802BD4360,0
005328_802BEFCE0,0
005328_802BF7250,0
005328_802C6AE20,0
005328_802CE8FD0,0
005328_802D33140,0
005328_802F1ABC0,0
005328_802F4E9B0,0
005328_8031F6CD0,0
005328_803391C90,0
005328_803BCF360,0
005328_803D15920,0
005328_803E873E0,0
005328_804213C90,0
005328_804B721F0,0
005328_804D37EF0,0
005328_8056CD4C0,0
005328_805B4ABB0,0
005328_806607000,0
005328_8067E8200,0
005328_807245580,0
005328_8074660E0,0
005328_807748B10,0
005328_8077A3550,0
005328_8077A8940,0
005328_80793C2D0,0
005328_807A5EA50,0
005328_807CDBC60,0
005328_8082EF810,0
005328_808300930,0
005328_80830AD60,0
005328_8085BB6C0,0
005328_8085C0BF0,0
005328_808632AC0,0
005328_808C5F470,0
005328_809404030,0
005328_80A531290,0
005328_80AB45410,0
005328_80ABCB230,0
005328_80B37B240,0
005328_80B77A720,0
005328_80B8442A0,0
005328_80B8DBCE0,0
005328_80BAEFD50,0
005328_80BC974D0,0
005328_80BCF1CD0,0
005328_80C5BB610,0
005328_80D8AA7B0,0
005328_80ED79E70,0
005328_8104E2CD0,0
005328_810CA6F30,0
005328_8125A7BC0,0
005328_812643490,0
005328_8127E7F70,0
005329_80122D820,0
005329_801444A00,0
005329_8021066A0,0
005329_802186F50,0
005329_80223EDC0,0
005329_8022FECF0,0
005329_802303F90,0
005329_80243FF30,0
005329_8024E21A0,0
005329_8024F1130,0
005329_8025027F0,0
005329_8025DB890,0
005329_80263D510,0
005329_8026BAB60,0
005329_8027E6AC0,0
005329_80280CE00,0
005329_80288C920,0
005329_8028AB670,0
005329_80295A2D0,0
005329_8029782B0,0
005329_8029DCFF0,0
005329_802BB5630,0
005329_802BCA200,0
005329_802D21B60,0
005329_802D6E250,0
005329_803127820,0
005329_803361310,0
005329_8033A3E40,0
005329_8035612C0,0
005329_803566250,0
005329_80377B0B0,0
005329_803BB0140,0
005329_8042093F0,0
005329_8042E48E0,0
005329_804334340,0
005329_80439B930,0
005329_804674F20,0
005329_804901350,0
005329_804A6B7D0,0
005329_804E47130,0
005329_8055B15E0,0
005329_8056EBAB0,0
005329_805752DE0,0
005329_805795190,0
005329_8057AC1F0,0
005329_8059592B0,0
005329_805B6A490,0
005329_8065154A0,0
005329_8066441A0,0
005329_80723F770,0
005329_80747D3C0,0
005329_8074EF110,0
005329_807750830,0
005329_807928900,0
005329_807A49330,0
005329_807A5A300,0
005329_807AA9D00,0
005329_807CE59F0,0
005329_8082FDD30,0
005329_808326FD0,0
005329_808467870,0
005329_808F366C0,0
005329_80A026700,0
005329_80AF493D0,0
005329_80B530F40,0
005329_80B5BC5E0,0
005329_80B8D7170,0
005329_80B992D50,0
005329_80BCF17A0,0
005329_80C634690,0
005329_80C8972D0,0
005329_80D7B67B0,0
005329_80DCEF7D0,0
005329_80DEC53D0,0
005329_80EC15E00,0
005329_80FB77530,0
005329_8110544D0,0
005329_81190BEC0,0
005329_811B0F6A0,0
005329_811CA8CE0,0
005329_811CFA900,0
005329_811CFBF30,0
005329_811D0FC70,0
005329_81251E8D0,0
0053322_814227930,0
0053327_814396910,0
0053329_814266570,0
0053651_81421DD50,0
005365_801F56740,0
005365_801FFD390,0
005365_80219C9B0,0
005365_8022F6F00,0
005365_802411290,0
005365_8024FB1F0,0
005365_802678C10,0
005365_80267A7D0,0
005365_80271C910,0
005365_80271D8F0,0
005365_8027A19E0,0
005365_802A0BE40,0
005365_802A65230,0
005365_802B08310,0
005365_802C81200,0
005365_802D26830,0
005365_802E54530,0
005365_802E7A330,0
005365_802EC2FB0,0
005365_802F4A770,0
005365_8033520C0,0
005365_803367E20,0
005365_8033AEBB0,0
005365_80362B690,0
005365_8048BE150,0
005365_8048D6200,0
005365_804911F60,0
005365_80496EF20,0
005365_804E0ACF0,0
005365_8052A1D80,0
005365_8056D1FC0,0
005365_805A2D400,0
005365_80651EC40,0
005365_8068CCB60,0
005365_807909820,0
005365_80796DFF0,0
005365_807A7B8F0,0
005365_807C12840,0
005365_8086E5FB0,0
005365_808A5D700,0
005365_809125FE0,0
005365_8093B8DC0,0
005365_8097697F0,0
005365_809801B80,0
005365_809805F00,0
005365_80AEC17E0,0
005365_80B4FC1E0,0
005365_80B53FA10,0
005365_80B544030,0
005365_80B84A770,0
005365_80BAA4F30,0
005365_80BAAFC40,0
005365_80BEA0A50,0
005365_80D38AA60,0
005365_80D52B840,0
005365_80D583CE0,0
005365_80E5EDFA0,0
005365_80E772360,0
005365_80FBB2960,0
005365_80FFE1FF0,0
005365_8102C4A90,0
005365_810F58430,0
005365_811042330,0
005365_811615430,0
005365_8116411C0,0
005365_811674A30,0
005365_812164D00,0
005365_812552550,0
005365_812612190,0
005365_812783C70,0
005394_801F76520,0
005394_80208B080,0
005394_802223090,0
005394_802272060,0
005394_802397A40,0
005394_80247B650,0
005394_8024A7430,0
005394_8026B2AD0,0
005394_8027D6740,0
005394_80283FB50,0
005394_802B8A7C0,0
005394_802B92740,0
005394_802B945F0,0
005394_802BCCFD0,0
005394_802CD2CB0,0
005394_802CE3AC0,0
005394_802E2F170,0
005394_802E4B080,0
005394_802E5B0D0,0
005394_802E67E20,0
005394_802ED47C0,0
005394_8030C8D50,0
005394_80323FB20,0
005394_8032C9FB0,0
005394_803390860,0
005394_803737B50,0
005394_803763B40,0
005394_803889920,0
005394_80394EB60,0
005394_803A95020,0
005394_803BAA640,0
005394_804276540,0
005394_8043261E0,0
005394_804752C40,0
005394_80476B3D0,0
005394_80486A4A0,0
005394_804971B30,0
005394_805413210,0
005394_8058D3980,0
005394_805BABF10,0
005394_805BAC410,0
005394_805F93520,0
005394_805FA5CB0,0
005394_8065F21B0,0
005394_80672D020,0
005394_8072F5E20,0
005394_8078A5A70,0
005394_807B83310,0
005394_808146490,0
005394_808592910,0
005394_8086BEBB0,0
005394_808793000,0
005394_8088998D0,0
005394_808CB0A10,0
005394_809362390,0
005394_809B53AA0,0
005394_80A2F8CF0,0
005394_80A591530,0
005394_80B496800,0
005394_80BD8B660,0
005394_80BE37330,0
005394_80BEC1160,0
005394_80C034320,0
005394_80D314270,0
005394_80D3764F0,0
005394_80D7CC7C0,0
005394_80D8B2640,0
005394_80D914710,0
005394_80E3526C0,0
005394_80E3DAB00,0
005394_80E3EFE00,0
005394_80E6BAD10,0
005394_80F2D5860,0
005394_810022120,0
005394_810D89820,0
005394_811E09340,0
005394_812334D80,0
005394_8129E7240,0
005394_81300F100,0
005394_8130D95D0,0
005394_813A1BAD0,0
005394_814213D10,0
005425_8020623F0,0
005425_8022A1ED0,0
005425_8025034A0,0
005425_8025C00D0,0
005425_8025CF900,0
005425_802634C10,0
005425_802867FB0,0
005425_8028D0710,0
005425_802ACAAF0,0
005425_802CFF840,0
005425_802D98BE0,0
005425_802E7F6E0,0
005425_802F376D0,0
005425_80357C410,0
005425_803728140,0
005425_803BC9820,0
005425_803CEB180,0
005425_803E82E60,0
005425_8041AD190,0
005425_8041EF3C0,0
005425_804F69C30,0
005425_80528C000,0
005425_8053088C0,0
005425_805751130,0
005425_805A94090,0
005425_805C938B0,0
005425_80663E4F0,0
005425_8068F9F10,0
005425_8069AA960,0
005425_8078CBFD0,0
005425_807934D70,0
005425_807AD25D0,0
005425_807B32A90,0
005425_8080A28A0,0
005425_80898E680,0
005425_809410B20,0
005425_80A2CF680,0
005425_80A58F2B0,0
005425_80A624F30,0
005425_80B228F70,0
005425_80BDD1E40,0
005425_80E3BB030,0
005425_80EC06200,0
005425_8107106B0,0
005425_810CB5A80,0
005425_810E25240,0
005425_8119FC950,0
005425_8128C4430,0
0054306_81435D180,0
005464_8020979E0,0
005464_80209A230,0
005464_8020C0F30,0
005464_8020E9300,0
005464_802106760,0
005464_802184A50,0
005464_802288F00,0
005464_80233FA10,0
005464_802389050,0
005464_8023C9C30,0
005464_8023D8330,0
005464_802466E20,0
005464_8025233B0,0
005464_80257E770,0
005464_802581D50,0
005464_802605DF0,0
005464_802632A00,0
005464_802664DA0,0
005464_8026D7790,0
005464_8026E8230,0
005464_802700160,0
005464_8027E9410,0
005464_80282F4D0,0
005464_8028E7B60,0
005464_802983AD0,0
005464_802A2DFC0,0
005464_802A4B140,0
005464_802CA3270,0
005464_802CF4F10,0
005464_802D1D930,0
005464_80312E180,0
005464_8031C53C0,0
005464_80329E700,0
005464_803395C60,0
005464_8033C6050,0
005464_80349A320,0
005464_804213A50,0
005464_804A5D220,0
005464_804E2F960,0
005464_80575D3A0,0
005464_805B01D60,0
005464_80637BF70,0
005464_80641A790,0
005464_806824750,0
005464_806A12E40,0
005464_8075CF770,0
005464_807754D80,0
005464_8077BC540,0
005464_8078CF800,0
005464_8079B0D40,0
005464_80847E3C0,0
005464_808B9E0B0,0
005464_809372EB0,0
005464_8093B3FB0,0
005464_80A0349E0,0
005464_80A58E5B0,0
005464_80AB5C090,0
005464_80AC19C80,0
005464_80AC95860,0
005464_80AD4AF00,0
005464_80AFC0AE0,0
005464_80D188F30,0
005464_80D22AF80,0
005464_80DE311E0,0
005464_80E75AA30,0
005464_80F0D5E60,0
005464_80F7C4B20,0
005464_811043270,0
005464_812111AC0,0
005464_812118080,0
005464_812576D70,0
005464_81259BF30,0
005464_812669EA0,0
005464_8131FB700,0
005464_81447F470,0
005466_8021AEA10,0
005466_802211C40,0
005466_802577F70,0
005466_802578190,0
005466_8025C9290,0
005466_8025E9640,0
005466_8025FAE10,0
005466_8026815C0,0
005466_802785180,0
005466_8028A6850,0
005466_8029164F0,0
005466_802A69570,0
005466_802B0B320,0
005466_802C94F70,0
005466_802D42510,0
005466_802D7DB60,0
005466_802D8F590,0
005466_802F15920,0
005466_803242530,0
005466_8033BE590,0
005466_80386E100,0
005466_803CF1630,0
005466_803D7C790,0
005466_8040AABD0,0
005466_804186AA0,0
005466_8048DCA90,0
005466_804902B30,0
005466_804E1FBF0,0
005466_805308910,0
005466_80531F960,0
005466_80574A570,0
005466_805B46D70,0
005466_80679CFF0,0
005466_806824EF0,0
005466_8069A5150,0
005466_806AC7480,0
005466_806E631A0,0
005466_807A04440,0
005466_807AB6340,0
005466_807AE2460,0
005466_80850D040,0
005466_808A59CF0,0
005466_809191B20,0
005466_8093A7FB0,0
005466_80946FCD0,0
005466_80965B5E0,0
005466_80A64DC00,0
005466_80A8D8950,0
005466_80AC262A0,0
005466_80B9879A0,0
005466_80BA6DED0,0
005466_80BB69930,0
005466_80C8F25C0,0
005466_80D528D20,0
005466_80DFF8260,0
005466_80E770910,0
005466_80E786FC0,0
005466_80F240A70,0
005466_81031F120,0
005466_810E31F10,0
005466_811D17EC0,0
005466_812102AB0,0
0054717_8144573F0,0
0055127_8147A0150,0
005627_802883840,0
005627_807E10830,0
005836_8021DB0B0,0
005836_802396620,0
005836_80241FC10,0
005836_802477500,0
005836_802481D90,0
005836_80255F6D0,0
005836_802563620,0
005836_802658580,0
005836_8027444F0,0
005836_80285A8B0,0
005836_802B24920,0
005836_802C34F00,0
005836_803169770,0
005836_8031786D0,0
005836_803324AC0,0
005836_803527880,0
005836_803642670,0
005836_80373E540,0
005836_8037861D0,0
005836_803787A20,0
005836_803D35770,0
005836_803EC1C70,0
005836_804507670,0
005836_804607410,0
005836_804FC2F50,0
005836_8051E22E0,0
005836_8052D9C80,0
005836_805A7DDB0,0
005836_805B67E50,0
005836_805DE69F0,0
005836_8062692A0,0
005836_80649AF50,0
005836_8069FB460,0
005836_806D0EE90,0
005836_8072BB7E0,0
005836_807CF0D80,0
005836_8080D92A0,0
005836_808568760,0
005836_8088317F0,0
005836_809480800,0
005836_80A0D5A00,0
005836_80A39ECA0,0
005836_80A401DE0,0
005836_80A62FF20,0
005836_80A75EF20,0
005836_80AA641F0,0
005836_80ACD2FD0,0
005836_80AD4C840,0
005836_80AE0C140,0
005836_80AFDC180,0
005836_80B3FA050,0
005836_80B7D7680,0
005836_80B941800,0
005836_80BDB0380,0
005836_80BDDDD50,0
005836_80C26CE00,0
005836_80D117460,0
005836_80D1AE140,0
005836_80D921120,0
005836_80DA759D0,0
005836_80DBB5300,0
005836_80DDDC210,0
005836_80E0C71D0,0
005836_80F92EFF0,0
005836_80FE89A30,0
005836_8104A1A00,0
005836_810588A60,0
005836_812241B70,0
005836_81314F3A0,0
005836_81336FCC0,1
005_81385D850,0
006010_8021CE670,0
006010_80242C5F0,0
006010_80254BBD0,0
006010_8027C18E0,0
006010_8027C1930,0
006010_802894AA0,0
006010_8029C9EA0,0
006010_802AE8B50,0
006010_802B28D20,0
006010_802B9B990,0
006010_802BA7A00,0
006010_802C041F0,0
006010_802C45810,0
006010_802C53660,0
006010_802DB24F0,0
006010_802E02430,0
006010_80303F3C0,0
006010_803046FC0,0
006010_8031B55C0,0
006010_8031FEC30,0
006010_8032CDFD0,0
006010_803311A90,0
006010_8033A1820,0
006010_803410D20,0
006010_803491440,0
006010_80363C8F0,0
006010_803B9BD80,0
006010_803E2FE40,0
006010_803E49980,0
006010_804210900,0
006010_80426C8F0,0
006010_804413A30,0
006010_80483B930,0
006010_804918120,0
006010_804944040,0
006010_80496DAB0,0
006010_804CD1B90,0
006010_805112370,0
006010_805120D50,0
006010_8051C3090,0
006010_805208910,0
006010_8056F19D0,0
006010_805EE54A0,0
006010_805F8C870,0
006010_805FBF110,0
006010_806249DD0,0
006010_8067CA5E0,0
006010_806CDC5F0,0
006010_8070C9DA0,0
006010_8070C9DA1,0
006010_807361E40,0
006010_80736E370,0
006010_8075B0720,0
006010_8075B1CF0,0
006010_807F4B830,1
006010_808462A10,0
006010_8086EED10,0
006010_809048340,0
006010_809143930,0
006010_809252EE0,0
006010_809C32A60,0
006010_809EBA250,0
006010_80A1684C0,0
006010_80A4CE250,0
006010_80A52F340,0
006010_80B58F3C0,0
006010_80B7FFA90,0
006010_80B8C8920,0
006010_80CC521A0,0
006010_80D5ACE90,0
006010_80E0C52A0,0
006010_80E7A4CF0,0
006010_80EC7B470,0
006010_80FEFE660,0
006010_8116ECA00,0
006010_8119F9800,0
006010_811CC8170,0
006010_81243AF60,0
006010_812FAC880,0
006010_813082120,0
006010_8130AB1A0,0
006010_8132B6A20,0
006010_813363680,0
006010_813386BD0,0
006030_802523050,0
006030_80256BE70,0
006030_8025C0690,0
006030_8025C7C10,0
006030_802613E50,0
006030_8026310A0,0
006030_802732F00,0
006030_802959C90,0
006030_802A2C650,0
006030_802A7D440,0
006030_802A9B5D0,0
006030_802C435C0,0
006030_802D448E0,0
006030_802D96240,0
006030_802F05BD0,0
006030_803CEED60,0
006030_803EA56A0,0
006030_8041C5E80,0
006030_805119DA0,0
006030_805134790,0
006030_80514ECD0,0
006030_805586210,0
006030_80558BC10,0
006030_805AC5C40,0
006030_8063F1120,0
006030_80672BD10,0
006030_8067E21F0,0
006030_8068D39C0,0
006030_80699D430,0
006030_8072EFF80,0
006030_807842F20,0
006030_807964B00,0
006030_807B69110,0
006030_807CDEF10,0
006030_808023320,0
006030_8086087B0,0
006030_808DF8F90,0
006030_809BFEC60,0
006030_809C0E520,0
006030_80A7872D0,0
006030_80B311590,0
006030_80B332E90,0
006030_80B3B37B0,0
006030_80C0A70B0,0
006030_80E39A2B0,0
006030_80E425990,0
006030_80F7E20B0,0
006030_80FBAAC30,0
006030_810443110,0
006030_810F5C3B0,0
006030_811051550,0
006030_8127459C0,0
006030_81278CB00,0
006052_80205E210,0
006052_802529BD0,0
006052_8025AA360,0
006052_8025FAD50,0
006052_802606960,0
006052_8026D0250,0
006052_8027B4670,0
006052_802993E50,0
006052_80299EF50,0
006052_8029DE3C0,0
006052_802A831B0,0
006052_802BF20B0,0
006052_802BF2E00,0
006052_802CC23D0,0
006052_802EB0B50,0
006052_803214520,0
006052_8032DE220,0
006052_803565C90,0
006052_803B9D2A0,1
006052_803E39980,0
006052_8041C39C0,0
006052_80425F9C0,0
006052_804398EC0,0
006052_804919DA0,0
006052_804BFB5B0,0
006052_804EE9800,0
006052_804F2C100,0
006052_8050A0EB0,0
006052_80574DF20,0
006052_805CB1240,0
006052_806605240,1
006052_806827660,0
006052_806882060,0
006052_806921630,0
006052_806B75E00,0
006052_8070C21A0,0
006052_807B23B80,0
006052_807D69E00,0
006052_808311140,0
006052_808559F20,0
006052_808A6AE80,0
006052_808F124E0,0
006052_8091E2210,0
006052_80A1C8060,0
006052_80AB475A0,0
006052_80ABECCD0,0
006052_80B44F720,0
006052_80B9A85D0,0
006052_80D133170,1
006052_80D1EBAE0,0
006052_80DF9D9D0,0
006052_80DFCFB90,0
006052_80E4E0160,0
006052_81085A5A0,0
006052_810BE30E0,0
006052_81105D230,0
006052_8110C7F80,0
006052_81144E210,0
006075_801441BA0,0
006075_8024524A0,0
006075_802453180,0
006075_80249FBD0,0
006075_8025C34F0,0
006075_8026A3130,0
006075_802742DC0,0
006075_8027C4120,0
006075_80285FF70,0
006075_802860C40,0
006075_802863790,0
006075_80286FF20,0
006075_80293D660,0
006075_802A14BF0,0
006075_802B54D10,0
006075_802CD73C0,0
006075_802EE2A00,0
006075_80327B070,0
006075_8032CD040,0
006075_803310000,0
006075_8034080C0,0
006075_803409050,0
006075_8034E78E0,0
006075_803901C20,0
006075_803AE11C0,0
006075_803BF4C70,0
006075_803C87580,0
006075_803D119A0,0
006075_8041F5630,0
006075_804458D00,0
006075_80445C8A0,0
006075_804507350,0
006075_8045BC960,0
006075_8045BE790,0
006075_8045D8B10,0
006075_804840D40,0
006075_804854EE0,0
006075_80509DBE0,0
006075_8051927B0,0
006075_8053E1AE0,0
006075_8054142E0,0
006075_80593EC70,0
006075_805E93390,0
006075_80632E490,0
006075_8063DD5C0,0
006075_806407F70,0
006075_806573FE0,0
006075_806715990,0
006075_80676AB00,0
006075_8072EDB70,0
006075_807327570,0
006075_80742F240,0
006075_807803590,0
006075_807AE46F0,0
006075_807CB5F40,0
006075_807F44AC0,0
006075_8080548E0,0
006075_8086F4CD0,0
006075_8089867C0,0
006075_808E038C0,0
006075_808FE6600,0
006075_8093D0780,0
006075_809791BF0,0
006075_80990F630,0
006075_80A0DAE70,0
006075_80A31B2E0,0
006075_80A529B80,0
006075_80A7F6DD0,0
006075_80A821480,0
006075_80AA815F0,0
006075_80B0924C0,0
006075_80B346890,0
006075_80B69C880,0
006075_80BBC8A70,0
006075_80C2B97E0,0
006075_80C33BD00,0
006075_80CD83E50,0
006075_80D111860,0
006075_80D67AC40,0
006075_80D94B0B0,0
006075_80DD2ED70,0
006075_80DF732D0,0
006075_80E05C1A0,0
006075_80E3DF000,0
006075_80E65FEC0,0
006075_80E6A7CA0,0
006075_80EFED140,0
006075_80FC324F0,0
006075_80FF3F190,0
006075_8106FDE80,0
006075_81083BCF0,0
006075_810ACA970,0
006075_811111C40,0
006075_8122ECEF0,0
006075_812574510,0
006075_81271AD50,0
006075_8130B2BB0,0
006075_813515D10,0
006075_813833DB0,0
006075_813C13980,0
006129_801448310,0
006129_8026A7FF0,0
006129_8027D1A30,0
006129_802817980,0
006129_80284F6F0,0
006129_802851A10,0
006129_8028ED270,0
006129_802B8C6E0,0
006129_802BDA420,0
006129_802CCB010,0
006129_802D2C030,0
006129_802EB13C0,0
006129_802F8DD20,0
006129_803232400,0
006129_8032B3480,0
006129_80332E870,0
006129_803383740,0
006129_8035205E0,0
006129_80358BC90,0
006129_8035ED2A0,0
006129_803745F80,0
006129_8037B8790,0
006129_803ADEDD0,0
006129_803AF6130,0
006129_803C5E720,0
006129_803E27640,0
006129_803E2B560,0
006129_803E43410,0
006129_803E4D2C0,0
006129_804016590,0
006129_80427FE00,0
006129_8048704D0,0
006129_804974F20,0
006129_8050E1A10,0
006129_805414740,1
006129_8055AEC60,0
006129_8055E0A00,0
006129_80579B210,0
006129_80602DCB0,0
006129_8062C25A0,0
006129_8063D92F0,0
006129_80664B0A0,0
006129_806B571E0,0
006129_806C19920,0
006129_806D1B710,0
006129_806D28310,0
006129_8070FA130,0
006129_80718BCF0,0
006129_807331910,0
006129_807809890,0
006129_8079FEDB0,0
006129_807F0BD00,0
006129_80829AAD0,0
006129_8082CE8E0,0
006129_8082DBBE0,0
006129_8083B41C0,0
006129_8087356B0,0
006129_808CFA470,0
006129_80988ED40,0
006129_809A32FB0,0
006129_809FCF310,0
006129_80ACA6330,0
006129_80AE2F1F0,0
006129_80AE97A10,0
006129_80AEC75C0,0
006129_80B5D5880,0
006129_80B9263C0,0
006129_80BC04490,0
006129_80BF2B930,0
006129_80C098690,0
006129_80C6C4300,0
006129_80C6E83A0,0
006129_80CBD4330,0
006129_80D189890,0
006129_80D43A450,0
006129_80D45B6C0,0
006129_80D4FB6C0,0
006129_80DC85850,0
006129_80DF5AC90,0
006129_80E74B9C0,0
006129_80ED08810,0
006129_810266430,0
006129_8103805A0,0
006129_81056E060,0
006129_810CB75B0,0
006129_812898270,0
006129_812F0D300,0
006129_8131A97A0,0
006129_81329E7F0,0
006129_813541010,0
006129_81365F430,0
006129_813DA67F0,0
006129_8141A9980,0
006129_8141C3220,0
006156_802851DB0,0
006156_802A1FDC0,0
006156_802A1FDC1,0
006156_802BD1CF0,0
006156_802C27D80,0
006156_802C37C90,0
006156_802F2FD40,0
006156_802F30570,0
006156_803064610,0
006156_803064A70,0
006156_803067710,0
006156_80312C310,0
006156_803243C30,0
006156_80329B720,0
006156_8032E2300,0
006156_8034C9EC0,0
006156_8034DBB10,0
006156_803639240,0
006156_80363EA70,0
006156_803776860,0
006156_80377A210,0
006156_80395EF80,0
006156_803AEDB70,0
006156_803D39CE0,0
006156_8041D89A0,0
006156_804201F30,0
006156_8042EA660,0
006156_8043C6AD0,0
006156_8044CF0E0,0
006156_8048C4330,0
006156_8049544C0,0
006156_804B6DA60,0
006156_804EB6150,0
006156_80508E8D0,0
006156_8051C1BE0,0
006156_8051FCB70,0
006156_8051FE6C0,0
006156_8052E67D0,0
006156_80554E3E0,0
006156_8056E7D40,0
006156_8056F14D0,0
006156_805AA80C0,0
006156_805B90740,0
006156_805BBD4F0,0
006156_805FF2F80,0
006156_8063E4B30,0
006156_8065C6A30,0
006156_8066AFDC0,0
006156_806704A80,0
006156_806D267A0,0
006156_806EFD560,0
006156_807430A90,0
006156_807575F00,0
006156_80771A190,0
006156_807A1B2D0,0
006156_807D668B0,0
006156_80851CB00,0
006156_8085FA220,0
006156_8086D0A80,0
006156_8089EC6C0,0
006156_808D17530,0
006156_808EB9E50,0
006156_808F92DC0,0
006156_80913BD80,0
006156_809756620,0
006156_8099F17C0,0
006156_809C24580,0
006156_80AB76DF0,0
006156_80AEFBD90,0
006156_80B563DB0,0
006156_80BEE00A0,0
006156_80C0AAFF0,0
006156_80C31DEC0,0
006156_80CD7DED0,0
006156_80D3FFE30,0
006156_80D4FB400,0
006156_80DACC8A0,0
006156_80DDDF720,0
006156_80E1E6170,0
006156_80E356750,0
006156_80E6C15A0,0
006156_80ED985E0,0
006156_80F334670,0
006156_80F3D54C0,0
006156_80FE2FBA0,0
006156_80FE74D60,0
006156_810D87400,0
006156_81117BA60,0
006156_812176030,0
006156_812677DF0,0
006156_812D322B0,0
006156_81311BEF0,0
006156_8132F6B10,0
006156_813358070,0
006156_81337AFE0,0
006156_81419F7B0,0
006156_8145D4720,0
006156_81478AE00,0
006179_802515770,0
006179_802749710,0
006179_8027BF780,0
006179_802877800,0
006179_802AB82C0,0
006179_802B5F5B0,0
006179_802CC0B80,0
006179_802DAA170,0
006179_802E031A0,0
006179_802E8BE70,0
006179_8031B1350,0
006179_8033805B0,0
006179_8033E96E0,0
006179_803559F90,0
006179_80358C1E0,0
006179_8035E7D40,0
006179_8036FB2D0,0
006179_803AF7740,0
006179_803C57980,0
006179_803C88C60,0
006179_803CAA5A0,0
006179_803E4D500,0
006179_80421F510,0
006179_80458D740,0
006179_80474CBA0,0
006179_80479F2F0,0
006179_80491BB10,0
006179_804E74660,0
006179_804ECF070,0
006179_8051E8840,0
006179_8052D9950,0
006179_8052F3C40,0
006179_805714180,0
006179_805A08E90,0
006179_805CB1A30,0
006179_806EDB490,0
006179_8070E3C50,0
006179_807211F60,0
006179_8075A6FB0,0
006179_807F70110,0
006179_808394840,0
006179_8087870F0,0
006179_808EB2030,0
006179_808ED2F40,0
006179_808FEEDE0,0
006179_80914D3C0,0
006179_80949CEA0,0
006179_809BBC7B0,0
006179_809BF11C0,0
006179_80A39A380,0
006179_80AAC7B20,0
006179_80AB7C810,0
006179_80AC4F7C0,0
006179_80AD731D0,0
006179_80B397780,0
006179_80B474C70,0
006179_80B476B20,0
006179_80B7AE320,0
006179_80C6C8260,0
006179_80CEF8B40,0
006179_80D159B30,0
006179_80D18DCD0,0
006179_80D26CFE0,0
006179_80D959820,0
006179_80DABE1E0,0
006179_8104D7EB0,0
006179_810642D40,0
006179_810874FB0,0
006179_81114A510,0
006179_8119C6D80,0
006179_8130A6B60,0
006179_8132A2F30,0
006179_81393D280,0
006179_813A88D40,0
006179_814478C80,0
006179_814525A40,0
006276_802683770,0
006276_80275A150,0
006276_802837D80,0
006276_80287C220,0
006276_80291C9F0,0
006276_802A4DC80,0
006276_802ACEFB0,0
006276_802B11B60,0
006276_802C34C00,0
006276_802C40630,0
006276_802CCBA40,0
006276_802D59070,0
006276_802DACE60,0
006276_802E37580,0
006276_802FA99F0,0
006276_8030DA970,0
006276_803235F70,0
006276_803285360,0
006276_803390C80,0
006276_8033F08A0,0
006276_803419870,0
006276_80343A7A0,0
006276_8034D7250,0
006276_8034ECA70,0
006276_803662440,0
006276_803889D00,0
006276_803BC2990,0
006276_803BDB850,0
006276_803CA0610,0
006276_804001730,0
006276_8041A5780,0
006276_80440FA90,0
006276_8045B97C0,0
006276_8045C0030,0
006276_80486F700,0
006276_804C34240,0
006276_804E74D20,0
006276_804F963B0,0
006276_80515CB00,0
006276_8051AE9C0,0
006276_8051FBE40,0
006276_8057C9720,0
006276_8065C5970,0
006276_806A89780,0
006276_806E8D440,0
006276_8070281F0,0
006276_8072AC790,0
006276_80738EB80,0
006276_8074301A0,0
006276_807546080,0
006276_807624150,0
006276_80765E1F0,0
006276_8079D2760,0
006276_807BD0810,0
006276_807CACED0,0
006276_807F51FB0,0
006276_8081D4CB0,0
006276_8081EB220,0
006276_808232F40,0
006276_8089929B0,0
006276_808CDDE20,0
006276_808D38900,0
006276_808D595E0,0
006276_80923AC30,0
006276_80971B540,0
006276_8097A97C0,0
006276_8099243E0,0
006276_809F89A00,0
006276_80A6B6400,0
006276_80B0AD740,0
006276_80B3827F0,0
006276_80B6AE460,0
006276_80B7EEB80,0
006276_80BCA1D30,0
006276_80C0AE610,0
006276_80C260650,0
006276_80C388920,0
006276_80C38CAB0,0
006276_80C81CF90,0
006276_80CBD5F40,0
006276_80D083F60,0
006276_80D0B5330,0
006276_80D2129A0,0
006276_80DA3F550,0
006276_80DA5ACC0,0
006276_80DBA9800,0
006276_80E1E6980,0
006276_80ED6FCF0,0
006276_80FD815E0,0
006276_810510670,0
006276_8116AA260,0
006276_8116E5280,0
006276_811BDD2D0,0
006276_811C667D0,0
006276_8123CAC80,0
006276_812F0CD60,0
006276_8139CE330,0
006276_81418E0D0,0
006625_80205A0B0,0
006625_802786410,0
006625_8027F1180,0
006625_8028A1F00,0
006625_80294F020,0
006625_802984DA0,0
006625_802A27A60,0
006625_802A45100,0
006625_802A92B30,0
006625_802A93EB0,0
006625_802C9FA30,0
006625_802D8EF50,0
006625_802F12E00,0
006625_8031CBA00,0
006625_80331C810,0
006625_80375A660,0
006625_803CA6690,0
006625_804278300,0
006625_804348C40,0
006625_804890B50,0
006625_8048CEEB0,0
006625_80530FD20,0
006625_805841610,0
006625_805A130F0,0
006625_805AC74E0,0
006625_805AE9750,0
006625_806842F20,0
006625_80687C8D0,0
006625_8068BA5E0,0
006625_806979920,0
006625_8069903E0,0
006625_80699EFB0,0
006625_8069B3E80,0
006625_807794C20,0
006625_807978790,0
006625_807993AA0,0
006625_807ADC4B0,0
006625_807AFD150,0
006625_807B5B830,0
006625_807D39810,0
006625_807DB8CC0,0
006625_807FCB1D0,0
006625_808480AA0,0
006625_8085C0650,0
006625_8088DDA70,0
006625_808976900,0
006625_808AD9550,0
006625_808F4D710,0
006625_809394D70,0
006625_80AB61460,0
006625_80B66D270,0
006625_80BA04D90,0
006625_80BD7BB30,0
006625_80BF6B600,0
006625_80BFA3BF0,0
006625_80D9B4240,0
006625_80DCCA0C0,0
006625_8118F1E00,0
006625_811B26B50,0
006803_802B82FB0,0
006803_802B956C0,0
006803_802C06A80,0
006803_802C16DF0,0
006803_802C3D040,0
006803_802CB2F00,0
006803_802FB3560,0
006803_802FE4030,0
006803_803049BF0,0
006803_8030CD8B0,0
006803_803299F70,0
006803_8033AC5E0,0
006803_8033F1C70,0
006803_80340E410,0
006803_8036AF7A0,0
006803_80371B030,0
006803_803723950,0
006803_80397DC70,0
006803_803AE1400,0
006803_803E9BF80,0
006803_8041864E0,0
006803_8041DC2A0,0
006803_804285210,0
006803_8043F5430,0
006803_804589020,0
006803_8048F9EA0,0
006803_804995720,0
006803_804D263E0,0
006803_804E57D00,0
006803_804E756D0,0
006803_804E98520,0
006803_805127DC0,0
006803_805152340,0
006803_805183910,0
006803_8056CB200,0
006803_805700040,0
006803_80593E660,0
006803_805A79A40,0
006803_8062471B0,0
006803_8065BEEB0,0
006803_806641480,0
006803_806790ED0,0
006803_8069D2D20,0
006803_8071A0440,0
006803_807CB8340,0
006803_807D1ED90,0
006803_807DA0FB0,0
006803_807EC03D0,0
006803_807F09C30,0
006803_807F1DB60,0
006803_8082CE980,0
006803_80912CBC0,0
006803_80934F830,0
006803_809636850,0
006803_809928340,0
006803_809A35350,0
006803_809BEDC00,0
006803_809CAC800,0
006803_809CE84E0,0
006803_80A369C10,0
006803_80A5298E0,0
006803_80A71A250,0
006803_80ACAB020,0
006803_80B28AFD0,0
006803_80B3949B0,0
006803_80B4CB400,0
006803_80B6F0080,0
006803_80BDEC1B0,0
006803_80BF30630,0
006803_80BF686A0,0
006803_80C0D2E50,0
006803_80C2C8210,0
006803_80C5A4B20,0
006803_80D0F4660,0
006803_80D386B40,0
006803_80D73CDC0,0
006803_80DDB5460,0
006803_80E01DC80,0
006803_80E5920F0,0
006803_80F4B3080,0
006803_810474220,0
006803_8124E9670,0
006803_8124F2260,0
006803_8126220F0,0
006803_81268C9B0,0
006803_812D55A40,0
006803_81390C3E0,0
006803_814194EF0,0
006_8047C6800,0
006_804AD2F70,0
006_80A13F8C0,0
00701_8002140A0,0
00701_80039F2A0,0
00701_8003A0940,0
00701_80040E4D0,0
00701_800411880,0
00701_800421C00,0
00701_800423CB0,0
00701_80042F690,0
00701_800438FF0,0
00701_80043EBF0,0
00701_800443500,0
00701_800444D20,0
00701_800453AB0,0
00701_80046CF30,0
00701_80047FAF0,0
00701_8004864E0,0
00701_8004B9670,0
00701_8004BD540,0
00701_8004C0620,0
00701_8004C0E20,0
00701_8004DE0A0,0
00701_8004E6610,0
00701_8004E9DE0,0
00701_800531170,0
00701_80054ABE0,0
00701_800583AA0,0
00701_8005A8150,0
00701_8005C3A50,0
00701_8005C7B50,0
00701_8005D4A60,0
00701_8005E0F80,0
00701_8005E73B0,0
00701_8006449A0,0
00701_8006457A0,0
00701_800668E60,0
00701_80066B2D0,0
00701_8006A3A80,0
00701_8006A3F70,0
00701_8006B89A0,0
00701_8006BAF40,0
00701_8006BED50,0
00701_8006D5350,0
00701_8006DA510,0
00701_800703070,0
00701_800717F40,0
00701_800726010,0
00701_80072E8E0,0
00701_800744AA0,0
00701_800786EF0,0
00701_80078A8F0,0
00701_80078BB90,0
00701_800819540,0
00701_80083D010,0
00701_800878980,0
00701_800888780,0
00701_800906B40,0
00701_800906D20,0
00701_800936FE0,0
00701_8009514B0,0
00701_8009768F0,0
00701_8009DABD0,0
00701_800A4A3A0,0
00701_800A55040,0
00701_800A59E30,0
00701_800A70500,0
00701_800ACD480,0
00701_800B32B20,0
00701_800BE21E0,0
00701_800C0C090,0
00701_800C17530,0
00701_800C4DC90,0
00701_800C7AF70,0
00701_800CF79E0,0
00701_800D28100,0
00701_800D2A7D0,0
00701_800DB0A00,0
00701_800EC3AF0,0
00701_800EDCD30,0
00701_800EE3E10,0
00701_800EF1610,0
00701_800F018B0,0
00701_800F588F0,0
00701_800FA07E0,0
00701_8010BA2C0,0
00701_8010E6820,0
00701_8010ECEE0,0
00701_801120BE0,0
00701_80112D3F0,0
00701_80116A140,0
00701_8012DC2E0,0
00701_80138F730,0
00701_80138FBF0,0
00701_8013D0BE0,0
00701_8013F0350,1
00701_8016129F0,0
00701_8016BBEA0,0
00701_8016D94B0,0
00701_8016F7FF0,0
00701_80170ABF0,0
00701_8017960B0,0
00701_8017A2230,0
00701_8017B0C40,0
00701_8017F34A0,0
00701_8018765A0,0
00701_80188C400,0
00701_80197C560,0
00701_80199ED80,0
00701_801A57120,0
00701_801A9A830,0
00701_801AB4C10,0
00701_801B289B0,0
00701_801B795D0,0
00701_801C3AF20,0
00701_801D3F2A0,0
00701_801D60BE0,0
00701_801DA0CF0,0
00701_801DC7B50,0
00701_801E8BC90,0
00701_801F83450,0
00701_802017130,0
00701_802293860,0
00701_802393940,0
00701_802428980,0
00701_8026AE0B0,0
00701_8026B36C0,0
00701_80272AF30,0
00701_80274CA60,0
00701_8028BD630,0
00701_802B3F6C0,0
00701_802B45210,0
00701_802C37B50,0
00701_802CC5F00,0
00701_802CE08B0,0
00701_802E27520,0
00701_802E97B70,0
00701_802F305C0,0
00701_8030B6BE0,0
00701_80310A2C0,0
00701_80311ECC0,0
00701_803191D10,0
00701_803245950,0
00701_803291AB0,0
00701_803627340,0
00701_803924D60,0
00701_803A696B0,0
00701_803AE1E20,0
00701_803C84C10,0
00701_803C99390,0
00701_803E3DB90,0
00701_803E3EBD0,0
00701_80408AC50,1
00701_804188BF0,0
00701_8041B9C10,0
00701_804974100,0
00701_8049E7940,0
00701_804F1D610,0
00701_8051CFF10,0
00701_80539C830,0
00701_8055B72A0,0
00701_8057D45B0,0
00701_80592FF40,0
00701_805B88FA0,0
00701_806007430,0
00701_806248E30,0
00701_806C6A2C0,0
00701_806C6E9F0,0
00701_806D30720,0
00701_806D46E00,0
00701_8070C9A70,0
00701_8070F3C70,0
00701_807348FA0,0
00701_8074244D0,0
00701_8074B9450,0
00701_807D51CC0,0
00701_8086F1BF0,0
00701_808792440,0
00701_808981D80,0
00701_8098B7B00,0
00701_809C63190,0
00701_80A0C9740,0
00701_80A6C5470,0
00701_80B29D6E0,0
00701_80BEE2360,0
00701_80CEA0750,0
00701_80D080820,0
00701_80D09B5B0,0
00701_80D7B9870,0
00701_80E042330,0
00701_80E0FEC90,0
00701_80E331350,0
00701_80E7A2310,0
00701_8103DC970,0
00701_810853770,0
00701_8123F3970,0
00701_81299EEF0,0
00701_8138C3BA0,0
00701_81397A760,0
007042_8019F8930,0
007042_802A15CD0,0
007042_802A17A90,0
007042_802BC1970,0
007042_802BCE570,0
007042_802C49AB0,0
007042_802C511A0,0
007042_802C56490,0
007042_802E71910,0
007042_802FBABE0,0
007042_80305FB20,0
007042_8030E6280,0
007042_8034E81D0,0
007042_803A41550,0
007042_803CB7D70,0
007042_803D3E1E0,0
007042_803F0B1A0,0
007042_804396100,0
007042_8045BDD00,0
007042_8048586D0,0
007042_804DEC3E0,0
007042_804E88550,0
007042_805325DB0,0
007042_8055AB1C0,0
007042_8055F7320,0
007042_805927650,0
007042_805A5C640,0
007042_8064D2210,0
007042_806D85770,0
007042_8070D11F0,0
007042_807DD0350,0
007042_8081B21A0,0
007042_8086C04C0,0
007042_808779AD0,0
007042_808824220,0
007042_80895A3C0,0
007042_8091CA530,0
007042_8092217A0,0
007042_809BB3330,0
007042_809C63FB0,0
007042_80A0E0EC0,0
007042_80A3A56B0,0
007042_80ACD3DA0,0
007042_80B29D220,0
007042_80B488780,0
007042_80B5B21D0,0
007042_80BD22BD0,0
007042_80CDD04A0,0
007042_80D205FB0,0
007042_80D8D0EB0,0
007042_80E351190,0
007042_80FBE1570,0
007042_80FC86280,0
007042_80FD1F8F0,0
007042_80FE161F0,0
007042_8106892D0,0
007042_8126E86C0,0
007042_813360930,0
007042_813A15840,0
007042_813FEB1D0,0
007042_8143CEDB0,0
007042_8144EA610,0
007195_802B1BF10,0
007195_802CA1310,0
007195_802D0AC80,0
007195_802D13880,0
007195_802DDBEF0,0
007195_802E9F860,0
007195_802ED5B70,0
007195_802F074F0,0
007195_802F62B80,0
007195_8031C79A0,0
007195_8031DA3E0,0
007195_80328FF50,0
007195_80375C890,0
007195_803F0CED0,0
007195_80513AED0,0
007195_805556C90,0
007195_805754A10,0
007195_805AF9090,0
007195_805BDBF70,0
007195_806797B50,0
007195_8067BE770,0
007195_806925E50,0
007195_806960EB0,0
007195_80708C400,0
007195_807A84B90,0
007195_808496F80,0
007195_8086B6410,0
007195_8088A53C0,0
007195_8088E3C90,0
007195_808FA8530,0
007195_8093AFDF0,0
007195_809472D40,0
007195_80B9700A0,0
007195_80B9F10C0,0
007195_80BB89880,0
007195_80C635480,0
007195_80D0D6900,0
007195_80D0E2E40,0
007195_80DC9AFF0,0
007195_80DD45FC0,0
007195_80F243E80,0
007195_80F9CE340,0
007195_8106746E0,0
007195_81094F140,0
007195_810F5DD60,0
007195_811007D70,0
007195_8111D0A60,0
007195_811684E20,0
007195_8122137F0,0
007195_8124BA600,0
007195_813997220,0
007195_813C06710,0
0071_804DB49F0,0
007478_802B5DA80,0
007478_802C2A5A0,0
007478_802D52DA0,0
007478_802DE2480,0
007478_802E16B60,0
007478_8030048B0,0
007478_803159120,0
007478_8031674F0,0
007478_80329A950,0
007478_8032D2180,0
007478_80336FA00,0
007478_80338E000,0
007478_8033EC600,0
007478_803628800,0
007478_80374A910,0
007478_803D54A00,0
007478_803D78510,0
007478_803E32EB0,0
007478_8041FE450,0
007478_8043BD650,0
007478_804519C00,0
007478_804E24760,0
007478_804E62B70,0
007478_80511D9F0,0
007478_805193430,0
007478_8052E5010,0
007478_8053F7440,0
007478_8057B4DB0,0
007478_805A3F9C0,0
007478_805A62430,0
007478_805B6F9E0,0
007478_805BA3F80,0
007478_805DE2560,0
007478_80601E4C0,0
007478_80605A840,0
007478_8060E4790,0
007478_8063F62F0,0
007478_80640D3B0,0
007478_8065F97A0,0
007478_80685D570,0
007478_8070C3120,0
007478_8070CC930,0
007478_8071F9610,0
007478_8079CF9B0,0
007478_807A29FF0,0
007478_807D1A9C0,0
007478_807D394B0,0
007478_807D7D7F0,0
007478_807F45790,0
007478_8081F7550,0
007478_808556EF0,0
007478_808993D40,0
007478_808D0E180,0
007478_808FF01C0,0
007478_809AA9B20,0
007478_809C0B700,0
007478_80A17CE20,0
007478_80A32EC40,0
007478_80A74D860,0
007478_80A760DD0,0
007478_80A835E20,0
007478_80AEF5090,0
007478_80B3F2F30,0
007478_80BA6C6D0,0
007478_80CD798A0,0
007478_80D16E9D0,0
007478_80D550DA0,0
007478_80DF53FF0,0
007478_80E031600,0
007478_80E073B00,0
007478_80E707900,0
007478_80F9B4DD0,0
007478_80FCC8270,0
007478_810806320,0
007478_810DA9490,0
007478_811AB1E60,0
007478_811FC0510,0
007478_813694850,0
007478_813FF7090,0
007548_802CECE10,0
007548_802D029E0,0
007548_802D35B40,0
007548_802D74BA0,0
007548_802D7C450,0
007548_802D7C4A0,0
007548_802DDC700,0
007548_8032C35F0,0
007548_803D4D710,0
007548_804246060,0
007548_80433D100,0
007548_8044D1270,0
007548_80555E7F0,0
007548_805AC3F20,0
007548_805AE0100,0
007548_8069A65F0,0
007548_806CBFD80,0
007548_80743AB40,0
007548_807480390,0
007548_8078B92F0,0
007548_8078D8660,0
007548_807CDE8A0,0
007548_8080B64A0,0
007548_80819EE20,0
007548_80939FCB0,0
007548_8094C9010,0
007548_80A2D5F60,0
007548_80AB957F0,0
007548_80AC215A0,0
007548_80B52D2E0,0
007548_80B60AFC0,0
007548_80BC2E970,0
007548_80BD08CA0,0
007548_80C7D3C00,0
007548_80C8F09B0,0
007548_80D1EFD40,0
007548_80D35A770,0
007548_80DE27870,0
007548_80ECF7650,0
007548_810BDD7D0,0
007548_811068080,0
007548_812481D60,0
007548_81254A660,0
007548_8134EE9C0,0
007548_813C9A890,0
007675_802D35AA0,0
007675_802F09490,0
007675_802F3DFC0,0
007675_8031D43C0,0
007675_8033C7CD0,0
007675_803BB5B30,0
007675_8044CFC90,0
007675_8046D9A60,0
007675_804884AE0,0
007675_804934540,0
007675_804C4ACA0,0
007675_8050DE640,0
007675_805135970,0
007675_805298980,0
007675_806643E20,0
007675_806938300,0
007675_806C3BB10,0
007675_806DE8530,0
007675_8075CDE10,0
007675_807934820,0
007675_8079B7B80,0
007675_807AC1460,0
007675_807B2FF10,0
007675_8080C2390,0
007675_808190970,0
007675_8082E9B10,0
007675_809386A90,0
007675_80976DB80,0
007675_809FEC510,0
007675_80A08CF50,0
007675_80B302D00,0
007675_80B695FD0,0
007675_80B6A3560,0
007675_80B911DD0,0
007675_80B9DAE10,0
007675_80BA915F0,0
007675_80BAD8B90,0
007675_80BCC6550,0
007675_80C287000,0
007675_80D1E7E50,0
007675_80EBE9830,0
007675_80EF304B0,0
007675_80EF359F0,0
007675_80F0A6E30,0
007675_80F9404D0,0
007675_80FB9F540,0
007675_810391D00,0
007675_8104B9CA0,0
007675_81177D650,0
007675_811961BB0,0
007675_8119A7340,0
007675_811ADD850,0
007675_811AF5BA0,0
00795_80039DEF0,0
00795_8003C6100,0
00795_8004E4160,0
00795_8004E5020,0
00795_80052A5E0,0
00795_80055C650,0
00795_800574820,0
00795_80057C130,0
00795_80057C500,0
00795_8005CE750,0
00795_8005D0EF0,0
00795_8005DB370,0
00795_8005E0270,0
00795_8005EB6E0,0
00795_8005F5810,0
00795_8006267D0,0
00795_80064F400,0
00795_8006790A0,0
00795_8006B8290,0
00795_8006C5640,0
00795_8006C7740,0
00795_8006C8C70,0
00795_8006ED090,0
00795_8006F0770,0
00795_800700830,0
00795_800701ED0,0
00795_80071C4E0,0
00795_80075AAF0,0
00795_800778840,0
00795_8007870C0,0
00795_80078D020,0
00795_8007EC4D0,0
00795_80080FC60,0
00795_800839600,0
00795_80083F3B0,0
00795_80084D960,0
00795_80088BE80,0
00795_8008A5110,0
00795_8008C0DD0,0
00795_8008FF380,0
00795_800947AB0,0
00795_800949920,0
00795_800952F80,0
00795_80096DD90,0
00795_8009802B0,0
00795_8009F9800,0
00795_800A51860,0
00795_800A624F0,0
00795_800A79800,0
00795_800A99D20,0
00795_800AFE2F0,0
00795_800B1EFF0,0
00795_800B22540,0
00795_800B34330,0
00795_800B7AAD0,0
00795_800BC4460,0
00795_800BDE010,0
00795_800C22110,0
00795_800C314C0,0
00795_800C4AA40,0
00795_800C56070,0
00795_800C883C0,0
00795_800D47150,0
00795_800D98770,0
00795_800DB54F0,0
00795_800DCDE60,0
00795_800DD78B0,0
00795_800DEACE0,0
00795_800DF9A40,0
00795_800DFA630,0
00795_800EF5CE0,0
00795_800FF7390,0
00795_80103B820,0
00795_801086520,0
00795_8010A5680,0
00795_8010ABE10,0
00795_80113D3B0,0
00795_801160390,0
00795_8011A0F40,0
00795_8011DBF10,0
00795_801262BE0,0
00795_80128E100,0
00795_8012C48D0,0
00795_8013D9520,0
00795_8014996E0,0
00795_8014EF4A0,0
00795_801667540,0
00795_8017538C0,0
00795_80175C9F0,0
00795_801761F20,0
00795_80176D1B0,0
00795_801784950,0
00795_801896E50,0
00795_80191BBD0,0
00795_801944620,0
00795_8019595C0,0
00795_801A01310,0
00795_801B4EB50,0
00795_801DB1000,0
00795_802000ED0,0
00795_80220E5E0,0
00795_8022C7350,0
00795_80242F5D0,0
00795_802498390,0
00795_8027BC380,0
00795_8027BD770,0
00795_8028BCF90,0
00795_802B98B80,0
00795_802BC96A0,0
00795_802CAD920,0
00795_802CCAF20,0
00795_802E5F3C0,0
00795_802E60050,0
00795_802EEA2A0,0
00795_803063A70,0
00795_8030C5D70,0
00795_803109380,0
00795_8031F1AD0,0
00795_80321ACB0,0
00795_803235890,0
00795_80328D2D0,0
00795_8032F56F0,0
00795_803307510,0
00795_80331A9A0,0
00795_803349E60,0
00795_803430460,0
00795_8034CAC60,0
00795_803727DD0,0
00795_803CAA210,0
00795_803D3AA10,0
00795_803D5CCA0,1
00795_804001A00,0
00795_8041B8A40,0
00795_80428FBE0,0
00795_804290DF0,0
00795_8045BB420,0
00795_80486EDE0,0
00795_804B15BF0,0
00795_804C9A4F0,0
00795_804D26860,0
00795_804F53560,0
00795_80513D5C0,0
00795_8054BD1B0,0
00795_8057D4820,0
00795_8059E1650,0
00795_805A0CB50,0
00795_805B7CA20,0
00795_805DFFF60,0
00795_80616F9A0,0
00795_806266DC0,0
00795_8066EB590,0
00795_806705BD0,0
00795_806F238F0,0
00795_80736DDA0,0
00795_8073C3530,0
00795_807A81780,0
00795_808BAA070,0
00795_808EB1B50,0
00795_8091D6BD0,0
00795_8091ED810,0
00795_80A1628D0,0
00795_80AE0C0A0,0
00795_80B445500,0
00795_80B8CB8F0,0
00795_80C3E2D50,0
00795_80C80F370,0
00795_80CD88E70,0
00795_80CFADAA0,0
00795_80D004C40,0
00795_80D1B5090,0
00795_80D4CFE80,0
00795_80D4FEC30,0
00795_80D7D0EE0,0
00795_80DF46E30,0
00795_80DFC0D40,0
00795_80E0A1540,0
00795_80E2FD770,0
00795_80E3D90E0,0
00795_80F6E0D70,0
00795_81051CB60,0
00795_810DB2970,0
00795_810EECB40,0
00795_810EEE8E0,0
00795_81360BAE0,0
00795_8139D28D0,0
00795_814214880,0
008074_8030C0D50,0
008074_803ACEB00,0
008074_803C71E60,0
008074_803CD8AE0,0
008074_803E79610,0
008074_8048D4480,0
008074_804C10570,0
008074_80531FC70,0
008074_805DCCA90,0
008074_805EBE810,0
008074_806392970,0
008074_8063FD5E0,0
008074_80681D980,0
008074_8069B2700,0
008074_8077BD6A0,1
008074_8078AF600,0
008074_807B378E0,0
008074_807D0D5D0,0
008074_8080AC9B0,0
008074_80937A200,0
008074_8093E3680,0
008074_80975E9B0,0
008074_80A005220,0
008074_80A32BDC0,0
008074_80AB62ED0,0
008074_80B2F9BC0,0
008074_80B510710,0
008074_80B9D9680,0
008074_80BA53800,0
008074_80BE2ACE0,0
008074_80C7CF100,0
008074_80D4D0A60,0
008074_80E4164E0,0
008074_80E733730,0
008074_80F3E5A40,0
008074_810280200,0
008074_810371800,0
008074_813B952C0,0
008074_81408BD00,0
008248_80309F120,0
008354_8030E00B0,0
008354_803138B10,0
008354_8032D76F0,0
008354_803433600,0
008354_80346E0B0,0
008354_8034F5390,0
008354_80371E780,0
008354_803CA52A0,0
008354_803CB8980,0
008354_803D69780,0
008354_803E43B40,0
008354_803E45780,0
008354_804076D70,0
008354_80407A6E0,0
008354_8041E8660,0
008354_80451ECA0,0
008354_804DB88E0,0
008354_804DC7480,0
008354_804EA3130,0
008354_804EC05A0,0
008354_8053807B0,0
008354_8059F1660,0
008354_805A5F3B0,0
008354_805D62AC0,0
008354_80645EA50,0
008354_80661DDC0,0
008354_8066309E0,0
008354_8066E6CD0,0
008354_806778DF0,0
008354_8069F57F0,0
008354_806C2EBB0,0
008354_80735E150,0
008354_8075B1540,0
008354_807D8B4B0,0
008354_807D9FE20,0
008354_807DAA670,0
008354_8083D4090,0
008354_8089FF270,0
008354_809251AE0,0
008354_809988C90,0
008354_809A35860,0
008354_809EBCE50,0
008354_80A1871E0,0
008354_80A6C6320,0
008354_80A891310,0
008354_80B4552A0,0
008354_80BF5FE50,0
008354_80C27C6B0,0
008354_80C35E790,0
008354_80C9B0540,0
008354_80CB60690,0
008354_80D143FF0,0
008354_80D51C480,0
008354_80D7654A0,0
008354_80E6F1360,0
008354_80ECAA550,0
008354_80FC07A40,0
008354_81104C990,0
008354_811098CA0,0
008354_8111844E0,0
008354_8117CF030,0
008354_811AB3110,0
008354_81219CCD0,0
008354_8122F5B30,0
008354_812CC9940,0
008354_8132C9470,0
008455_803730250,0
008455_803CF6510,0
008455_8042D7310,0
008455_804E1A500,0
008455_804F07410,0
008455_805278F60,0
008455_8056D1CA0,0
008455_805959260,0
008455_805ACB9D0,0
008455_8067711C0,0
008455_806883630,0
008455_80692A390,0
008455_806952000,0
008455_806A58DA0,0
008455_8070D52B0,0
008455_807A790E0,0
008455_80819FA90,0
008455_808603520,0
008455_80882CE50,0
008455_808EAA5E0,0
008455_809763BA0,0
008455_80AE37C50,0
008455_80B408080,0
008455_80B486780,0
008455_80B979520,0
008455_80BCBAD90,0
008455_80BCCEC90,0
008455_80BE02C10,0
008455_80BFAFEE0,0
008455_80C527880,0
008455_80D8B3030,0
008455_80DE2D280,0
008455_80E553F70,0
008455_80ECD6640,0
008455_81026BE70,0
008455_810E6B160,0
008455_810FA0AE0,0
008455_81106B450,0
008455_8111573B0,0
008455_811CAAEE0,0
008455_8126B10A0,0
008539_803209820,0
008539_803468A40,0
008539_803468A90,0
008539_803CDC7D0,0
008539_80488CD60,0
008539_8048FFEF0,0
008539_804AEED70,0
008539_804E64BE0,0
008539_8053783F0,0
008539_805566BB0,1
008539_805B69F30,0
008539_806261D20,0
008539_806629E70,0
008539_806719470,0
008539_8070DFB80,0
008539_807AD2FB0,0
008539_807AD6290,0
008539_807BEC490,0
008539_807BF7450,0
008539_807D09C00,0
008539_807FE3520,0
008539_808089400,0
008539_8081200E0,0
008539_8085BDD80,0
008539_809766C40,0
008539_809940C80,0
008539_80A2AC0C0,0
008539_80ABE0A60,0
008539_80AEE9C20,0
008539_80B4EB810,0
008539_80B9FD2B0,0
008539_80BCE1930,0
008539_80D2417A0,0
008539_80D385DF0,0
008539_80D3D70A0,0
008539_80D4724E0,0
008539_80DCEF780,0
008539_80EBEA860,0
008539_80FB96D50,0
008539_810374510,0
008539_810749110,0
008539_81096C240,0
008539_810DE4B60,0
008539_810F69F70,0
008539_8115F4CC0,0
008539_8122299D0,0
008539_8126D3980,0
008539_812FEA290,0
008595_8032FE500,0
008595_8033157F0,0
008595_80343D4D0,0
008595_80365D860,0
008595_803748AF0,0
008595_8037B47B0,0
008595_803A2FFE0,0
008595_803C68C00,0
008595_803D38B30,0
008595_803D3FDA0,0
008595_804021F00,0
008595_8043C3AD0,0
008595_80486AD60,0
008595_804EF1D10,0
008595_805017240,0
008595_8051B7F10,0
008595_8052B2D20,0
008595_8054B7920,0
008595_8056FB520,0
008595_805DDAEC0,0
008595_806862040,0
008595_8068752A0,0
008595_8069EC060,0
008595_806E8BC80,0
008595_806FF0820,0
008595_807CF3430,0
008595_80822D2E0,0
008595_8086C1E10,0
008595_80946B930,0
008595_809BA9080,0
008595_809C20670,0
008595_809C5BFA0,0
008595_80A049DF0,0
008595_80A396320,0
008595_80A4DF620,0
008595_80A780340,0
008595_80AADDD30,0
008595_80ACA6E90,0
008595_80AE0DC00,0
008595_80AE3E820,0
008595_80B4A1F80,0
008595_80BAFE010,0
008595_80BD245D0,0
008595_80BDD40D0,0
008595_80C267CF0,0
008595_80C2C8120,0
008595_80C6C01E0,0
008595_80D13F240,0
008595_80D46CA60,0
008595_80D49E900,0
008595_80E0808B0,0
008595_80E355BA0,0
008595_80F276950,0
008595_80FEEDBE0,0
008595_8100B8C30,0
008595_810324B10,0
008595_8103FFF60,0
008595_8107832E0,0
008595_811C60000,0
008595_811DE2600,0
008595_811E65D40,0
008595_8123576A0,0
008595_8144BBC20,0
008623_80333DDB0,0
008623_8033D1F70,0
008623_803409DC0,0
008623_803459390,0
008623_8034A2B40,0
008623_8034EC110,0
008623_80350FDB0,0
008623_803796960,0
008623_803969600,0
008623_803F099F0,0
008623_8042552D0,0
008623_804274A80,0
008623_804294F20,0
008623_8045E5CF0,0
008623_80476B900,0
008623_80484CBA0,0
008623_804AF0630,0
008623_804D2FA00,0
008623_804DDADF0,0
008623_804E702C0,0
008623_804EE2070,0
008623_804F5B030,0
008623_805103CB0,0
008623_805104C60,0
008623_80512B0F0,0
008623_80520D8D0,0
008623_80531B400,0
008623_80531BBD0,0
008623_8057E98E0,0
008623_8059E44E0,0
008623_805A5BE80,0
008623_805BCC690,0
008623_805EEB4D0,0
008623_805F36DD0,0
008623_80601D090,0
008623_8061A0A70,0
008623_8063BA6A0,0
008623_806523BE0,0
008623_806732680,0
008623_806AD05B0,0
008623_807331400,0
008623_8079D0CD0,0
008623_807CD1A70,0
008623_807CF1100,0
008623_807F1DFA0,0
008623_808517D70,0
008623_8086E45C0,0
008623_8088917A0,0
008623_808E79840,0
008623_808FE16B0,0
008623_8090F6480,0
008623_809921680,0
008623_809A2D110,0
008623_809B56D80,0
008623_809BAB980,0
008623_809C724C0,0
008623_809DD38A0,0
008623_80A16DAD0,0
008623_80A6B7120,0
008623_80AA86AC0,0
008623_80AB32F20,0
008623_80AFB5150,0
008623_80B27CA90,0
008623_80B27CA91,0
008623_80B37D270,0
008623_80BF282E0,0
008623_80C25D3C0,0
008623_80C7C9660,0
008623_80D025840,0
008623_80D3F6980,0
008623_80E5E95D0,0
008623_80F93E660,0
008623_80FE3F7F0,0
008623_80FE78DA0,0
008623_8110B1EF0,0
008623_811711120,0
008623_811787900,0
008623_8119D99A0,0
008623_811F7DDA0,0
008623_812937660,0
008623_812AC91E0,0
008623_81313DC50,0
008623_813926E00,0
008623_814189360,0
008771_80330D9F0,0
008771_80341FCC0,0
008771_8034A3380,0
008771_8034AAAC0,0
008771_8034E4E30,0
008771_8034F4820,0
008771_80363D0E0,0
008771_80364A080,0
008771_803821BB0,0
008771_80396D0A0,0
008771_803CA4580,0
008771_80401B320,0
008771_804104980,0
008771_8043F12A0,0
008771_8043F3480,0
008771_8046C3280,0
008771_8047E99C0,0
008771_804869110,0
008771_804955500,0
008771_804A76770,0
008771_804F1CDF0,0
008771_805164CA0,0
008771_8052CF840,0
008771_80571F350,0
008771_8057B8C70,0
008771_805A846F0,0
008771_805A90690,0
008771_805A965D0,0
008771_805B4FCB0,0
008771_805B7C830,0
008771_8062B7920,0
008771_8065F18D0,0
008771_806D5D750,0
008771_807200090,0
008771_8073267B0,0
008771_80735C170,0
008771_807577F50,0
008771_807633E70,0
008771_8077EB7D0,0
008771_807809380,0
008771_8079D1940,0
008771_807C5ABD0,0
008771_807C9D3A0,0
008771_807C9D680,0
008771_808C5C110,0
008771_809213F00,0
008771_809FD0C20,0
008771_80A345F60,0
008771_80AFD58B0,0
008771_80B437220,0
008771_80B88E730,0
008771_80C24ECA0,0
008771_80C2C63B0,0
008771_80C3399C0,0
008771_80C3E9570,0
008771_80D3C5070,0
008771_80D45DB70,0
008771_80E0FBED0,0
008771_80FC60C30,0
008771_80FE87FF0,0
008771_810197360,0
008771_810435290,0
008771_811255400,0
008771_8118DA7A0,0
008771_81219AFD0,0
008771_812AC39E0,0
008771_8132EE550,0
008771_8137EEB20,0
008771_8139D0760,0
008771_813AC7D20,0
008771_813B0CFC0,0
008771_813C6CA70,0
008771_813E326B0,0
008798_803434AC0,0
008798_80345DDD0,0
008798_803483920,0
008798_8034AF700,0
008798_8034E6470,0
008798_803618D90,0
008798_80363CF50,0
008798_803737700,0
008798_803764DC0,0
008798_80389CE80,0
008798_803E2F010,0
008798_803E354B0,0
008798_8043B6CE0,0
008798_80441E2C0,0
008798_80452EA70,0
008798_80474C060,0
008798_804838200,0
008798_804976880,0
008798_804D279E0,0
008798_804D2A4A0,0
008798_805128240,0
008798_8051E27D0,0
008798_805A6D0D0,0
008798_805B448D0,0
008798_805E92C00,0
008798_805F3C670,0
008798_805FAF3B0,0
008798_8060089B0,0
008798_806318000,0
008798_8063DC5D0,0
008798_806680C60,0
008798_806CED4D0,0
008798_807639B30,0
008798_807948680,0
008798_8079CB560,0
008798_807B7C450,0
008798_807B886E0,0
008798_807D1E9E0,0
008798_807D46460,0
008798_807D89360,0
008798_807DCED60,0
008798_8080740C0,0
008798_808162C50,0
008798_80854E490,0
008798_80871A190,0
008798_808C90A10,0
008798_8091D9150,0
008798_8097B17F0,0
008798_80A0DEE30,0
008798_80A35FA80,0
008798_80B559610,0
008798_80B5D5E30,0
008798_80BF6F710,0
008798_80C13C9A0,0
008798_80CB64D20,0
008798_80D03E8E0,0
008798_80D39D4C0,0
008798_80D507000,0
008798_80D676A40,0
008798_80D8F5BD0,0
008798_80D921E30,0
008798_80D970880,0
008798_80DAB2450,0
008798_80DD2AA30,0
008798_80E018E10,0
008798_80E337690,0
008798_80E3AA0B0,0
008798_80EEB1260,0
008798_8104BBFA0,0
008798_8126BD5B0,0
008798_812EDDBA0,0
008798_8130A9E80,0
008798_8133300C0,0
008798_8133330A0,0
008798_814398950,0
008798_8147CB630,0
008805_80340EB70,0
008805_8034280A0,0
008805_8034B3D30,0
008805_803530ED0,0
008805_80360F930,0
008805_8037AD470,0
008805_8037B7EC0,0
008805_80394A640,0
008805_803C67750,0
008805_803D71780,0
008805_804255510,0
008805_804333350,0
008805_804499400,0
008805_804D32D50,0
008805_804DD9C10,0
008805_804E43E80,0
008805_804F2B4D0,0
008805_804F55FC0,0
008805_8052F10B0,0
008805_8053F4FF0,0
008805_805A8A550,0
008805_805B54DF0,0
008805_805B9F900,0
008805_805D585D0,0
008805_80664B140,0
008805_806B5A3C0,0
008805_8072F8890,0
008805_8079B6B80,0
008805_8082E3030,0
008805_8083D0780,0
008805_80878A360,0
008805_808E0F170,0
008805_80910CFE0,0
008805_809392700,0
008805_80968EEB0,0
008805_809C80AF0,0
008805_80A345B90,0
008805_80AC9BBF0,0
008805_80AE9F010,0
008805_80B3E1EB0,0
008805_80C0ACBE0,0
008805_80C53F1C0,0
008805_80D0AD400,0
008805_80E02E920,0
008805_80EA4BFB0,0
008805_80EC2D600,0
008805_80F2D74C0,0
008805_80FC8C1A0,0
008805_810238940,0
008805_81112A130,0
008805_8116B4660,0
008805_8121F2F90,0
008805_8122EF9F0,0
008805_8130CB580,0
008805_8144B2EA0,0
008823_8036770B0,0
008823_803C1A560,0
008823_803CF3790,0
008823_804885390,0
008823_8048C3C40,0
008823_8048F8690,0
008823_8055F8370,0
008823_806056B30,0
008823_806514D80,0
008823_80671AEA0,0
008823_8067F0340,0
008823_806807C20,0
008823_806884480,0
008823_806CDD2A0,0
008823_8072D8450,0
008823_807950090,0
008823_807B269A0,0
008823_807BAA6E0,0
008823_8088FDA10,0
008823_808DFE250,0
008823_8093A8000,0
008823_80940B880,0
008823_8097463A0,0
008823_809A1FFE0,0
008823_80A1C7310,0
008823_80A329A70,0
008823_80A49F740,0
008823_80AF47250,0
008823_80B600C60,0
008823_80B8D3A70,0
008823_80BA4D190,0
008823_80BA5CBD0,0
008823_80BA82CD0,0
008823_80BB9C060,0
008823_80BF49510,0
008823_80C2461E0,0
008823_80C5EFE60,0
008823_80C8A7AF0,0
008823_80E56CE50,0
008823_80E76DE70,0
008823_80E7990C0,0
008823_80EBFFD90,0
008823_80ED73D80,0
008823_80F09D9D0,0
008823_8119A59C0,0
008823_811AEBF00,0
008823_812527830,0
008823_813AF3590,0
008888_80372AFC0,0
008888_803767D50,0
008888_803CE93D0,0
008888_803E7F370,0
008888_80438C850,0
008888_80488BE50,0
008888_8048DD550,0
008888_804BF6510,0
008888_805802750,0
008888_805AD1F90,0
008888_805B4D990,0
008888_805E7E180,0
008888_8065DEB40,0
008888_8068D4260,0
008888_8069561F0,0
008888_806C42250,0
008888_807ADD820,0
008888_8081159A0,0
008888_80821F600,0
008888_809355AD0,0
008888_8093EDF00,0
008888_80977A310,0
008888_80A08C3D0,0
008888_80A768AE0,0
008888_80ABA96C0,0
008888_80B425AF0,0
008888_80B52DE80,0
008888_80B65A3A0,0
008888_80BCB5610,0
008888_80C77C540,0
008888_80C8BFE00,0
008888_80C900A30,0
008888_80CEF7290,0
008888_80D0CF0F0,0
008888_80D453120,0
008888_80DD4C250,0
008888_80E6868A0,0
008888_80FA539E0,0
008888_8102830F0,0
008888_810F3A580,0
008888_8114C95B0,0
008888_811620310,0
008888_8124C4060,0
008888_81251E880,0
008888_812773F20,0
008_8096A2ED0,0
00908_80059E940,0
00908_8005A7E20,0
00908_8005AD690,0
00908_8005BC620,0
00908_8005C1970,0
00908_8005DB840,0
00908_8005EFC20,0
00908_8005F3F90,0
00908_8005F6EA0,0
00908_8005FB700,0
00908_800623790,0
00908_80064C680,0
00908_800683C70,0
00908_800685A90,0
00908_8006A3240,0
00908_8006A8A40,0
00908_8006C8100,0
00908_8006DBC70,0
00908_8006E55F0,0
00908_800700250,0
00908_800709CB0,0
00908_800713D30,0
00908_80073CCA0,0
00908_8007605E0,0
00908_8007778D0,0
00908_800778090,0
00908_8007966E0,0
00908_8007BF440,0
00908_800800A70,0
00908_800818960,0
00908_800818D30,0
00908_80081C5B0,0
00908_80082C7B0,0
00908_800849EF0,0
00908_800852160,0
00908_800854230,0
00908_80085F480,0
00908_800888EE0,0
00908_80089ACD0,0
00908_8008A39F0,0
00908_8008D1E20,0
00908_8008E7170,0
00908_8008EDFB0,0
00908_8008F4340,0
00908_8009453F0,0
00908_800ACDE30,0
00908_800AF1A00,0
00908_800AF2F80,0
00908_800B81110,0
00908_800C50B10,0
00908_800CE0F90,0
00908_800D38170,0
00908_800DBE1B0,0
00908_800DBE1B1,0
00908_800DDCCE0,0
00908_800E88BE0,0
00908_800F801A0,0
00908_800FC8540,0
00908_8010B3560,0
00908_8011171D0,0
00908_801168AF0,0
00908_8011EDC10,0
00908_8012BD570,0
00908_8013A2FC0,0
00908_8015676C0,0
00908_8015CEBA0,0
00908_8015D65A0,0
00908_8015E6060,0
00908_80170FFE0,0
00908_8017631B0,0
00908_80176FC80,0
00908_8017A5410,0
00908_8017C8710,0
00908_8017CC2C0,0
00908_8017D1080,0
00908_8017F2850,0
00908_8018867C0,0
00908_801975B10,0
00908_8019AC290,0
00908_8019F43C0,0
00908_801A45390,0
00908_801A5FAF0,0
00908_801A60B80,0
00908_801B62330,0
00908_801C3F640,0
00908_801D03EB0,0
00908_801D639A0,0
00908_801F5FFB0,0
00908_801FFD5D0,1
00908_8021C4690,0
00908_80229DE50,0
00908_802402150,0
00908_802462160,0
00908_80273EE30,0
00908_8027C3930,0
00908_802800500,0
00908_802853260,0
00908_8029C94A0,0
00908_802B29970,0
00908_8030681A0,0
00908_8030D55D0,0
00908_80333CE40,0
00908_8034525E0,0
00908_803481CA0,0
00908_80349FB00,0
00908_8035ECB90,0
00908_803747D50,0
00908_8037B2270,0
00908_8038DD680,0
00908_8041BAC60,0
00908_80428A7B0,0
00908_804400B10,0
00908_8045D44F0,0
00908_804E067E0,0
00908_804EB0FE0,0
00908_805113DF0,0
00908_8054793D0,0
00908_8054C3DF0,0
00908_8055AF0B0,0
00908_805A69D20,0
00908_80604C820,0
00908_8062C89F0,0
00908_8066BE4D0,0
00908_806E8BF10,0
00908_806FF0A50,0
00908_8072FB6E0,0
00908_807806D80,0
00908_8079FEA00,0
00908_807D1D740,0
00908_80835FEB0,0
00908_8085B1D80,0
00908_8089837D0,0
00908_808A6D130,0
00908_808BD2460,0
00908_809360390,0
00908_809BA4940,0
00908_809C8CE20,0
00908_80A327A30,0
00908_80A411DD0,0
00908_80B3DB2D0,0
00908_80B8CE480,0
00908_80BFA16B0,0
00908_80CD037A0,0
00908_80D0A45E0,0
00908_80D171290,0
00908_80D28EE00,0
00908_80D8F55E0,0
00908_80E499230,0
00908_80E6BE5D0,0
00908_80FF2EBF0,0
00908_8103FF150,0
00908_811CC2840,0
00908_812478190,0
00908_81297B680,0
00908_812F2F8A0,0
00908_81311E410,0
00908_813130AA0,0
00908_81349B260,0
00908_813512000,0
00908_814716C70,0
009129_803586500,0
009129_803A9C6E0,0
009129_8043ABE50,0
009129_8045764F0,0
009129_804578720,0
009129_804E4BEB0,0
009129_804E7FD70,0
009129_804F5C550,0
009129_805190FC0,0
009129_8052BBAF0,0
009129_8053613E0,0
009129_80539E1B0,0
009129_805FF9500,0
009129_8060E44A0,0
009129_8065F5120,0
009129_806B74150,0
009129_806C6A400,0
009129_806E11320,0
009129_8072FEB50,0
009129_807344830,0
009129_8075FE580,0
009129_807A68910,0
009129_807CADE10,0
009129_807F3E8B0,0
009129_808066750,0
009129_808258F20,0
009129_8085283B0,0
009129_808594880,0
009129_80880B0A0,0
009129_808B3A2E0,0
009129_808EC0090,0
009129_809720B00,0
009129_8097ABEB0,0
009129_809A2B790,0
009129_809BA70E0,0
009129_809D49F00,0
009129_809DFE240,0
009129_809FD8E20,0
009129_80A35EAD0,0
009129_80A8CD300,0
009129_80AE21300,0
009129_80AFB4D90,0
009129_80B49BB90,0
009129_80BACACF0,0
009129_80C306BA0,0
009129_80C3E4830,0
009129_80C9C10F0,0
009129_80CF590D0,0
009129_80D112EE0,0
009129_80D11E1B0,0
009129_80D1CF0C0,0
009129_80D1D8300,0
009129_80D2D54F0,0
009129_80D2FE7C0,0
009129_80E006500,0
009129_80E085570,0
009129_80E1468F0,0
009129_80ED9BE40,0
009129_80F2AD670,0
009129_80FCFDD20,0
009129_81026F950,0
009129_81175C0D0,0
009129_8118C46B0,0
009129_811EAD6E0,0
009129_813052E80,0
009129_81394F3F0,0
009328_8053D6DA0,0
009371_8037E7C70,0
009371_803A94740,0
009371_803CD5620,0
009371_803CD5670,0
009371_803E30BB0,0
009371_8041990D0,0
009371_804211240,0
009371_8043A0FB0,1
009371_8048D3A70,0
009371_8049412A0,0
009371_804E94E50,0
009371_8051D20C0,0
009371_8051EE8F0,0
009371_80538FA80,0
009371_8057F47E0,0
009371_805B34710,0
009371_806050660,0
009371_806C3D100,0
009371_806CB71E0,0
009371_806DED3B0,0
009371_806F900A0,0
009371_80759EE90,0
009371_807A2DB50,0
009371_807A3D8A0,0
009371_807D816F0,0
009371_807D95660,0
009371_807EB9FD0,0
009371_808183CB0,0
009371_808D1F720,0
009371_80972FEA0,0
009371_809891910,0
009371_80992E1D0,0
009371_80A71AED0,0
009371_80B45D130,0
009371_80B475350,0
009371_80BC12B90,0
009371_80C31BD40,0
009371_80CA2B000,0
009371_80D050890,0
009371_80D115C50,0
009371_80D4EFAE0,0
009371_80DA60390,0
009371_80DEB9EC0,0
009371_80E02F650,0
009371_80E65B9D0,0
009371_80F299900,0
009371_80F3E5280,0
009371_81079A980,0
009371_810D0E410,0
009371_810E5A410,0
009371_811CC4AE0,0
009371_812D54470,0
009371_8131A7DA0,0
009371_81397AE30,0
009417_806B3FDF0,0
009417_80AD69090,0
009482_80396E2F0,0
009482_803A0A9E0,0
009482_803AABF70,0
009482_803AD9990,0
009482_803AE33F0,0
009482_803D41030,0
009482_803D65F20,0
009482_80424E9B0,0
009482_804288220,0
009482_804411010,0
009482_8045D8100,0
009482_8045DDCC0,0
009482_804600CE0,0
009482_804872150,0
009482_804A7A570,0
009482_804D14D40,0
009482_804D1A630,0
009482_804D22790,0
009482_804E98F30,0
009482_80508BF80,0
009482_80516FD30,0
009482_8055ADEF0,0
009482_80563D3A0,0
009482_805BA68C0,0
009482_805F8BCA0,0
009482_8060F5C60,0
009482_8064E6410,0
009482_806601EB0,0
009482_806722E50,0
009482_8067C8F80,0
009482_806C51E10,0
009482_806D2CE20,0
009482_8070BB570,0
009482_8073ECB10,0
009482_807638B20,0
009482_8079E3AE0,0
009482_807A38CB0,0
009482_807B8BC20,0
009482_80845BF30,0
009482_8088B78E0,0
009482_8089E9FC0,0
009482_808ADB840,0
009482_808D4F0E0,0
009482_809220D70,0
009482_80973B240,0
009482_80A405D60,0
009482_80A42DCC0,0
009482_80AEBB210,0
009482_80AEC34D0,0
009482_80B164A10,0
009482_80BCB7110,0
009482_80BDDC3D0,0
009482_80C0A1D20,0
009482_80C33F1B0,0
009482_80D0B4A80,0
009482_80D430E30,0
009482_80D48D8B0,0
009482_80D7FE5A0,0
009482_80DDC4880,0
009482_80E1EB7B0,0
009482_80E37FA20,0
009482_80E409DF0,0
009482_80E6B8800,0
009482_80ECB3C30,0
009482_80EFF7570,0
009482_80FEA8C70,0
009482_810744890,0
009482_8111E1DA0,0
009482_811A43D50,0
009482_812816BD0,0
009482_812A24C50,0
009482_812DE5690,0
009482_8135A79C0,0
009482_81422D380,0
009679_8039B3D60,0
009691_8038BF510,0
010_800043210,0
010_800055DF0,0
010_800056660,0
010_800058100,0
010_8000588D0,0
010_800058920,0
010_800059840,0
010_800059F50,0
010_80005AD90,0
010_80005ADE0,0
010_80005B110,0
010_80005CB50,0
010_80005CF10,0
010_80005D5C0,0
010_80005D980,0
010_80005E380,0
010_8000EE9C0,0
010_8000F6850,0
010_8000F8070,0
010_8000F89F0,0
010_800102DD0,0
010_800105D30,0
010_8001072B0,0
010_8001074F0,0
010_80010A750,1
010_80010B900,0
010_80010BBD0,0
010_80010BFC0,0
010_80010DA60,0
010_800113DC0,0
010_800113F90,0
010_8001146D0,0
010_800115370,0
010_800118A80,0
010_800118D50,0
010_800119810,1
010_80011CFB0,0
010_80011D3F0,0
010_80011DA80,0
010_800126360,1
010_800128000,0
010_8001294B0,0
010_80012AB70,0
010_80012FD90,0
010_80012FEA0,0
010_800131480,0
010_800134210,0
010_8001365E0,0
010_80013A3C0,0
010_80013EBA0,0
010_80013EDA0,0
010_800145AC0,0
010_800146140,0
010_80014AE90,0
010_80014B1B0,0
010_80014B530,0
010_80014D160,0
010_80014DBB0,0
010_80014E010,0
010_80014F470,0
010_8001520E0,0
010_8001521D0,0
010_8001523C0,0
010_8001551C0,0
010_800156890,0
010_800158620,0
010_80015DDC0,0
010_8001637A0,0
010_800164070,0
010_800164840,0
010_80016D280,0
010_800173690,0
010_8001742E0,0
010_800174D50,0
010_800182360,0
010_800187110,0
010_80018DBD0,0
010_80018E180,0
010_80018E990,0
010_800194520,0
010_800197240,0
010_80019AE30,0
010_80019CF40,0
010_80019D770,0
010_80019E220,0
010_80019F8E0,0
010_80019FB30,0
010_8001A5F50,0
010_8001AA0E0,0
010_8001AA320,0
010_8001AA710,0
010_8001B1C30,0
010_8001B7060,0
010_8001BB380,1
010_8001C3570,0
010_8001C7260,0
010_8001C7740,0
010_8001CB240,0
010_8001CC420,0
010_8001CE580,0
010_8001CF7B0,0
010_8001D2320,0
010_8001E1CF0,0
010_8001E23A0,0
010_8001E23A1,0
010_8001E37F0,0
010_8001E4150,0
010_8001E5570,0
010_8001E8240,0
010_8001EC830,0
010_8001F14F0,0
010_8001F3760,0
010_8001F7720,0
010_8001F84F0,0
010_8001F9870,0
010_80020A6E0,0
010_800213FB0,0
010_800216A80,0
010_8002179C0,0
010_80021ADE0,0
010_80021B7F0,0
010_80021BC80,0
010_80021C600,0
010_800223A20,0
010_80022A8E0,0
010_80022BBB0,0
010_80022C150,0
010_80024C8C0,0
010_800250DA0,0
010_800251320,0
010_800254D60,0
010_80025C910,0
010_80025D510,0
010_800263220,0
010_8002648E0,0
010_8002670F0,0
010_800268440,0
010_800268660,0
010_80026D340,0
010_80026FCE0,0
010_800279310,0
010_8002A4490,0
010_8002B4B00,0
010_8002B9030,0
010_8002BA920,0
010_8002C3410,0
010_8002C4370,0
010_8002C7A50,0
010_8002C8950,0
010_8002C9240,0
010_8002CA270,0
010_8002CAD40,0
010_8002CB9E0,0
010_8002D1460,0
010_8002DB130,0
010_8002FE410,0
010_800300840,0
010_800307C80,0
010_80030ADD0,0
010_80030B3E0,0
010_80030B8F0,0
010_8003111C0,0
010_8003234C0,0
010_800324F00,0
010_800325D10,0
010_8003470E0,0
010_800348170,0
010_800349840,0
010_80034A3A0,0
010_80034E290,0
010_80034F560,0
010_8003667A0,0
010_80036A930,0
010_80038B5C0,0
010_8003A24E0,0
010_8003A69A0,0
010_8003A8280,0
010_8003A8AB0,0
010_8003B5870,0
010_8003B5DC0,0
010_8003B95F0,0
010_8003B9A50,0
010_8003C3DA0,0
010_8003C7AB0,0
010_8003CA760,0
010_8003D7B50,0
010_8003DB490,0
010_8003E1690,0
010_8003E6650,0
010_8003EDD40,0
010_8003F1570,0
010_8003F3470,0
010_80040A220,0
010_80040F9F0,0
010_800416050,0
010_800418A90,0
010_800420F50,0
010_800422350,0
010_80042F640,0
010_800431E70,0
010_800436C20,0
010_800449990,1
010_80044A390,0
010_80044C930,0
010_800450B40,0
010_800454440,0
010_800457AF0,0
010_80046D560,0
010_800473270,0
010_80047AE30,0
010_80047B1E0,0
010_800480090,0
010_800483E00,0
010_8004858A0,0
010_800492540,0
010_800499100,0
010_80049C960,0
010_80049DEE0,0
010_80049F320,0
010_80049F920,0
010_8004A2F30,0
010_8004AB200,0
010_8004ACF70,0
010_8004B0FC0,0
010_8004B3040,0
010_8004D70D0,0
010_8004E1AF0,0
010_8004E3240,0
010_8004E4BF0,0
010_8004FED00,0
010_800530710,0
010_8005315D0,0
010_800534930,0
010_800539E70,0
010_8005600C0,0
010_80056A530,0
010_800570D30,0
010_800571590,0
010_8005730D0,0
010_800578FA0,0
010_800579CB0,0
010_80057B590,0
010_8005814C0,0
010_800582010,0
010_80058AAF0,0
010_80059CE00,0
010_80059F0E0,0
010_8005A7E70,0
010_8005B2540,0
010_8005B4300,0
010_8005B6BD0,0
010_8005C3C20,0
010_8005C3CC0,0
010_8005C8DE0,0
010_8005D2150,0
010_8005D29C0,0
010_8005E1170,0
010_8005E9B40,0
010_8005F0B50,0
010_8005FAA30,0
010_80060F830,0
010_800614200,0
010_8006489C0,0
010_8006493B0,0
010_80064AD80,0
010_80065ADA0,0
010_80066A3C0,0
010_800673540,0
010_800678220,0
010_80067C710,0
010_80067E820,0
010_80067F150,0
010_800692550,1
010_8006AF500,0
010_8006CC9A0,0
010_8006D5540,0
010_8006D7030,0
010_8006DDE60,0
010_8006EA200,0
010_8006EC8D0,0
010_8006EDCF0,0
010_800704C80,0
010_800709B80,0
010_80070DF80,0
010_800710850,0
010_80071C080,0
010_80071F1A0,0
010_800724D40,0
010_800726200,0
010_800735B20,0
010_800756FE0,0
010_800759BE0,0
010_80075F240,0
010_800785580,0
010_800788330,0
010_8007A8650,0
010_800803BA0,0
010_800811900,0
010_80082B030,0
010_80085EA50,0
010_80086A2B0,0
010_80086B8D0,0
010_80087F1D0,0
010_800886480,0
010_800887A50,0
010_8008A20C0,0
010_8008ACD90,0
010_8008BD660,0
010_8008D4630,0
010_8008DCDE0,0
010_8008F04A0,0
010_8008F2570,0
010_8008F2C00,0
010_800947560,0
010_80097A080,0
010_8009CF210,0
010_800A56A80,0
010_800A74300,0
010_800A752D0,0
010_800A87F40,0
010_800A8A8A0,0
010_800A9BD20,0
010_800ABE1E0,0
010_800AC30B0,0
010_800AC60E0,0
010_800AF94E0,0
010_800B29520,0
010_800B45480,0
010_800BA2EC0,0
010_800BC8650,0
010_800BD2710,0
010_800BD8D00,0
010_800BDE3C0,0
010_800C12BA0,0
010_800C39120,0
010_800C40340,0
010_800C5F4B0,0
010_800C9E5F0,0
010_800CB4C90,0
010_800CBCC90,0
010_800CC47C0,0
010_800CDC6E0,0
010_800CF7D40,0
010_800CF8C40,0
010_800D07DB0,0
010_800D20810,0
010_800D264D0,0
010_800D33400,0
010_800D3D2C0,0
010_800DDA0C0,0
010_800DFC480,0
010_800E2B170,0
010_800E88990,0
010_800E96260,0
010_800EE5950,0
010_800EF93E0,0
010_800EFE5F0,0
010_800F03AF0,0
010_800F0AEC0,0
010_800F16B90,0
010_800F1CDB0,0
010_800F31850,0
010_800F3FB90,0
010_800F4D2C0,0
010_800F9E4E0,0
010_800FC09F0,0
010_800FC60F0,0
010_800FF3570,0
010_800FF3960,0
010_80103AE10,0
010_8010AC7B0,0
010_8010B1B20,0
010_8010E7A90,0
010_8010E90E0,0
010_801119AC0,0
010_80112F500,0
010_80112F550,0
010_801139730,0
010_801158790,0
010_8011A8BF0,0
010_8011D5060,1
010_8011FC8B0,0
010_801231E70,0
010_8012938D0,0
010_8012C73B0,0
010_8012DFC10,0
010_8012EA070,0
010_8012F05D0,0
010_801307750,0
010_801313B00,0
010_80131D7E0,0
010_801354D90,0
010_8013707A0,0
010_801390E60,0
010_8013CB470,0
010_80141B320,0
010_801532900,0
010_801611170,0
010_80161A4D0,0
010_801621180,0
010_80163EBC0,0
010_801659620,0
010_801684AC0,0
010_8016BBF40,0
010_8016CA970,0
010_801794CA0,0
010_8017BDF20,0
010_8017F9850,0
010_80184CB30,0
010_8018A6E60,0
010_801921930,0
010_801922C80,0
010_801930170,0
010_8019457C0,0
010_8019AE6A0,0
010_801A092B0,0
010_801A78A40,0
010_801A87AA0,0
010_801AB6DD0,0
010_801AB96A0,0
010_801AD4D10,0
010_801B732B0,0
010_801BDEDA0,0
010_801C346E0,0
010_801CAB360,0
010_801CBD700,0
010_801CE0DB0,0
010_801D19BE0,0
010_801D38370,0
010_801D4A5B0,0
010_802013070,0
010_80220A040,0
010_8022548F0,0
010_802270060,0
010_802276A70,0
010_802281E30,0
010_8022D3CD0,0
010_8022DD740,0
010_80236D200,0
010_802420A60,0
010_8024B6FB0,0
010_80250BC30,0
010_80251F140,0
010_8025B9990,0
010_80272B790,0
010_8027C0B60,0
010_80287C930,0
010_802916E50,0
010_802939D60,0
010_802AB2460,0
010_802B2E950,0
010_802BE1880,0
010_802BFF000,0
010_802CD3490,0
010_802D2A4D0,0
010_802EE5B90,0
010_802FAD440,0
010_8030DF090,0
010_803101310,0
010_8031204A0,0
010_803189150,0
010_80338EA90,0
010_8034CCD50,0
010_80353DB40,0
010_8037743D0,0
010_803786E00,0
010_803B6C2E0,0
010_803C09980,0
010_803C4FAF0,0
010_803C5B000,0
010_803CAF940,0
010_803CED190,0
010_803DC46D0,0
010_803E2BBE0,0
010_8041916D0,0
010_8041D82F0,0
010_8043AF3F0,0
010_8043AF680,0
010_80443E3E0,0
010_804561B70,0
010_8046221A0,0
010_80483E9A0,0
010_8048DFEC0,0
010_804942C10,0
010_80498BD10,0
010_804DCE760,0
010_804DDFD50,0
010_804E44950,0
010_804EA92A0,0
010_804F5D430,0
010_804F7FBA0,0
010_8051551E0,0
010_8051BB920,0
010_8051C8CC0,0
010_8051EBE80,0
010_8051F9C90,0
010_80544B830,0
010_8056F74D0,0
010_8056FCCF0,0
010_805706110,0
010_805722120,0
010_805A56840,0
010_805B639C0,0
010_805EA2E70,0
010_805EC8340,0
010_805F01AA0,0
010_805F9E900,0
010_805FA4110,0
010_806044F60,0
010_806588E80,0
010_80664AA50,0
010_8066D0CF0,0
010_8066D31E0,0
010_806840510,0
010_8069DDD80,0
010_8071AF480,0
010_807549020,0
010_807553F10,0
010_8075D9800,0
010_8075EAC40,0
010_8075FBC80,0
010_807A241B0,0
010_807D361D0,0
010_807EC0840,0
010_8084879C0,0
010_8086343B0,0
010_8086FD9A0,0
010_80881FA10,0
010_80883F840,0
010_8089DBC40,0
010_8089EBC50,0
010_808D5C880,0
010_808E81700,0
010_808ED2630,0
010_8097A04D0,0
010_8099370E0,0
010_809AF3C00,0
010_809B12D10,0
010_809C45AA0,0
010_80A06AF30,0
010_80A33A2A0,0
010_80A343AC0,0
010_80A526B80,0
010_80AA0F020,0
010_80AC95230,0
010_80ADFA360,0
010_80AF17940,0
010_80B33C4C0,0
010_80B37FDF0,0
010_80B4C2A20,0
010_80BD9FB30,0
010_80BDEBEB0,0
010_80C62EF00,0
010_80C6F1CB0,0
010_80D051590,0
010_80D1BFBA0,0
010_80D31D480,0
010_80D73B710,0
010_80D924D50,0
010_80DB654D0,0
010_80DB9E1F0,0
010_80DEA3A20,0
010_80DFEACF0,0
010_80E1B2B90,0
010_80E1D4B50,0
010_80E2DEE00,0
010_80E32ED40,0
010_80E99E2E0,0
010_80EF575C0,0
010_80F0FD170,0
010_80F3DFE10,0
010_80F58A2B0,0
010_80F953760,0
010_80FCBD6E0,0
010_810745030,0
010_810C3D840,0
010_8111F2E80,0
010_81182CEF0,0
010_811FBFF80,0
010_81271FDE0,0
010_81284A170,0
010_812874840,0
010_81293A760,0
010_8131C71C0,0
010_81327D080,0
010_813A132D0,0
010_813E13C80,0
010_813ECCF40,0
010_8141588F0,0
010_81431CF20,0
011056_8006333D0,0
011056_8006347B0,0
011056_800641D70,0
011056_8006BD5B0,0
011056_8006BE260,0
011056_8006C06B0,0
011056_8006C08F0,0
011056_80070EC40,0
011056_8007439C0,0
011056_8007486D0,1
011056_8007A6320,0
011056_8007ED840,0
011056_8007F61D0,0
011056_800843370,0
011056_8008608A0,0
011056_800862710,0
011056_800865880,0
011056_800866510,0
011056_800868CF0,0
011056_8008962D0,0
011056_800897200,0
011056_8008AAEA0,0
011056_8008D34C0,0
011056_800927B20,0
011056_80097E220,0
011056_80098E490,0
011056_8009A56A0,0
011056_8009CCBE0,0
011056_8009D3520,0
011056_8009D39B0,0
011056_8009D6C70,0
011056_8009EAFC0,0
011056_800A06540,0
011056_800A1B520,0
011056_800A1D6C0,0
011056_800A1FC10,0
011056_800A20C00,0
011056_800A2DC70,0
011056_800A45B10,0
011056_800A5D240,0
011056_800AB9470,0
011056_800ADEBE0,0
011056_800AE8060,0
011056_800AE8D90,0
011056_800B88E70,0
011056_800B8D720,0
011056_800C30AF0,0
011056_800C73900,0
011056_800C838F0,0
011056_800C8B330,0
011056_800D51AB0,0
011056_800D8CE70,0
011056_800DA8DB0,0
011056_800E3BE50,0
011056_800E40320,0
011056_800E443C0,0
011056_800E883C0,0
011056_800F24690,0
011056_800F95FA0,0
011056_80102BBF0,0
011056_8010430F0,0
011056_80105A270,0
011056_80106C2C0,0
011056_8010F79D0,0
011056_8013A9890,0
011056_801405F00,0
011056_8014D3040,0
011056_801528F60,0
011056_80157E940,0
011056_801620410,0
011056_80167EBE0,0
011056_8016B22D0,0
011056_80185BB80,0
011056_8018FF300,0
011056_801B122B0,0
011056_801B19C80,0
011056_801B8C1C0,0
011056_801BA8C40,0
011056_801C7F800,0
011056_801D83020,0
011056_801D98690,0
011056_801DE85D0,0
011056_801E3A890,0
011056_801FDFF70,0
011056_8020ADDC0,0
011056_8024E78D0,0
011056_8025C3870,0
011056_8026C1E10,0
011056_802714980,0
011056_80271B580,0
011056_80280B6F0,0
011056_80289ED70,0
011056_80298F690,0
011056_802D45220,0
011056_8031D4B70,0
011056_803358660,1
011056_803378D10,0
011056_803CB4A40,0
011056_803CF6EC0,0
011056_803CFC470,0
011056_804182930,0
011056_8042D7EA0,0
011056_8048EE490,0
011056_80559B4D0,0
011056_805825D00,0
011056_80688F750,0
011056_806906F30,0
011056_806921F40,0
011056_807FE5AA0,0
011056_8080CAF90,0
011056_808F597E0,0
011056_8093C5DE0,0
011056_809424870,0
011056_80A1C5E20,0
011056_80A627E50,0
011056_80A675930,0
011056_80B570840,0
011056_80B7CFFA0,0
011056_80B99EFE0,0
011056_80DC94990,0
011056_80E077460,0
011056_80E4150F0,0
011056_80E4E2DD0,0
011056_80E733540,0
011056_80F7B7E00,0
011056_80F7E0230,0
011056_80FBA7B80,0
011056_810C2ACD0,0
011056_811A298E0,0
011056_8139C5B20,0
0110603_803EBFDB0,0
0110603_804275060,0
0110603_8045D4A40,0
0110603_804867F30,0
0110603_804AEC5C0,0
0110603_804AF7060,0
0110603_804D16110,0
0110603_804DE0550,0
0110603_804E48760,0
0110603_8051B0A90,0
0110603_8057D56B0,0
0110603_805B6C3F0,0
0110603_806750B70,0
0110603_80678A430,0
0110603_8067CA390,0
0110603_806872CD0,0
0110603_806A0B630,0
0110603_806A85730,0
0110603_806D55A20,0
0110603_806E87E40,0
0110603_807252A80,0
0110603_8077413C0,0
0110603_8079EE110,0
0110603_807EAB2C0,0
0110603_808A20240,0
0110603_808D35100,0
0110603_808D528B0,0
0110603_808D91110,0
0110603_809227E70,0
0110603_809275580,0
0110603_809658E30,0
0110603_8098B5990,0
0110603_809BEF2D0,0
0110603_80A714270,0
0110603_80B3D3F00,0
0110603_80CB4B5F0,0
0110603_80CBFB760,0
0110603_80D11C130,0
0110603_80D18C7A0,0
0110603_80D1B3340,0
0110603_80D633800,0
0110603_80D715D20,0
0110603_80DBB51C0,0
0110603_80E03A820,0
0110603_80F0886E0,0
0110603_80F76A7D0,0
0110603_810DBCB60,0
0110603_811EFBB10,0
0110603_812697F90,0
0110603_812BCD2D0,0
0110603_8135031E0,0
0110603_813857290,0
0110603_813A8B590,0
0110603_813ABCC40,0
0110603_813BAF610,0
0110836_8042700E0,0
0110836_804270130,0
0110836_8045D7B10,0
0110836_804D21330,0
0110836_804DE7710,0
0110836_804DEA6C0,0
0110836_804EEBD20,0
0110836_8056EB520,0
0110836_805767C40,0
0110836_80592C8E0,0
0110836_8059E59C0,0
0110836_805FAF1C0,0
0110836_8062C1E20,0
0110836_8064FCF20,0
0110836_806684C20,0
0110836_8066D3470,0
0110836_8067721B0,0
0110836_80677CEF0,0
0110836_806B73EB0,0
0110836_8070E1830,0
0110836_807197860,0
0110836_807574980,0
0110836_80764CAA0,0
0110836_807878230,0
0110836_807ABF550,0
0110836_807C29FF0,0
0110836_807ECAE00,0
0110836_808059960,0
0110836_808790BE0,0
0110836_808941570,0
0110836_8089E9900,0
0110836_808A6A930,0
0110836_808B393F0,0
0110836_808D27160,0
0110836_8093E1BD0,0
0110836_809909EA0,0
0110836_8099B2E90,0
0110836_809AEA0C0,0
0110836_809FEAD90,0
0110836_809FFE570,0
0110836_80A38CA20,0
0110836_80A4740F0,0
0110836_80A64BF60,0
0110836_80AEEC2D0,0
0110836_80BBD1AA0,0
0110836_80C829720,0
0110836_80C8FEE10,0
0110836_80DDD6700,0
0110836_80E2F9BB0,0
0110836_80E9CD170,0
0110836_80F903660,0
0110836_80FBD6320,0
0110836_80FE717B0,0
0110836_810D97D40,0
0110836_810DBE7F0,0
0110836_81170E200,0
0110836_811A60D30,0
0110836_8121FCF10,0
0110836_812EB2840,0
0110836_813293170,0
0110836_813AD2110,0
011107_80066A1E0,0
011107_800673760,0
011107_80068B760,0
011107_8006A5C40,0
011107_8006A66A0,0
011107_8006B6500,0
011107_8006B6550,0
011107_8006BB870,0
011107_8006BBDC0,0
011107_8006CFF30,0
011107_8006E3840,0
011107_8006E6D20,0
011107_800700EA0,0
011107_800701C20,0
011107_8007125A0,0
011107_800725A90,0
011107_800755E80,0
011107_80077D920,0
011107_80080C0C0,0
011107_80080D630,0
011107_80080DDE0,0
011107_800825030,0
011107_80082B9E0,0
011107_800849AD0,0
011107_80084CDF0,0
011107_80085A470,0
011107_8008C8EC0,0
011107_8008EB8E0,0
011107_800948A40,0
011107_80094D8A0,0
011107_8009543A0,0
011107_800A4A8F0,0
011107_800A58AB0,0
011107_800A95840,0
011107_800AF8AD0,0
011107_800B18660,0
011107_800B1EA70,0
011107_800B42F40,0
011107_800BD8CB0,0
011107_800BE4F80,0
011107_800BE78D0,0
011107_800C1CCA0,0
011107_800C49420,0
011107_800C544F0,0
011107_800C61FD0,0
011107_800C9D7A0,0
011107_800CD3C40,0
011107_800D1CEF0,0
011107_800D4A880,0
011107_800D7A9B0,0
011107_800D7B220,0
011107_800DBACC0,0
011107_800DE42C0,0
011107_800E29FA0,0
011107_800E8B320,0
011107_800EAFF20,0
011107_800F45D80,0
011107_800F5EDC0,0
011107_801012070,0
011107_8010F2530,0
011107_80112B020,0
011107_801180C80,0
011107_801182E50,0
011107_80119CCE0,0
011107_8011DDCD0,0
011107_8012ED130,0
011107_801364980,0
011107_8013AC690,0
011107_80144E390,0
011107_80148B7A0,0
011107_8014F2A10,0
011107_80155FE70,0
011107_8015BB260,0
011107_80168C150,0
011107_8016CB770,0
011107_8016D5160,0
011107_8016EFE30,0
011107_801755930,0
011107_80176BD70,0
011107_801795C40,0
011107_801873FA0,0
011107_8018E4BD0,0
011107_801A1AEF0,0
011107_801A5B470,0
011107_801B63140,0
011107_801C41520,0
011107_801CB54E0,0
011107_801E54940,0
011107_80201CA00,0
011107_80201F370,0
011107_8021E1120,0
011107_8022341A0,0
011107_8022D9B50,0
011107_8023155E0,0
011107_80247D850,0
011107_80255BC00,0
011107_802616090,0
011107_802743530,0
011107_8027D35D0,0
011107_802BCE700,0
011107_802C1E120,0
011107_802E2F3B0,0
011107_803288DC0,0
011107_803324980,0
011107_8033451E0,0
011107_8034F27F0,0
011107_803C5B670,0
011107_803C662C0,0
011107_803C6CB80,0
011107_803D83AC0,0
011107_803E35500,0
011107_8040F4ED0,0
011107_804270A20,0
011107_804762850,0
011107_804874090,0
011107_804D33A30,0
011107_804E357B0,0
011107_804E88860,0
011107_805112C80,0
011107_805174F10,0
011107_805224D10,0
011107_8055A9B10,0
011107_8056C9490,0
011107_8059E2F70,0
011107_805A2BBF0,0
011107_805E220C0,0
011107_805FA01E0,0
011107_8070D2B80,0
011107_80737AAD0,0
011107_8074243A0,0
011107_807A68C70,0
011107_807D7A440,0
011107_807D8DC90,0
011107_808789A60,0
011107_809B0B500,0
011107_809C25580,0
011107_809D4E7D0,0
011107_80A070190,0
011107_80ABF5920,0
011107_80B3B9E00,0
011107_80C094140,0
011107_80C0DE0A0,0
011107_80C805490,0
011107_80CBDD010,0
011107_80D168C50,0
011107_80D330A50,0
011107_80DC7EF20,0
011107_80E145120,0
011107_80E311710,0
011107_80E6A6580,0
011107_8109FACE0,0
011107_8145D5CD0,0
0111121_802061EA0,0
0111121_8041C4970,0
0111121_80437F280,0
0111121_80496BFC0,0
0111121_8051382A0,0
0111121_805209BC0,0
0111121_805285350,0
0111121_8052BEC30,0
0111121_805563690,0
0111121_8055B13B0,0
0111121_805AF0820,0
0111121_80602D220,0
0111121_806453790,0
0111121_80676EBC0,0
0111121_8068CCEC0,0
0111121_80692C850,0
0111121_80698E6A0,0
0111121_806EB0300,0
0111121_80723BF60,0
0111121_807A4FCE0,0
0111121_807B0A9B0,0
0111121_8084C3B60,0
0111121_809760800,0
0111121_8097C0310,0
0111121_809EBC880,0
0111121_80AFE2490,0
0111121_80B30AE00,0
0111121_80B3D84B0,0
0111121_80B5EEEE0,0
0111121_80B96A9A0,0
0111121_80BC20BE0,0
0111121_80C2C7140,0
0111121_80C31B780,0
0111121_80CA995A0,0
0111121_80D6087E0,0
0111121_80DA522B0,0
0111121_80E769A40,0
0111121_80E7B25F0,0
0111121_80EC059E0,0
0111121_810E1C5F0,0
0111121_810FBE760,0
0111121_8116040F0,0
0111121_8119B2D90,0
0111141_8041FBF20,0
0111141_804245460,0
0111141_804887CF0,0
0111141_8048CD1D0,0
0111141_80513B910,0
0111141_8052B8490,0
0111141_805A69890,0
0111141_805B4DE20,0
0111141_805EF5F00,0
0111141_8062613B0,0
0111141_8069248A0,0
0111141_806C344B0,0
0111141_806E67160,0
0111141_8073708A0,0
0111141_8078CD510,0
0111141_807A87240,0
0111141_807AADB00,0
0111141_807D945A0,0
0111141_8080850E0,0
0111141_808A3B950,0
0111141_808F49660,0
0111141_809549730,0
0111141_809805E60,0
0111141_80A4E87D0,0
0111141_80B9701C0,0
0111141_80B98E6D0,0
0111141_80C227730,0
0111141_80FC82810,0
0111141_810B2A850,0
0111141_812480AE0,0
0111141_8124AB380,0
0111326_804888340,0
0111326_8048FD9B0,0
0111326_804A6CA80,0
0111326_804BF4040,0
0111326_80531AEE0,0
0111326_805559D30,0
0111326_8057504E0,0
0111326_8058386B0,0
0111326_805873180,0
0111326_805AE7170,0
0111326_805C93D10,0
0111326_807BCEC10,0
0111326_807BEBD10,0
0111326_8089DB5D0,0
0111326_80973F540,0
0111326_80AB7E0E0,0
0111326_80ABA22F0,0
0111326_80AEEE6A0,0
0111326_80B2216D0,0
0111326_80B327E70,0
0111326_80B56A550,0
0111326_80B6A4FA0,0
0111326_80B9552F0,0
0111326_80B978960,0
0111326_80B9BC9C0,0
0111326_80BA06050,0
0111326_80BA83150,0
0111326_80BAB0230,0
0111326_80BAE8C10,0
0111326_80BC0E9C0,0
0111326_80BC8F660,0
0111326_80BCD3A00,0
0111326_80C2F9CD0,0
0111326_80C8CC590,0
0111326_80D2474A0,0
0111326_80EBF1580,0
0111326_80EC06C50,0
0111326_80EC20410,0
0111326_8104EAA40,0
0111326_810FF57F0,0
0111326_811A7F570,0
0111326_81278D8C0,0
0111326_812B485B0,0
0111326_812BD4500,1
0111326_81358DFD0,0
0111425_8044102D0,0
0111425_8045D4E90,0
0111425_804600220,0
0111425_804601BE0,0
0111425_8046B6D30,0
0111425_80482F950,0
0111425_8048938D0,0
0111425_804E92520,0
0111425_8051EE3F0,0
0111425_8052BB150,0
0111425_806033E40,0
0111425_806265350,0
0111425_806582830,0
0111425_8065C5400,0
0111425_806870410,0
0111425_8070E29E0,0
0111425_807570FF0,0
0111425_808227AB0,0
0111425_80856ED80,0
0111425_808D2B4E0,0
0111425_809B65200,0
0111425_80B57F9E0,0
0111425_80B57F9E1,0
0111425_80B7F76E0,0
0111425_80B7FE8F0,0
0111425_80B85F9A0,0
0111425_80C0D1E90,1
0111425_80C0E9990,0
0111425_80C31E0A0,0
0111425_80D3D7A20,0
0111425_80D636E80,0
0111425_80DB58E50,0
0111425_80FCF1320,0
0111425_80FF4CC10,0
0111425_8103F6B40,0
0111425_8106C9960,0
0111425_810B06E10,0
0111425_810B08AE0,0
0111425_8121E3D10,0
0111425_812EF8730,0
0111425_813C6B290,0
0111425_8141A9320,0
0111425_814456430,0
0111433_8043B84A0,0
0111433_80441A9D0,0
0111433_804EB2790,0
0111433_804FDE680,0
0111433_8051877B0,0
0111433_8054AC100,0
0111433_805CC3F40,0
0111433_806241EA0,0
0111433_8064EBE80,0
0111433_8065F08C0,0
0111433_806768EA0,0
0111433_806C103D0,0
0111433_806C40980,0
0111433_807001500,0
0111433_80718AB40,0
0111433_8071FA1D0,0
0111433_80756EEB0,0
0111433_8075736E0,0
0111433_8075C0A70,0
0111433_807B3CB30,0
0111433_807CEF390,0
0111433_807D5DB50,0
0111433_808219C90,0
0111433_8082AE8F0,0
0111433_808438EB0,0
0111433_808789C80,0
0111433_80A4CF300,0
0111433_80A5755D0,0
0111433_80AE1CAD0,0
0111433_80AEA6E20,0
0111433_80AEAF880,0
0111433_80B264940,0
0111433_80B467B30,0
0111433_80B69E1B0,0
0111433_80B819F80,0
0111433_80BD3DBE0,0
0111433_80C208A50,0
0111433_80C2BC8D0,0
0111433_80C7C5E60,0
0111433_80C8107B0,0
0111433_80D32F2D0,0
0111433_80D44DCD0,0
0111433_80E6581D0,0
0111433_80FB54A80,0
0111433_810236460,0
0111433_81174D7C0,0
0111433_812DC8380,0
0111433_812F14E10,0
0111433_812F786A0,0
0111433_813072670,0
0111443_804456620,0
0111443_80445DA10,0
0111443_8045B6790,0
0111443_8045CB5A0,0
0111443_804945B20,0
0111443_804AF5280,0
0111443_804AF52D0,0
0111443_804BA3680,0
0111443_804DEAB70,0
0111443_804E5A700,0
0111443_804F085F0,0
0111443_804F5FA50,0
0111443_805321B40,0
0111443_8054B0030,0
0111443_805571620,0
0111443_8055CC2C0,0
0111443_805E0CB00,0
0111443_8060163F0,0
0111443_806291E30,0
0111443_806462430,0
0111443_8066DC630,0
0111443_806785EC0,0
0111443_806A0E720,0
0111443_806A1A230,0
0111443_8071013B0,0
0111443_80730A590,0
0111443_807338200,0
0111443_807799C80,0
0111443_8077D7DE0,0
0111443_808D232E0,0
0111443_80934E120,0
0111443_809C89320,0
0111443_80AB31890,0
0111443_80B5EE3E0,0
0111443_80B626C70,0
0111443_80BE09210,0
0111443_80BE409C0,0
0111443_80BFD94D0,0
0111443_80D0DB320,0
0111443_80D2F21F0,0
0111443_80D3221A0,0
0111443_80D383890,0
0111443_80DAB5C90,0
0111443_80DC891E0,0
0111443_80DCC2070,0
0111443_80DFC9880,0
0111443_80E5F8480,0
0111443_80E970650,0
0111443_80F0FC910,0
0111443_80FBCF120,0
0111443_80FD8F600,0
0111443_8105B27E0,0
0111443_810705C20,0
0111443_810ADD7B0,0
0111443_810CBD7E0,0
0111443_8111C5D30,0
0111443_811597D30,0
0111443_81175DB00,0
0111443_8117A05E0,0
0111443_811CA3CD0,0
0111443_811E31400,0
0111443_812A44640,0
0111443_813473880,0
0111443_813A17BB0,0
0111443_814218CD0,0
0111491_804561F80,0
0111491_804BD0BD0,0
0111491_804D33B20,0
0111491_8053DB700,0
0111491_8053DC260,0
0111491_8054AA4E0,0
0111491_805716D10,0
0111491_805923010,0
0111491_805B1A770,0
0111491_805B36570,0
0111491_806023FE0,0
0111491_80620BC30,0
0111491_806406990,0
0111491_8065EBD00,0
0111491_8065EFD40,0
0111491_806638550,0
0111491_806872A80,0
0111491_806A47020,0
0111491_806AE53B0,0
0111491_806D848C0,0
0111491_806FF88E0,0
0111491_80730A450,0
0111491_807634130,0
0111491_808338860,0
0111491_809D4EB30,0
0111491_809DD4EB0,0
0111491_809ECE180,0
0111491_809FC4F40,0
0111491_809FFC9E0,0
0111491_80A022230,0
0111491_80A0C69B0,0
0111491_80A268DC0,0
0111491_80A4E7CC0,0
0111491_80A593460,0
0111491_80A8E73E0,0
0111491_80AA02E30,0
0111491_80AA7EF00,0
0111491_80AAE0410,0
0111491_80AB17A90,0
0111491_80B347F30,0
0111491_80B3D46C0,0
0111491_80B3DF0E0,0
0111491_80BAC8010,0
0111491_80BECCC70,0
0111491_80CD92F30,0
0111491_80D0D4D50,0
0111491_80DBA5730,0
0111491_80DD137E0,0
0111491_80DD148C0,0
0111491_80E0B67F0,0
0111491_80E3D0C70,0
0111491_80E47F270,0
0111491_80E4BB390,0
0111491_80EEAEC80,0
0111491_80F084670,0
0111491_8103D9430,0
0111491_810B4ADE0,0
0111491_8113E18E0,0
0111491_813134F40,0
0111491_8141C8B20,0
011157_8003A69F0,0
011157_8006BA330,0
011157_8006CCDC0,0
011157_8006D6A30,0
011157_8006DB6D0,0
011157_8006EC4E0,0
011157_8006F0580,1
011157_80072B100,0
011157_80074F9C0,0
011157_800750570,0
011157_800781F80,0
011157_8007B2670,0
011157_8007FFB30,0
011157_8008053E0,0
011157_800821570,0
011157_800824A00,0
011157_80082E940,0
011157_800879120,0
011157_800879820,0
011157_80089AEC0,0
011157_80089EC60,0
011157_8008A5CA0,0
011157_800934020,0
011157_800944650,0
011157_8009F4820,0
011157_800A4D210,0
011157_800A6E8F0,0
011157_800A7A460,0
011157_800ACA9C0,0
011157_800C7B5F0,0
011157_800CD1C40,0
011157_800D25530,0
011157_800D40990,0
011157_800D64F70,0
011157_800DB9010,0
011157_800EC0190,0
011157_800EE83B0,0
011157_800EFCD30,0
011157_800F032D0,0
011157_800F33480,0
011157_800F4FDC0,0
011157_800F8C610,0
011157_800FA3740,0
011157_800FBCBA0,0
011157_800FCA210,0
011157_80100F450,0
011157_8010106F0,0
011157_8010AB1D0,0
011157_8010B1020,0
011157_80113AB00,0
011157_8011677F0,0
011157_80116E640,0
011157_801180430,0
011157_801183EC0,0
011157_80119D950,0
011157_8011BA370,0
011157_801244E40,0
011157_801244E41,0
011157_801267970,1
011157_801294550,0
011157_8012B2410,0
011157_8012BE580,0
011157_8012D9850,0
011157_8012D9851,0
011157_80135FFC0,0
011157_8013CBC30,0
011157_8013E1470,0
011157_8015A0CE0,0
011157_8015F59A0,0
011157_801623480,0
011157_8016418F0,0
011157_801700FC0,0
011157_801729460,0
011157_8017CDC40,0
011157_801805A90,0
011157_801889AC0,0
011157_80188DF20,0
011157_8018A1BE0,0
011157_8019414B0,0
011157_801A74F10,0
011157_801A90FF0,0
011157_801CE8770,0
011157_801CFC800,0
011157_801D49140,0
011157_801DA1590,0
011157_801E8F250,0
011157_80200AFE0,0
011157_80227BF30,0
011157_80228DAD0,0
011157_8022AB410,0
011157_8023E6630,0
011157_80247B410,0
011157_80249F430,0
011157_8027479B0,0
011157_8029751E0,0
011157_802AA6C30,0
011157_802B57260,0
011157_8032F8780,0
011157_803475580,0
011157_8034872A0,0
011157_80348BC60,0
011157_8034E1ED0,0
011157_8037EE5C0,0
011157_8038312A0,0
011157_803A2DBC0,0
011157_8041EFB90,0
011157_804270CE0,0
011157_8043C0B70,0
011157_804606E00,0
011157_80474F7E0,0
011157_804A4E3D0,0
011157_804BC9120,0
011157_805089DD0,0
011157_805185F30,0
011157_8051FAB20,0
011157_805214420,0
011157_8059FFF20,0
011157_805BE1BB0,0
011157_8065A60D0,0
011157_8066F2BD0,0
011157_806D347C0,0
011157_806E96F40,0
011157_807003520,0
011157_80755FFB0,0
011157_8078ABA40,0
011157_807B94CF0,0
011157_807D922D0,0
011157_807DA6020,0
011157_807EA73C0,0
011157_80805AB10,0
011157_8088AE6B0,0
011157_808D19A10,0
011157_808F9A1B0,0
011157_809460A00,0
011157_8094ABE70,0
011157_809CE80E0,0
011157_80A4E0120,0
011157_80AEC5A30,0
011157_80C9BF1F0,0
011157_80CD8D610,0
011157_80D998DB0,0
011157_80DDCAB60,0
011157_80E738200,0
011157_80ED20C70,0
011157_80F084A40,0
011157_80F3E5E20,0
011157_80FAA4290,0
011157_8106FA670,0
011157_810780B80,0
011157_810EFAB90,0
011157_81118EAC0,0
011157_811332FF0,0
011157_812A60980,0
011157_812E16B60,0
011157_8139DCE70,0
0111631_8045775C0,0
0111631_804BA7020,0
0111631_804BD2B30,0
0111631_804EBEB20,0
0111631_8050A3310,0
0111631_805124840,0
0111631_8052A7B50,0
0111631_8052B07A0,0
0111631_8052E5A10,0
0111631_805A5A0B0,0
0111631_805A68330,0
0111631_805A99C40,0
0111631_805CC7F20,0
0111631_805CE0A40,0
0111631_8063DA480,0
0111631_806457AC0,0
0111631_8068371D0,0
0111631_8068724E0,0
0111631_806CA9230,0
0111631_806D19050,0
0111631_8070BB020,0
0111631_807357460,0
0111631_8075C5DD0,1
0111631_8079489E0,0
0111631_807CF81B0,0
0111631_807CF81B1,0
0111631_808584FF0,0
0111631_808F93860,0
0111631_808FC7990,0
0111631_80992EE10,0
0111631_80A583410,0
0111631_80AC11360,0
0111631_80BACC080,0
0111631_80BB03CF0,0
0111631_80C59E880,0
0111631_80D7BEE70,0
0111631_80E73BEC0,0
0111631_80EB0C9F0,0
0111631_80F6210B0,0
0111631_8102641F0,0
0111631_8104F2EA0,0
0111631_8107E0280,0
0111631_810EA2940,0
0111631_8114709E0,0
0111631_8118C08B0,0
0111631_811A0C520,0
0111631_812AC8FB0,0
0111631_812BBF910,0
0111631_8135175D0,0
0111631_813996250,0
0111631_8145E4E20,0
0111764_80490B400,0
0111764_804BE08A0,0
0111764_804BE08F0,0
0111764_804D162C0,0
0111764_80511C1D0,0
0111764_80516C2C0,0
0111764_80531AC50,0
0111764_80552E340,0
0111764_8055FB0C0,0
0111764_805A909A0,0
0111764_805EB3CA0,0
0111764_805FF3690,0
0111764_8060073E0,0
0111764_8065ED8F0,0
0111764_806697980,0
0111764_806DF5710,0
0111764_807193CC0,0
0111764_8078F20E0,1
0111764_8079EBC70,0
0111764_807D9D5F0,0
0111764_807DD4AE0,0
0111764_8080637C0,0
0111764_8080B67C0,0
0111764_8082250C0,0
0111764_8085C6550,0
0111764_8086E3260,0
0111764_808981B50,0
0111764_808BCF250,0
0111764_809361C80,0
0111764_809A34C70,0
0111764_809B91D30,0
0111764_80A152D90,0
0111764_80A3871B0,0
0111764_80A4CC670,0
0111764_80A6123E0,0
0111764_80B344700,0
0111764_80B6246C0,0
0111764_80BDEAF80,0
0111764_80BE28780,0
0111764_80BFB5710,0
0111764_80C283130,0
0111764_80C3263E0,0
0111764_80C475F10,0
0111764_80CA2A5F0,0
0111764_80D2E29A0,0
0111764_80D368230,0
0111764_80DD644F0,0
0111764_80DDCCAB0,0
0111764_80DE03800,0
0111764_80DF3B1C0,0
0111764_80DF806B0,0
0111764_80DFC30E0,0
0111764_80E3B2870,0
0111764_80ED06800,0
0111764_80ED9A950,0
0111764_80FB8B7E0,0
0111764_8103EF970,0
0111764_810AD2B90,0
0111764_811AB6F90,0
0111764_812816E60,0
0111764_81337A340,0
0111764_813A020C0,0
0112212_80206AF60,0
0112212_804913B90,0
0112212_80512CBE0,0
0112212_805301320,0
0112212_805794340,0
0112212_805818290,0
0112212_805AB8BD0,0
0112212_8075DCAD0,0
0112212_807642710,0
0112212_807795260,0
0112212_8077CCBF0,0
0112212_807932DB0,0
0112212_807A9AAE0,0
0112212_807B01620,0
0112212_807D579A0,0
0112212_808025750,0
0112212_808112400,0
0112212_8081CAD40,0
0112212_8081E29E0,0
0112212_80847F3A0,0
0112212_8089B8130,0
0112212_8091F5680,0
0112212_809794FD0,0
0112212_80ABE26B0,0
0112212_80AEFA200,0
0112212_80B98CA90,0
0112212_80BAAA850,0
0112212_80D2E55C0,0
0112212_80D4250F0,0
0112212_80DD56640,0
0112212_80E391E90,0
0112212_80E691B50,0
0112212_80E8E7530,0
0112212_80ED07050,0
0112212_80ED46360,0
0112212_81129EE60,0
0112212_811F808E0,0
0112212_812503430,0
0112354_802702BA0,0
0112354_804A63070,0
0112354_805EF6950,0
0112354_806568D60,0
0112354_806824A20,0
0112354_806CC0FE0,0
0112354_807B298D0,0
0112354_807CD48B0,0
0112354_80806B470,0
0112354_80821B130,0
0112354_808A4D640,0
0112354_808F1C160,0
0112354_808F3EDD0,0
0112354_808F52D00,0
0112354_8093EF600,0
0112354_80943D190,0
0112354_809553960,0
0112354_80A089DD0,0
0112354_80AF37370,0
0112354_80AF51A00,0
0112354_80B323490,0
0112354_80B352880,0
0112354_80B64EF30,0
0112354_80B9F7770,0
0112354_80B9F8770,0
0112354_80BB76870,0
0112354_80C121C20,0
0112354_80C20C150,0
0112354_80D53CF20,0
0112354_80E0BCA00,0
0112354_81047AA10,0
0112354_81112DCE0,0
0112354_81278BA90,0
0112354_812BE62F0,0
0112497_804CFA0B0,0
0112733_804CD36F0,0
011296_8007A88C0,0
011296_8007B7A80,0
011296_8007D5980,0
011296_800800560,0
011296_8008005B0,0
011296_800808EB0,0
011296_80080C970,0
011296_80081B730,0
011296_80083E3D0,0
011296_80086A120,0
011296_800888590,0
011296_800889C10,0
011296_8008AD1D0,0
011296_8008C93E0,0
011296_8008D1670,0
011296_8008D56E0,0
011296_8008D65C0,0
011296_8008EE530,0
011296_8008FFBA0,0
011296_80090EBF0,0
011296_80093A420,0
011296_800972E60,0
011296_8009AA310,0
011296_8009F5560,0
011296_800A34FF0,0
011296_800A4DAF0,0
011296_800A818F0,0
011296_800A8C540,0
011296_800ABDA80,0
011296_800AC8E80,0
011296_800B19B30,0
011296_800B72820,0
011296_800BA8CD0,0
011296_800BB83A0,0
011296_800BE5810,0
011296_800BEAA40,0
011296_800BFEFA0,0
011296_800C08740,0
011296_800C08C30,0
011296_800C203F0,0
011296_800C254D0,0
011296_800C6E430,0
011296_800CA1E20,0
011296_800CB09A0,0
011296_800D47790,0
011296_800D9ACD0,0
011296_800DD7C20,0
011296_800E7F7C0,0
011296_800E81EF0,0
011296_800EABE20,0
011296_800EBD5B0,0
011296_800F534B0,0
011296_800F7CF10,0
011296_800FB0580,0
011296_800FC8730,0
011296_8010DA4F0,0
011296_8010F1870,0
011296_801116930,0
011296_801127C00,0
011296_80115B9B0,0
011296_801285D30,0
011296_80128CA40,0
011296_8012909F0,0
011296_8012BADD0,0
011296_8012D8F30,0
011296_801375EB0,0
011296_8013853F0,0
011296_8013DD400,0
011296_801416D30,0
011296_8015CD5C0,0
011296_8016448B0,0
011296_801662C90,0
011296_8016ABA80,0
011296_8016B5BC0,0
011296_801705E20,0
011296_80179D5E0,0
011296_8017C52F0,0
011296_8017F2EE0,0
011296_801889F50,0
011296_801895CE0,0
011296_8018A87D0,0
011296_801917910,0
011296_80199B180,0
011296_801A0C9E0,0
011296_801A1CC90,0
011296_801AD97C0,0
011296_801CF45A0,0
011296_801D0F0D0,0
011296_801E22120,0
011296_8021E2D70,0
011296_8021E2D71,0
011296_8022ED550,0
011296_8023E3ED0,0
011296_8024064D0,0
011296_8024543F0,0
011296_802742B50,0
011296_80285B810,0
011296_802874470,0
011296_802A2EC00,0
011296_802E0EC30,0
011296_802FD60C0,0
011296_80304E5F0,0
011296_803496160,0
011296_8034C6AD0,0
011296_803CB3290,0
011296_803D25610,0
011296_8043BD3C0,0
011296_8043D9070,0
011296_804E77030,0
011296_80508BA60,0
011296_8052AA560,0
011296_805AAE130,0
011296_805D8EFA0,0
011296_8060253D0,0
011296_80632ED10,0
011296_80663C340,0
011296_8068345B0,0
011296_806B1FE10,0
011296_806C70A80,0
011296_806D2D410,0
011296_806E9EBB0,0
011296_8075AA470,0
011296_807B866A0,0
011296_80990F680,0
011296_809BF3120,0
011296_809F899B0,0
011296_809FE75A0,0
011296_80A04BF90,0
011296_80A540E60,0
011296_80A64B800,0
011296_80B332720,0
011296_80B92B740,0
011296_80BDB11A0,0
011296_80BE1CD30,0
011296_80C0B3920,0
011296_80C62D720,0
011296_80C6F6BE0,0
011296_80DA5F1C0,0
011296_80DFA67F0,0
011296_80E053EA0,0
011296_80E404270,0
011296_80E5A9020,0
011296_80E7375B0,0
011296_80E75D010,0
011296_80EA69D60,0
011296_80EB59DF0,0
011296_80EBB0420,0
011296_8103838C0,0
011296_811235100,0
011296_811851440,0
011296_8118A0550,0
011296_8128353D0,0
011296_812A12A80,0
011296_8132AD2A0,0
011296_8136B7660,0
011296_8137EF0D0,0
011296_813901FA0,0
011296_813ED2300,0
011296_81416D530,0
011296_81461A690,0
0112989_80505DF70,0
0113060_805134650,0
0113060_80526DF70,0
0113060_8057A83F0,0
0113060_80593B0B0,0
0113060_80637D100,0
0113060_8067E6D20,0
0113060_8067EDB10,0
0113060_8069A3490,0
0113060_806CD2D00,0
0113060_806E8D100,0
0113060_8072CCC70,0
0113060_8076199C0,0
0113060_80779F370,0
0113060_807847210,0
0113060_807876950,0
0113060_8078C5290,0
0113060_80793FE00,0
0113060_807987940,0
0113060_808047F00,0
0113060_808085F40,0
0113060_8080A2440,0
0113060_8084B9930,0
0113060_808F17C70,0
0113060_808F3AFC0,0
0113060_80A020540,0
0113060_80AB9B0C0,0
0113060_80B5A85E0,0
0113060_80B9CCF90,0
0113060_80BAE4080,0
0113060_80C8B3820,0
0113060_80D1E6300,0
0113060_80D22E6C0,0
0113060_80D47E6A0,0
0113060_80E1FF870,0
0113060_80EC02800,0
0113060_80ED82790,0
0113060_80F279750,0
0113060_80F415B20,0
0113060_80F4F9320,0
0113060_80FA52630,0
0113060_810FD38D0,0
0113060_8110C9B60,0
0113060_8110FB780,0
0113060_8116A26A0,0
0113060_811F58970,0
0113060_81250D760,0
0113060_814841560,0
011318_80081F5E0,0
011318_8008228E0,0
011318_800825E00,0
011318_800836F80,1
011318_800848860,0
011318_800853D50,0
011318_80087A050,0
011318_80087D580,0
011318_80088F620,0
011318_8008BC1C0,0
011318_800938010,0
011318_800A50A30,0
011318_800AD0530,0
011318_800AD6650,0
011318_800B106F0,0
011318_800B34E90,0
011318_800BFBB80,0
011318_800C3E6C0,0
011318_800C48710,0
011318_800C49A90,0
011318_800C4B390,0
011318_800C51010,0
011318_800CCF200,0
011318_800D3EE90,0
011318_800D482B0,0
011318_800D5FCF0,0
011318_800DFD230,0
011318_800E8CF70,0
011318_800EBD250,0
011318_800EE2C60,0
011318_800F1AB10,0
011318_800F6C0E0,0
011318_800FBDB10,0
011318_800FCAFE0,0
011318_80100DB30,0
011318_80108CE20,0
011318_8010B9020,0
011318_801120560,0
011318_80112EDD0,0
011318_801175550,0
011318_801189980,0
011318_8011A0DB0,0
011318_8011A8F60,0
011318_80135C360,0
011318_8013829C0,0
011318_8013C9670,0
011318_80143B920,0
011318_80155CC50,0
011318_8015B96A0,0
011318_80160DA20,0
011318_80163DDC0,0
011318_80164B7E0,0
011318_8016A6630,0
011318_801758600,0
011318_801786A90,0
011318_801787320,0
011318_8017A9A70,0
011318_8019184E0,0
011318_801B678A0,0
011318_801BAF9A0,0
011318_801E79330,0
011318_801F91FA0,0
011318_80226B660,0
011318_8022A0F20,0
011318_80247E4F0,0
011318_802509C80,0
011318_8025BBA20,0
011318_8029FDB00,0
011318_802A175A0,0
011318_802B6C4A0,0
011318_802C5AE00,0
011318_802C60FF0,0
011318_802C868F0,0
011318_802EF3930,0
011318_803056510,0
011318_803247FE0,0
011318_8032EEB20,0
011318_803347870,0
011318_803530C10,0
011318_8037B4200,0
011318_8039BB8E0,0
011318_803AD01C0,0
011318_803BDAD40,0
011318_803F10890,0
011318_80418BCF0,0
011318_8041973A0,0
011318_804978960,0
011318_804C18220,0
011318_8051AB160,0
011318_805576250,0
011318_8057C40B0,0
011318_805CE1B70,0
011318_806259340,0
011318_8067F7F10,0
011318_80682A780,0
011318_80685C400,0
011318_806C196D0,0
011318_806D54940,0
011318_8071005A0,0
011318_8072258B0,0
011318_807333290,0
011318_807945A50,0
011318_80834B7D0,0
011318_80857F4D0,0
011318_808FE1BA0,0
011318_80913A2C0,0
011318_80921CBA0,0
011318_809B9C490,0
011318_80A323FC0,0
011318_80AE83F50,0
011318_80B813A40,0
011318_80B862C40,0
011318_80CD01F40,0
011318_80CEF8600,0
011318_80D07DC50,0
011318_80D63BCE0,0
011318_80D7C5710,0
011318_80E0076D0,0
011318_80E38A490,0
011318_80E750FD0,0
011318_80F4E49A0,0
011318_8101F7920,0
011318_81074D700,0
011318_8109A7230,0
011318_81175D590,0
011318_811D62F20,0
011318_81216CA40,0
011318_81303DF10,0
011318_81303DF11,0
011318_813951200,0
0113304_805C0B670,0
0113685_8054BAE90,0
0113685_8055D7370,0
0113685_80571DE10,0
0113685_8057B4470,0
0113685_805B26EA0,0
0113685_805B88A10,0
0113685_805BDB600,0
0113685_805E14A00,0
0113685_805EE00C0,0
0113685_805F3F6C0,0
0113685_806430960,0
0113685_80662EDF0,0
0113685_806688780,0
0113685_80671E410,0
0113685_806865880,0
0113685_806D19DE0,0
0113685_8070E61B0,0
0113685_8072CEEA0,0
0113685_807301800,0
0113685_80759BA80,0
0113685_8077DA110,0
0113685_807C0C770,0
0113685_807EA3CA0,0
0113685_80805FF40,0
0113685_808AC7D30,0
0113685_808CF51F0,0
0113685_808DDFC50,0
0113685_808ED3920,0
0113685_80907C890,0
0113685_809A2EB80,0
0113685_809A3B940,0
0113685_809B52AB0,0
0113685_80A1645F0,0
0113685_80AA82F40,0
0113685_80AAED060,0
0113685_80ACD3F30,0
0113685_80AEA4A20,0
0113685_80B463AD0,0
0113685_80B624C20,0
0113685_80BDF39B0,0
0113685_80BDFD6D0,0
0113685_80BF696A0,0
0113685_80C271E40,0
0113685_80C3FA800,0
0113685_80C814140,0
0113685_80CBC3280,0
0113685_80CC139F0,0
0113685_80D1098B0,0
0113685_80D140080,0
0113685_80D164660,0
0113685_80D4C9690,0
0113685_80E109850,0
0113685_80E6E8590,0
0113685_80FFC21A0,0
0113685_81077B5F0,0
0113685_810B19D40,0
0113685_811E75F50,0
0113685_813370200,0
0113744_80522E220,0
0113744_8052C82D0,0
0113744_805312390,0
0113744_8056F5230,0
0113744_8057F0280,0
0113744_805B19490,0
0113744_805B75490,0
0113744_805B876E0,0
0113744_8066A6D30,0
0113744_806738520,0
0113744_806838810,0
0113744_80749A480,0
0113744_8075C14B0,0
0113744_807BA0BB0,0
0113744_807DCEFE0,0
0113744_807EA5FB0,0
0113744_80805B150,0
0113744_8083BE5A0,0
0113744_80841D0B0,0
0113744_80863C270,0
0113744_808C99840,0
0113744_8091CF1C0,0
0113744_80988CFF0,0
0113744_809A73F00,0
0113744_809B540D0,0
0113744_809F19BE0,0
0113744_80A1692A0,0
0113744_80AB19120,0
0113744_80B22D2C0,0
0113744_80B2F8800,0
0113744_80B6F9330,0
0113744_80C0CECA0,0
0113744_80C85A880,0
0113744_80CF58070,0
0113744_80D281630,0
0113744_80D388410,0
0113744_80D4CF570,0
0113744_80DA3A980,0
0113744_80DE5BFE0,0
0113744_80DF1FC30,1
0113744_80E151B50,0
0113744_8104F9F60,0
0113744_8106E08D0,0
0113744_81112F3C0,0
0113744_8113DBA30,0
0113744_8116A64B0,0
0113744_8116B0BA0,0
0113744_812183C10,0
0113744_812EC6840,0
0113744_813082A10,0
0113744_8133DED00,0
0113744_8135BEC60,0
0113779_802C4F3B0,0
0113779_8055D68B0,0
0113779_8056E1250,0
0113779_805745950,0
0113779_80588B000,0
0113779_80593C420,0
0113779_8069D27B0,0
0113779_806CF85C0,0
0113779_807198E70,0
0113779_807810700,0
0113779_8081E0980,0
0113779_8082585B0,0
0113779_808433410,0
0113779_8085F4C70,0
0113779_808819090,0
0113779_808BB4DD0,0
0113779_8091E3AF0,0
0113779_809252D50,0
0113779_809BACDC0,0
0113779_809BD0210,0
0113779_809D9A0D0,0
0113779_80A532890,0
0113779_80A6D7AA0,0
0113779_80A7FD5F0,0
0113779_80AC93690,0
0113779_80B804EB0,0
0113779_80B82C8D0,0
0113779_80B85FE70,0
0113779_80BC968A0,0
0113779_80BD8B000,0
0113779_80C2598F0,0
0113779_80C564540,0
0113779_80CD9A5B0,0
0113779_80D330650,0
0113779_80D494C10,0
0113779_80DDD23A0,0
0113779_80DF99CB0,0
0113779_80E0CA250,0
0113779_80E43D350,0
0113779_80E735F70,0
0113779_8111AA520,0
0113779_8118A56B0,0
0113779_811C67370,0
0113779_812623570,0
0113779_812DC6CC0,0
0113779_813784380,0
0113779_813A0FA90,0
0113779_814779C90,0
0113798_8051D70F0,0
0113798_80558FEF0,0
0113798_805972F00,0
0113798_805AE4170,0
0113798_805BDC8F0,0
0113798_805D24F90,0
0113798_805F3FDA0,0
0113798_80600E1B0,0
0113798_80603FDD0,0
0113798_80640D270,0
0113798_806580E90,0
0113798_8066D2220,0
0113798_8067FF8B0,0
0113798_806A19D30,0
0113798_806A3A240,0
0113798_806AC5460,0
0113798_806AE50D0,0
0113798_806C08630,0
0113798_806C392A0,0
0113798_80709F540,0
0113798_8070CD590,0
0113798_8077F1640,0
0113798_807FF82A0,0
0113798_8082F4160,0
0113798_80893F000,0
0113798_809923A40,0
0113798_809A66E30,0
0113798_809B0AFB0,0
0113798_80A000CF0,0
0113798_80A01C9C0,0
0113798_80A1651E0,0
0113798_80A5A4E30,0
0113798_80AD5E170,0
0113798_80B3C2550,0
0113798_80B48E9E0,0
0113798_80B9F21C0,0
0113798_80BD48570,0
0113798_80C2135A0,0
0113798_80D009F00,0
0113798_80D0B4D30,0
0113798_80D1E2590,0
0113798_80D9503D0,0
0113798_80DC756E0,1
0113798_80DD7C690,0
0113798_80DE5A8F0,0
0113798_80FA9F010,0
0113798_81147CB90,0
0113798_8143B9360,0
0113865_805571FF0,0
0113865_8057C00D0,0
0113865_80588FD60,0
0113865_80599E210,0
0113865_805A16900,0
0113865_805A55170,0
0113865_805BB6C60,0
0113865_805C69020,0
0113865_805CD6380,0
0113865_805DAF7C0,0
0113865_805F92280,0
0113865_806066D20,0
0113865_806A54870,0
0113865_80728CDB0,0
0113865_8075DA6F0,0
0113865_807638E40,0
0113865_8082E52A0,0
0113865_8088CFC90,0
0113865_808A73A40,0
0113865_809326EF0,1
0113865_809821AE0,0
0113865_809A35810,0
0113865_80A1B84A0,0
0113865_80A3FC140,0
0113865_80B387110,0
0113865_80B39B5A0,0
0113865_80B3B7400,0
0113865_80C0683A0,0
0113865_80C0AF830,0
0113865_80D64F2D0,0
0113865_80D742580,0
0113865_80DD07120,0
0113865_80E56B760,0
0113865_80ECDACA0,0
0113865_80F6AC220,0
0113865_8105890D0,0
0113865_810A3FC70,0
0113865_810E89FB0,0
0113865_810F204A0,0
0113865_81195BFE0,0
0113865_811A22760,0
0113865_811A40450,0
0113865_81210AD60,0
0113865_812A46280,0
0113865_81397A3A0,0
0113935_8052793E0,0
0113935_8057473D0,0
0113935_805CB0F60,0
0113935_805EED4F0,0
0113935_8069A8570,0
0113935_806C13690,0
0113935_8074BEE10,0
0113935_8077ABA20,0
0113935_807864620,0
0113935_8078B11B0,0
0113935_807B6EA00,0
0113935_807FD5760,0
0113935_8089ECF30,0
0113935_80B355350,0
0113935_80B7A4360,0
0113935_80B905A40,0
0113935_80B986C00,0
0113935_80B9AFC90,0
0113935_80B9DE190,0
0113935_80BA49150,0
0113935_80BAEE3D0,0
0113935_80BD7AE70,0
0113935_80C239080,0
0113935_80D1EB8A0,0
0113935_80DD442E0,0
0113935_80DDFAA50,0
0113935_80DFD06D0,0
0113935_81129F6D0,0
0113935_81221A490,0
0113_8101BCD30,0
011405_8008C13D0,0
011405_8008CCD30,0
011405_8009351B0,0
011405_80094BC20,0
011405_800A7B900,0
011405_800A83420,0
011405_800A99EB0,0
011405_800AF2030,0
011405_800B1B3C0,0
011405_800B5DDD0,0
011405_800B7C970,0
011405_800B7D000,0
011405_800BA4F00,0
011405_800BB0A50,0
011405_800BCC980,0
011405_800BEDF30,0
011405_800C816D0,0
011405_800D706B0,0
011405_800D74630,0
011405_800DA2DB0,0
011405_800DC1340,0
011405_800E33C50,0
011405_800E8C460,0
011405_800E98680,0
011405_800EE6B70,1
011405_800F614F0,0
011405_800F712D0,0
011405_800F7DE90,0
011405_801092AE0,0
011405_8010D8EF0,0
011405_80111C7E0,0
011405_80111CCE0,0
011405_801128170,0
011405_8011510B0,0
011405_80122C740,0
011405_8012483F0,0
011405_80124CB90,0
011405_80124F280,0
011405_801253D80,0
011405_801271440,0
011405_801373620,0
011405_80139E270,0
011405_8014612E0,0
011405_80149D030,0
011405_8014EFB60,0
011405_8014F8C50,0
011405_80156E550,0
011405_8015EDD30,0
011405_8015F1A90,0
011405_80161CF60,0
011405_801650140,0
011405_8016A5050,0
011405_801794F40,0
011405_80179B570,0
011405_801927780,0
011405_801973630,0
011405_801989B30,0
011405_801A01CB0,0
011405_801B62580,0
011405_801C41790,0
011405_801CB8D90,0
011405_801DD8230,0
011405_801FEA530,0
011405_802026EB0,0
011405_8022DF120,0
011405_802427C30,0
011405_8024EB6D0,0
011405_802651390,0
011405_802770E30,0
011405_80287B4F0,0
011405_802896000,0
011405_802ED3D60,0
011405_8032F6BD0,0
011405_8033AA1B0,1
011405_80340B250,0
011405_8034AFC40,0
011405_8035F9A60,0
011405_803600220,0
011405_803C2D270,0
011405_803DFCD80,0
011405_803FFEC10,0
011405_8040D16C0,0
011405_8041E7CD0,0
011405_80421E380,0
011405_8043F73D0,0
011405_80440FA40,0
011405_8045CFC30,0
011405_8045DAEA0,0
011405_8055912D0,0
011405_805A5B6E0,0
011405_805B170A0,0
011405_805B68790,0
011405_805D780D0,0
011405_805EE6A50,0
011405_80616FF00,0
011405_80624D920,0
011405_806457440,0
011405_80695DC90,0
011405_806B8FA70,0
011405_806CF9D90,0
011405_806E7FE70,0
011405_8075DB110,0
011405_807D33C40,0
011405_807E684D0,0
011405_8082541C0,0
011405_80866EC60,0
011405_808D21130,0
011405_808F09930,0
011405_808F8C490,0
011405_808FA3670,0
011405_809C470A0,0
011405_809C59F60,0
011405_80AB379E0,0
011405_80AE1DE90,0
011405_80B3D2700,0
011405_80C0506A0,0
011405_80C2BCEC0,0
011405_80C7AA980,0
011405_80D372170,0
011405_80D65A010,0
011405_80D7CBE90,0
011405_80DEF1030,0
011405_810025CC0,0
011405_8106E1640,0
011405_81077A020,0
011405_810FE1C20,0
011405_8111923B0,0
011405_8124F7930,0
011405_812D37E20,0
011405_8133506C0,0
011405_813A401D0,0
011405_81422A3A0,0
0114674_8058306B0,0
0114674_805858190,0
0114674_8058F9B80,0
0114674_8059E7550,0
0114674_805B10B50,0
0114674_805B71D50,0
0114674_805CBF320,0
0114674_805CCF200,0
0114674_805E0D8B0,0
0114674_80623CCE0,0
0114674_8062F0FB0,0
0114674_80649BB60,0
0114674_806805400,0
0114674_806A59190,0
0114674_8075465D0,0
0114674_80777FDB0,0
0114674_8078F3F60,0
0114674_807AE8D80,0
0114674_80808D930,0
0114674_8081D6220,0
0114674_808C5D2E0,0
0114674_808D58D00,0
0114674_80A0D9D70,0
0114674_80A724A90,0
0114674_80B4A7730,0
0114674_80B4CC780,0
0114674_80BDD0A40,0
0114674_80BF6B3B0,0
0114674_80C389E70,0
0114674_80C4EA120,0
0114674_80CB62B20,0
0114674_80CD83230,0
0114674_80CDCDCD0,0
0114674_80D00C7A0,0
0114674_80D0273C0,0
0114674_80D106450,0
0114674_80D340A50,0
0114674_80D806700,0
0114674_80E045E70,0
0114674_80E3E2A40,0
0114674_80E6B9AF0,0
0114674_80F842B00,0
0114674_810AF7B20,0
0114674_811AE58E0,0
0114674_8122EA130,0
0114674_812A4F6C0,0
0114674_812B799B0,0
0114674_812FC1710,0
0114674_8135A4A80,0
0114674_8135F1DC0,0
0114674_8138CF000,0
0114674_8145DCA60,0
011471_8008D7630,0
011471_800954E00,0
011471_8009D7BA0,0
011471_8009F8780,0
011471_800A4F2F0,0
011471_800A61D80,0
011471_800A70BD0,0
011471_800A87C60,0
011471_800A8D010,0
011471_800A8E080,0
011471_800A94EC0,0
011471_800AD10D0,0
011471_800B27380,0
011471_800B29CC0,0
011471_800B29F90,0
011471_800B448E0,0
011471_800B620B0,0
011471_800BFE950,0
011471_800C0BB40,0
011471_800C26050,0
011471_800C29D80,0
011471_800C31600,0
011471_800C48760,0
011471_800C4BB70,0
011471_800C54E70,0
011471_800CF44D0,0
011471_800D9F0D0,0
011471_800DD1F40,0
011471_800F17510,0
011471_800F19100,0
011471_800F9C9D0,0
011471_800FA28B0,0
011471_800FB38F0,0
011471_800FC5E10,0
011471_800FF9810,0
011471_80108C7C0,0
011471_801096840,0
011471_801115740,0
011471_80124E510,0
011471_801266C30,0
011471_801274080,0
011471_8012C7DA0,0
011471_801327EB0,0
011471_801385440,0
011471_8013DF240,0
011471_8016BA920,0
011471_801753870,0
011471_80177F6E0,0
011471_8017B1960,0
011471_801875280,0
011471_8018D2600,0
011471_801AA4B90,0
011471_801AB0380,0
011471_801C31530,0
011471_801C35040,0
011471_801D292B0,0
011471_801D47530,0
011471_801E08420,0
011471_80203D960,0
011471_8021B75D0,0
011471_8022C7160,0
011471_802372130,0
011471_8023E0E50,0
011471_802439440,0
011471_802465050,0
011471_80246C100,0
011471_8024A22E0,0
011471_8024C3990,0
011471_8027B3CF0,0
011471_8028ED500,0
011471_802AA4F70,0
011471_802BA5B90,0
011471_802C4CA30,0
011471_802D14DD0,0
011471_802E74090,0
011471_802FA7CA0,0
011471_802FB66E0,0
011471_8030B78C0,0
011471_8031B4750,0
011471_80343C390,0
011471_8034C73A0,0
011471_8034E0890,0
011471_803555960,0
011471_803ACC7D0,0
011471_803CBF3B0,0
011471_803E1C400,0
011471_803E3EEE0,0
011471_8043B05E0,0
011471_8045DB0D0,0
011471_804AF2E30,0
011471_805190E40,0
011471_8051A9D80,0
011471_80521B5B0,0
011471_805418110,0
011471_8057010F0,0
011471_8057D4C60,0
011471_80588D680,0
011471_805A8CD20,0
011471_805C2D390,0
011471_806069A10,0
011471_806860160,0
011471_8069E1830,0
011471_806B58620,0
011471_8070E3060,0
011471_8079E2070,0
011471_807A38A70,0
011471_807A6D9E0,0
011471_807CA7020,0
011471_807DFD850,0
011471_807F5F9B0,0
011471_808AEC960,0
011471_808BA51F0,0
011471_809218620,0
011471_809790BB0,0
011471_809841BE0,0
011471_809C5EFE0,0
011471_809F8DC80,0
011471_80A0EFB70,0
011471_80AAE2130,0
011471_80AAECCB0,0
011471_80AE43E80,0
011471_80AED7DF0,0
011471_80B397180,0
011471_80B89C5C0,0
011471_80BCEAA00,0
011471_80BED3030,0
011471_80C3E9840,0
011471_80C6DBEB0,0
011471_80D1072B0,0
011471_80D3AB240,0
011471_80E1D1CF0,0
011471_80F441470,0
011471_80F695910,0
011471_80FBF3630,0
011471_8103F45D0,0
011471_8106C3000,0
011471_8108E6CB0,0
011471_810A40D20,0
011471_812B494C0,0
011471_812C5FA00,0
011471_812F77D80,0
011471_813069BB0,0
011471_814157C50,0
011474_8008A3EF0,0
011474_8008E5E80,0
011474_8009348D0,0
011474_800957C70,0
011474_800957CC0,0
011474_800A27E60,0
011474_800A6DFF0,0
011474_800AC4980,0
011474_800AC9400,0
011474_800ACD1F0,0
011474_800B03330,0
011474_800B17AA0,0
011474_800B257A0,0
011474_800B25D80,0
011474_800B331A0,0
011474_800B358F0,0
011474_800B52630,0
011474_800B5F2E0,0
011474_800BA40C0,0
011474_800BB2D20,0
011474_800C42830,0
011474_800C43B30,0
011474_800C4C410,0
011474_800CAF370,0
011474_800CD4980,0
011474_800CE1C80,0
011474_800D36000,0
011474_800D45800,0
011474_800DE18E0,0
011474_800DED130,0
011474_800E30EB0,0
011474_800E61F90,0
011474_800E9C860,0
011474_800F18850,0
011474_800F63960,0
011474_800FADAB0,0
011474_800FF9F80,0
011474_800FFAAC0,0
011474_80100EA90,0
011474_8010B2150,0
011474_8010D7EF0,0
011474_8010ECCA0,0
011474_80110DB40,0
011474_80111CA00,0
011474_801185BE0,0
011474_801297F20,0
011474_80131ACE0,0
011474_80135A870,0
011474_8013985A0,0
011474_8014553A0,0
011474_80152DD50,0
011474_8015E16A0,0
011474_8016A3510,0
011474_801737500,0
011474_801751E00,0
011474_801776940,0
011474_80188B6E0,0
011474_8019761F0,0
011474_801A36EE0,0
011474_801A59430,0
011474_801A63330,0
011474_801AC78A0,0
011474_801AE6450,0
011474_801D4EBC0,0
011474_801D783F0,0
011474_801E451E0,0
011474_80201F9B0,0
011474_802320490,0
011474_8023EAA50,0
011474_802450450,0
011474_8024A4BD0,0
011474_80252A910,0
011474_80262B020,0
011474_80275F120,0
011474_802AAF5A0,0
011474_802B26030,0
011474_802C474B0,0
011474_802C559C0,0
011474_802C5B3E0,0
011474_802E6F330,0
011474_802EF2CD0,0
011474_803282F80,0
011474_8032EE3A0,0
011474_8033ABB00,0
011474_8034A4730,0
011474_803713310,0
011474_803A4DDD0,0
011474_803C677F0,0
011474_803C8F230,0
011474_8041B2040,0
011474_8043D1300,0
011474_80449EAD0,0
011474_80498DFE0,0
011474_804AD78A0,0
011474_804DD8D70,0
011474_8051C28D0,0
011474_805220D40,0
011474_8054C32F0,0
011474_805A83510,0
011474_805A88010,0
011474_805B716C0,1
011474_805EE75C0,0
011474_8064F8AC0,0
011474_806A55B70,0
011474_806D98670,0
011474_806EB95F0,0
011474_807426150,0
011474_8079B85F0,0
011474_807AF8DE0,0
011474_8082B0E50,0
011474_8088C4A50,0
011474_808A32010,0
011474_808AE4C60,0
011474_808D5FA30,0
011474_80952CE00,0
011474_809896FF0,0
011474_80A3C4EA0,0
011474_80AAD17A0,0
011474_80ABC68B0,0
011474_80AE06430,0
011474_80AE92DA0,0
011474_80AFADA60,0
011474_80B3A0540,0
011474_80B9676E0,0
011474_80BDD4E90,0
011474_80C562350,0
011474_80C6613F0,0
011474_80C703150,0
011474_80CA2C390,0
011474_80CD89A80,0
011474_80CFFEB50,0
011474_80D03E390,0
011474_80D053050,0
011474_80D7DEC90,0
011474_80D7DEC91,0
011474_80DF57430,0
011474_80DFBB0D0,0
011474_80DFE7800,0
011474_80DFFBC70,0
011474_80F28C990,0
011474_80FE8F780,0
011474_8100A7670,0
011474_811CE2230,0
011474_812475760,0
011474_812C7F150,0
011474_8130596B0,0
011474_814753980,0
0115159_805AF8720,0
0115159_805B1D3F0,0
0115159_805D35610,0
0115159_80601E070,0
0115159_8065F03C0,0
0115159_8066E6180,0
0115159_806786FA0,0
0115159_8067F1310,0
0115159_80695D770,0
0115159_806A3FEE0,0
0115159_806AD1670,0
0115159_806CB9B00,0
0115159_806D0A740,0
0115159_807083340,0
0115159_80710C010,0
0115159_807288630,0
0115159_8072E7220,0
0115159_80788FB20,0
0115159_8079FD1E0,0
0115159_807C93C00,0
0115159_807D350E0,0
0115159_808058CB0,0
0115159_8085706F0,0
0115159_8089870D0,0
0115159_808E096E0,0
0115159_808EB8730,0
0115159_808F05F40,0
0115159_809543850,0
0115159_809A01E60,0
0115159_809C52280,0
0115159_80A0E1740,0
0115159_80A3FBAC0,0
0115159_80A4D2450,0
0115159_80ACA2F90,0
0115159_80B39AD50,0
0115159_80B4D8890,0
0115159_80B8B3C40,0
0115159_80B8C4DC0,0
0115159_80BDA5C80,0
0115159_80C0E2240,0
0115159_80C4EBFD0,0
0115159_80CD062D0,0
0115159_80CD7D110,0
0115159_80CEA8E60,0
0115159_80D4560A0,0
0115159_80D646DA0,0
0115159_80DC75130,0
0115159_80E4BD1F0,0
0115159_80EC6FDC0,0
0115159_80F2A31C0,0
0115159_80F8D3C60,1
0115159_80F965500,0
0115159_810E7C190,0
0115159_811226A30,0
0115159_811A13120,0
0115159_811A39730,0
0115159_811CE3CA0,0
0115159_811EEF1A0,0
0115159_8124511D0,0
0115159_812D3EE40,0
0115159_813330980,0
0115159_813500ED0,0
0115159_8139E5310,0
0115249_805B184D0,0
0115249_805EE4670,0
0115249_8060015B0,0
0115249_8063DBBE0,0
0115249_80675E200,0
0115249_806C2F290,0
0115249_806FEDC70,0
0115249_80726B160,0
0115249_807293340,0
0115249_807592D60,0
0115249_80777BBF0,0
0115249_8077F8B30,0
0115249_807A3A4B0,0
0115249_807AE76C0,0
0115249_807D24E10,0
0115249_807D32130,0
0115249_807D9B6B0,0
0115249_807EAB4B0,0
0115249_80805A3C0,0
0115249_8083E3F50,0
0115249_8087838B0,0
0115249_808BB7C20,0
0115249_808C5CC90,0
0115249_808D35620,0
0115249_808E0BE80,0
0115249_808FC7E80,0
0115249_80C050DD0,0
0115249_80C1A00D0,0
0115249_80C7B7C80,0
0115249_80D493EF0,0
0115249_80D80EF40,0
0115249_80D8A0F50,0
0115249_80DDF0410,0
0115249_80DEE4630,0
0115249_81039B7C0,0
0115249_81122E290,0
0115249_811523EB0,0
0115249_81331DFE0,1
0115249_8135C7DC0,0
0115249_8139DC920,0
0115249_81421B4B0,0
0115359_805BA4290,0
0115359_805BB1F10,0
0115359_805EFFE90,0
0115359_8061E5030,0
0115359_80623EFD0,0
0115359_80625C8C0,0
0115359_80642B6B0,0
0115359_806695EE0,0
0115359_8066D9A70,0
0115359_8066FF8C0,0
0115359_806759510,0
0115359_806A40FF0,0
0115359_806CF0130,0
0115359_806FF83D0,0
0115359_80734F320,0
0115359_807A0EFE0,0
0115359_807DABB60,0
0115359_807DBFA90,0
0115359_807DE0930,0
0115359_807EB8020,0
0115359_80824D940,0
0115359_808758C40,0
0115359_8087E8C80,0
0115359_8088A87A0,0
0115359_808D12790,0
0115359_808E09100,0
0115359_808F21790,0
0115359_808FC9450,0
0115359_80941FB80,0
0115359_809466F50,0
0115359_8097AD470,0
0115359_809C7C950,0
0115359_80A268F50,0
0115359_80A4D9A00,0
0115359_80AE442C0,0
0115359_80B3AF8F0,0
0115359_80B3CFEE0,0
0115359_80B46E4B0,0
0115359_80B4785C0,0
0115359_80BA8EED0,0
0115359_80BB25510,0
0115359_80BDE5520,0
0115359_80BED8190,0
0115359_80C32E520,0
0115359_80C7E60F0,0
0115359_80D15F690,0
0115359_80D44D510,0
0115359_80D4F54B0,0
0115359_80D739960,0
0115359_80D76BA10,0
0115359_80DEE7B00,0
0115359_80DFDD5E0,0
0115359_80E121C00,0
0115359_80E1F5000,0
0115359_80E382A10,0
0115359_80E6144C0,0
0115359_80EB8A6D0,0
0115359_80F2B2230,0
0115359_80FE9A4E0,0
0115359_8105BEC70,0
0115359_810B0EBE0,0
0115359_812E8E1A0,0
0115359_812EB4890,0
0115359_813036B00,0
0115359_8132D7C50,0
0115359_813514050,0
0115359_813D75FC0,0
0115359_814199D80,0
0115363_805B3A310,0
0115363_805DD2440,0
0115363_80642CB50,0
0115363_8066C8DF0,0
0115363_806A3E660,0
0115363_806A68AC0,0
0115363_806D4CEC0,0
0115363_806F1F0C0,0
0115363_807A7F6F0,0
0115363_807DA6B70,0
0115363_808201030,0
0115363_80824F7D0,0
0115363_8082E6FA0,0
0115363_808D69D60,0
0115363_808E81B70,0
0115363_809F99760,0
0115363_80A06F190,0
0115363_80A7BEAF0,0
0115363_80AB17DC0,0
0115363_80AB31C60,0
0115363_80C297B40,0
0115363_80C53F400,0
0115363_80D60FE00,0
0115363_80D778540,0
0115363_80DA73350,0
0115363_80E1B6110,0
0115363_80E1F3380,0
0115363_80E330290,0
0115363_80F6FFDA0,0
0115363_80F8EA8A0,0
0115363_80FE4C110,0
0115363_8104B8760,0
0115363_811C9D550,0
0115363_811E1ED50,0
0115363_811F5AC70,0
0115363_812803B40,0
0115363_812A60600,0
0115363_81327AF60,0
0115363_8135137D0,0
0115363_8139F6ED0,0
0115363_813A63BA0,0
0115415_806931DC0,0
0115415_80697AAB0,0
0115415_806C0D640,0
0115415_807748180,0
0115415_8077F4BB0,0
0115415_80782FFE0,0
0115415_807B5EEE0,0
0115415_807BAE830,0
0115415_807D04F10,0
0115415_808085AB0,0
0115415_808534860,0
0115415_80939E1A0,0
0115415_80A66F3C0,0
0115415_80ABEC610,0
0115415_80B521BC0,0
0115415_80B5A8D00,0
0115415_80B62B1D0,0
0115415_80B921AF0,0
0115415_80BB61A90,0
0115415_80BC89C30,0
0115415_80BFAFE40,0
0115415_80C0CBDA0,0
0115415_80C54BE40,0
0115415_80DECA4D0,0
0115415_80EB162A0,0
0115415_80F8D14A0,0
0115415_810302810,0
0115415_810586450,0
0115415_811041E20,0
0115415_811D1AB90,0
0115415_8120DACD0,0
0115415_8126E0E70,0
0115656_80641B760,0
0115656_80651E880,0
0115656_8068A5C70,0
0115656_8074532F0,0
0115656_8077945C0,0
0115656_807822D40,0
0115656_8078CEC70,0
0115656_8080B7EF0,0
0115656_8085B9980,0
0115656_80898EB30,0
0115656_808F9FF40,0
0115656_809425B70,0
0115656_80943E550,0
0115656_80AB88450,0
0115656_80ABD2A10,0
0115656_80ACB5FA0,0
0115656_80B50EF20,0
0115656_80BA95550,0
0115656_80BAD3470,0
0115656_80C229290,0
0115656_80C845AE0,0
0115656_80DF913A0,0
0115656_80ED3A7B0,0
0115656_80F51D910,0
0115656_80FBA2D40,0
0115656_8104A7EE0,0
0115656_8115F43C0,0
0115656_8124FDF50,0
0115656_812737CE0,0
0115700_805DD8660,0
0115700_80678A1C0,0
0115700_8069705F0,0
0115700_806E84F00,0
0115700_806FDA270,0
0115700_8070E4680,0
0115700_80721C940,0
0115700_80730A770,0
0115700_8073E61E0,0
0115700_807D1E1A0,0
0115700_807D55640,0
0115700_807D82420,0
0115700_8088B3C40,0
0115700_8089EF5A0,0
0115700_808B203C0,0
0115700_80A368790,0
0115700_80AB52340,0
0115700_80ABC5050,0
0115700_80ACD9A70,0
0115700_80AE5DE50,0
0115700_80B22CEA0,0
0115700_80B3E96E0,0
0115700_80BF60520,0
0115700_80C137D80,0
0115700_80C3648C0,0
0115700_80C3E4570,0
0115700_80C6ED000,0
0115700_80C7F6D70,0
0115700_80CFA4D90,0
0115700_80DA74A10,0
0115700_80DBD1FD0,0
0115700_80E3C7D30,0
0115700_80E58EE60,0
0115700_80E66AAB0,0
0115700_80E75C800,0
0115700_80ED4E2F0,0
0115700_80F3E8EB0,0
0115700_80FE9B4F0,0
0115700_8102E2580,0
0115700_8107A27B0,0
0115700_810C69F50,0
0115700_8110E5B70,0
0115700_811E26AE0,0
0115700_811E33090,0
0115700_8124450C0,0
0115700_812B77290,0
0115700_813123200,0
0115700_8131B4610,0
0115700_81379B270,0
0115700_8138CF340,0
0115700_8139FB360,0
0115700_813AB5B10,0
0115700_813AE8F00,0
0115700_81479F440,0
0115915_805ECC280,0
0115915_805FA9510,0
0115915_806021AC0,0
0115915_80683C120,0
0115915_806987400,0
0115915_806B92500,0
0115915_806CF2B50,0
0115915_80722ACF0,0
0115915_80734B850,0
0115915_8074683F0,0
0115915_80779B950,0
0115915_807CB7BF0,0
0115915_807DCC270,0
0115915_808181390,0
0115915_8088835E0,0
0115915_8088AA530,0
0115915_808EA8600,0
0115915_808F09DD0,0
0115915_80920D8F0,0
0115915_809442860,0
0115915_8097AAE90,0
0115915_8098EE200,0
0115915_809AE8EF0,0
0115915_809BBDDB0,0
0115915_809FFCBE0,0
0115915_80A3B55E0,0
0115915_80A62CF80,0
0115915_80A701BE0,0
0115915_80A832050,0
0115915_80ACE8580,0
0115915_80AE9E7D0,0
0115915_80AF72C00,0
0115915_80B6F85E0,0
0115915_80B896380,0
0115915_80BFCD930,0
0115915_80C2AED10,0
0115915_80C43CF90,0
0115915_80C829F50,0
0115915_80D065B80,0
0115915_80D3D93F0,0
0115915_80DD2FA40,0
0115915_80DD77B20,0
0115915_80DFAE6C0,0
0115915_80E266AA0,0
0115915_80ECBB0D0,0
0115915_80EEB2C30,0
0115915_80F904DA0,0
0115915_810EA2DD0,0
0115915_811CC99A0,0
0115915_811DE7FB0,0
0115915_81260E550,0
0115915_812EFA970,0
0115915_8133ED6E0,0
0115915_8135BBB10,0
0115976_801BCC7D0,0
0115976_805B5F770,0
0115976_806784A90,0
0115976_80680EC10,0
0115976_8068CE560,0
0115976_806991780,0
0115976_80745C700,0
0115976_80745DA00,0
0115976_80792DDC0,0
0115976_807A5EF70,0
0115976_807B15B10,0
0115976_807F269C0,0
0115976_8082FDA40,0
0115976_808AFE600,0
0115976_808F14FA0,0
0115976_808FFBF40,0
0115976_80909A910,0
0115976_809B8E000,0
0115976_80B64C020,0
0115976_80C8F10D0,0
0115976_80D22A3F0,0
0115976_80DA90140,0
0115976_80DC5DDA0,0
0115976_80DF01780,0
0115976_80E390B00,0
0115976_80E794A60,0
0115976_80ECC8C00,0
0115976_80F7DE2D0,0
0115976_810E392D0,0
0115976_810FEB4E0,0
0115976_81129F590,0
0115976_8130B91B0,0
0116214_80625B770,0
0116214_806318D50,0
0116214_8067C9C90,0
0116214_8068AC570,0
0116214_806A50F60,0
0116214_806C12220,0
0116214_806CB5430,0
0116214_807A293D0,0
0116214_807F780D0,0
0116214_808058860,0
0116214_8082DD2E0,0
0116214_8086C22C0,0
0116214_808A39230,0
0116214_808EAF3F0,0
0116214_80909A230,0
0116214_8099F46C0,0
0116214_809F15E10,0
0116214_80A587CF0,0
0116214_80AACF560,0
0116214_80AE084E0,0
0116214_80B033720,0
0116214_80B392930,0
0116214_80B3BFD30,0
0116214_80B55AC70,0
0116214_80B783790,0
0116214_80BB1C800,0
0116214_80BF9CF10,0
0116214_80C064510,0
0116214_80C2843F0,0
0116214_80C61C610,0
0116214_80C8403A0,0
0116214_80CD829F0,1
0116214_80CEFC070,0
0116214_80CFFEA10,0
0116214_80D0CC2A0,0
0116214_80D264990,0
0116214_80D30BC90,0
0116214_80DAB3870,0
0116214_80E044B20,0
0116214_80E1E25A0,0
0116214_80E384E80,0
0116214_80E3DD550,0
0116214_80E4A7510,0
0116214_80E5EB9B0,0
0116214_80EDB18D0,0
0116214_80F2FB250,0
0116214_80FA67480,0
0116214_80FCB7F50,0
0116214_810270230,0
0116214_810D9A350,0
0116214_811059B90,0
0116214_81149A0E0,0
0116214_812BBB760,0
0116214_812D47D90,0
0116214_813629BC0,0
0116214_81382F900,0
011657_800510620,0
011657_8009D6850,0
011657_8009E92F0,0
011657_8009E9C60,0
011657_800A670D0,0
011657_800B4C7F0,0
011657_800B5F770,0
011657_800B844B0,0
011657_800B9A510,0
011657_800BA26A0,0
011657_800C6C7A0,0
011657_800C74670,0
011657_800C75760,0
011657_800C75DC0,0
011657_800C778E0,0
011657_800CA8440,0
011657_800D60A80,0
011657_800D75540,0
011657_800D87230,0
011657_800DA58B0,0
011657_800DE0440,0
011657_800E393D0,0
011657_800E3A420,0
011657_800E4E700,0
011657_800E542C0,0
011657_800EB9440,0
011657_800EC6FA0,0
011657_800ECAC50,0
011657_800FCE480,0
011657_800FD6B00,1
011657_800FDE180,0
011657_800FE0620,0
011657_801022330,0
011657_80103FCC0,0
011657_8010466E0,0
011657_801063280,0
011657_8010AACC0,0
011657_801143BE0,0
011657_80149C360,0
011657_8014B5050,0
011657_8014FD7B0,0
011657_80150F600,0
011657_8015140C0,0
011657_80151A740,0
011657_8016802B0,0
011657_8019B9E50,0
011657_801AED470,0
011657_801AF6640,0
011657_801B94C50,0
011657_801B9D380,0
011657_801E26A00,0
011657_801E32F30,0
011657_801F07530,0
011657_801F18060,0
011657_801F2AE90,1
011657_801F97C50,0
011657_801F99A90,0
011657_801FDDF40,0
011657_802047720,0
011657_8020791A0,0
011657_802081060,0
011657_80217DA20,0
011657_802182FD0,0
011657_8021A2A10,0
011657_8021BF620,0
011657_8021C23A0,0
011657_80233F9C0,0
011657_8023A4B00,0
011657_802541FF0,0
011657_80268DE00,0
011657_802692ED0,0
011657_8028AC9C0,0
011657_802D0A620,0
011657_802D41E40,0
011657_802EB1870,0
011657_80312CF50,0
011657_8031BD260,0
011657_803227210,0
011657_8033D7580,0
011657_8033D9270,0
011657_8034FBD90,0
011657_80355C460,0
011657_803BCA9B0,0
011657_803EA9A80,0
011657_8041AD890,0
011657_8041EC370,0
011657_8042B0EE0,0
011657_804931950,0
011657_804E94340,0
011657_8056D21E0,0
011657_8056D9260,0
011657_805846D50,0
011657_80632CB80,0
011657_806518BF0,0
011657_806518D90,0
011657_8067F03E0,0
011657_80697C9D0,0
011657_806CBDD50,0
011657_8077625F0,0
011657_8078BC050,0
011657_807ADA900,0
011657_807BDF940,0
011657_807D7C640,0
011657_808171160,0
011657_8088E2E00,0
011657_808D0BA30,0
011657_809410050,0
011657_809776BF0,0
011657_80A1AB6A0,0
011657_80AEB9A20,0
011657_80B351B90,0
011657_80B53BA80,0
011657_80B5F05D0,0
011657_80B977EE0,0
011657_80C8E4F00,0
011657_80E428530,0
011657_80E69EFE0,0
011657_810738BF0,0
011657_810B6DA90,0
011657_811015640,0
011657_81196DDB0,0
011657_81242E2F0,0
011657_812789E30,0
011657_812E52250,0
0116715_806629970,0
0116715_8069E1500,0
0116715_806A8A7E0,0
0116715_806FBEF80,0
0116715_8079F45D0,0
0116715_807A3B940,0
0116715_807B94C00,0
0116715_807CD24B0,0
0116715_807D3F250,0
0116715_80805EE80,0
0116715_8081DFBF0,0
0116715_8082F33C0,0
0116715_8084FA140,0
0116715_808BA2D90,0
0116715_808BD8BA0,0
0116715_808EB3090,0
0116715_80991CC00,0
0116715_80992D8D0,0
0116715_809BB38E0,0
0116715_809CD62F0,0
0116715_809E76670,0
0116715_80A32F260,0
0116715_80A38F960,0
0116715_80AE33930,0
0116715_80B40E280,0
0116715_80B461450,0
0116715_80B473CC0,0
0116715_80B8199E0,0
0116715_80B8B31D0,0
0116715_80BA67EE0,0
0116715_80BC149F0,0
0116715_80BDAD3A0,0
0116715_80BDEA2A0,0
0116715_80BECE0F0,0
0116715_80C323F60,0
0116715_80C7AD380,0
0116715_80D515660,0
0116715_80D7AAF50,0
0116715_80DF3F2E0,0
0116715_80E7A09F0,0
0116715_80EAD0E10,0
0116715_8100AEA00,0
0116715_8111AF440,0
0116715_811789420,0
0116715_811EB0860,0
0116715_811F7EA40,0
0116715_8126DF730,0
0116715_812AC31C0,0
0116715_8130CCBC0,0
0116715_81368A6D0,0
0116715_813956900,0
0116715_813F03810,0
0116715_81437E940,0
0116781_806F36DC0,0
0116845_8063E7790,0
0116845_8064EA450,0
0116845_806E4AF30,0
0116845_80728AED0,0
0116845_8072E0730,0
0116845_8075F9C80,0
0116845_8079C83E0,0
0116845_807A27CC0,0
0116845_807DA7750,0
0116845_807F01CF0,0
0116845_8082344F0,0
0116845_80872A160,0
0116845_808937E00,0
0116845_8094A04E0,0
0116845_809B1DBB0,0
0116845_80A06EB70,0
0116845_80A570EF0,0
0116845_80ACD5120,0
0116845_80ACE3940,0
0116845_80AE712C0,0
0116845_80BB3B120,0
0116845_80BE97A50,0
0116845_80BFF73D0,0
0116845_80CF02E80,0
0116845_80D50A950,0
0116845_80DBC9670,0
0116845_80E3C8C20,0
0116845_80EC4F240,0
0116845_80FE33F50,0
0116845_8103953F0,0
0116845_8105C2A80,0
0116845_811130E40,0
0116845_8111FAF30,0
0116845_8121F4660,0
0116845_812D305D0,0
0116845_81312C440,0
0116845_813C6B9C0,0
0117299_80662D2F0,0
0117299_806638CA0,0
0117299_80667F6C0,0
0117299_806984FF0,0
0117299_806FDCA80,0
0117299_806FDFB30,0
0117299_807084550,0
0117299_8072FF9A0,0
0117299_807BD29B0,0
0117299_807DA2370,0
0117299_8088F1820,0
0117299_808DE9C40,0
0117299_809392660,0
0117299_8099F0770,0
0117299_809A759B0,0
0117299_809B0CFA0,0
0117299_809B71730,0
0117299_809C0EED0,0
0117299_80A8DB680,0
0117299_80B4BB330,0
0117299_80B6EA560,0
0117299_80B797DA0,0
0117299_80B8DFD80,0
0117299_80BACC220,0
0117299_80BE0DD50,0
0117299_80C133400,0
0117299_80C327190,0
0117299_80C3B4480,0
0117299_80C669570,0
0117299_80D0F3C70,0
0117299_80D136520,0
0117299_80D21C100,0
0117299_80D33C8A0,0
0117299_80D5B0450,0
0117299_80E1F1D30,0
0117299_80E4A3220,0
0117299_80EEAD1A0,0
0117299_80FB16910,0
0117299_80FED5B30,0
0117299_80FED87E0,0
0117299_810AFA2A0,0
0117299_810C0C8E0,0
0117299_810CBD830,0
0117299_8129281B0,0
0117299_813CAB400,0
0117299_8143B0D90,0
0117453_806731290,0
0117453_8067D3020,0
0117453_806B57570,0
0117453_806CDBEE0,0
0117453_807952850,0
0117453_807C9CC90,0
0117453_807D3DEE0,0
0117453_80887AC50,1
0117453_808984960,0
0117453_808BA1EB0,0
0117453_809529AE0,0
0117453_80979EC70,0
0117453_809C78CC0,0
0117453_80AB71F80,0
0117453_80AD785E0,0
0117453_80B6AB780,0
0117453_80C661790,0
0117453_80C6B5240,0
0117453_80D09B4C0,0
0117453_80D4CA3A0,0
0117453_80D7C5670,0
0117453_80D919160,0
0117453_80DCA8B70,0
0117453_80DD0F390,0
0117453_80E14F040,0
0117453_80E1DBEA0,0
0117453_810582720,0
0117453_810F034A0,0
0117453_811A44F70,0
0117453_8124CD340,0
0117453_812AA31D0,0
0117453_812ED76F0,0
0117453_813BC6130,0
0117660_8068DFF90,0
0117660_8069B5500,0
0117660_80719BF60,0
0117660_807938A40,0
0117660_8079636B0,0
0117660_807A4FE80,0
0117660_807A8B1A0,0
0117660_807B0E940,0
0117660_807CD70F0,0
0117660_8081CCFD0,0
0117660_808AFDCF0,0
0117660_809370680,0
0117660_8093B63A0,0
0117660_809424BD0,0
0117660_809557130,0
0117660_80A661DA0,0
0117660_80ACB3F10,0
0117660_80B6780E0,0
0117660_80B9CF120,0
0117660_80BC0E7A0,0
0117660_80D23BF90,0
0117660_80DDE3390,0
0117660_80DE24710,0
0117660_80E0C7B50,0
0117660_80E2757C0,0
0117660_80E2E8270,0
0117660_80FBAF710,0
0117660_81163F9C0,0
0117660_811AA2530,0
0117660_8130E99A0,0
0117660_81326B890,0
0117698_801F5B3F0,0
0117698_802C50680,0
0117698_8036AE580,0
0117698_8068DA210,0
0117698_8072D4AB0,0
0117698_8075F52F0,0
0117698_80764A0B0,0
0117698_807749BB0,0
0117698_807749C00,0
0117698_8078DE840,0
0117698_8078E6F70,0
0117698_8079C1FE0,0
0117698_807AC1190,0
0117698_807B5C3D0,0
0117698_808009F00,0
0117698_8088D43A0,0
0117698_808902530,0
0117698_809788930,0
0117698_809B6E510,0
0117698_80A32A120,0
0117698_80B429590,0
0117698_80B500AB0,0
0117698_80B61A220,0
0117698_80B7FCE40,0
0117698_80B975DE0,0
0117698_80B9DF1A0,0
0117698_80BCF7570,0
0117698_80C233E30,0
0117698_80C793F90,0
0117698_80D4B5530,0
0117698_80D8F25A0,0
0117698_80DE4FA60,0
0117698_80E2737D0,0
0117698_8114C9990,0
0117698_8115EDF80,0
0117698_811738470,0
0117698_811ACF060,0
0117698_8126FB980,0
0117698_8131926A0,0
0117698_8144FAB00,0
0117733_806820270,0
0117733_8068A4530,0
0117733_806960870,0
0117733_806A32C30,0
0117733_806D3E720,0
0117733_807747930,0
0117733_8077B2270,0
0117733_80792C340,0
0117733_807976230,0
0117733_8079AE7F0,0
0117733_807B43F40,0
0117733_807D03CF0,0
0117733_808C47320,0
0117733_808C47321,0
0117733_8098853A0,0
0117733_80A0BAF50,0
0117733_80A1CA440,0
0117733_80AA0AB40,0
0117733_80ABA6700,0
0117733_80AF370F0,0
0117733_80B4E10B0,0
0117733_80B5BE220,0
0117733_80B63A2A0,0
0117733_80BAECFD0,0
0117733_80C28A940,0
0117733_80D1E4B40,0
0117733_80D2916B0,0
0117733_80D529EC0,0
0117733_80DCEA8D0,0
0117733_80E5EDFF0,0
0117733_80E73B030,0
0117733_810720560,0
0117733_81107B500,0
0117733_811B01DE0,0
0117733_811F96480,0
0117907_8070BF790,0
0117907_80732D170,0
0117907_807749630,0
0117907_807749680,0
0117907_807826AF0,0
0117907_807843580,0
0117907_807866DD0,0
0117907_8078BB6A0,0
0117907_80791FDC0,0
0117907_807A47710,0
0117907_807B00B80,0
0117907_807B13310,0
0117907_808F1D490,0
0117907_8091F4F00,0
0117907_809767050,0
0117907_80A0D05F0,0
0117907_80A668060,0
0117907_80A78AAE0,0
0117907_80ABE2750,0
0117907_80AFED720,0
0117907_80B62CA30,0
0117907_80B64F330,0
0117907_80B8468E0,0
0117907_80B923C70,0
0117907_80BA729E0,0
0117907_80BF44DB0,0
0117907_80C8ACFF0,0
0117907_80DE0C1E0,0
0117907_80DF0BCD0,0
0117907_80E4E1F00,0
0117907_80EEAF710,0
0117907_80EFE4410,0
0117907_8100A9360,0
0117907_810285000,0
0117907_8105978F0,0
0117907_81096B7B0,0
0117907_810F92A70,0
0117907_8113D2790,0
0117907_8118F4CE0,0
0117907_811AA84F0,0
0117907_811AD6EC0,0
0117907_812122300,0
0117907_812160A70,0
0117907_812228E40,0
0117907_8124F26C0,0
0117907_8126FC040,0
0117999_806AC72F0,0
0117999_807644AF0,0
0117999_807764760,0
0117999_8078565E0,0
0117999_80795AFA0,0
0117999_808034520,0
0117999_80811C4F0,0
0117999_808D66A40,0
0117999_8093959B0,0
0117999_80AAF6520,0
0117999_80AB44980,0
0117999_80AB47EC0,0
0117999_80ABD5DE0,0
0117999_80B9A9970,0
0117999_80BA196A0,0
0117999_80BB93FE0,0
0117999_80E03AA90,0
0117999_80E08CFA0,0
0117999_80E3A3D10,0
0117999_80FB9AF40,0
0117999_810E1CDB0,0
0117999_810FBB1C0,0
0117999_810FED920,0
0117999_8110284C0,0
0117999_813FDDDB0,0
011813_800A8E7B0,0
011813_800ACABE0,0
011813_800B0DBA0,0
011813_800BE5930,0
011813_800C0DD10,0
011813_800C216A0,0
011813_800C9D690,0
011813_800CAEC60,0
011813_800CC6DE0,0
011813_800CCEF20,0
011813_800D0F970,1
011813_800D280B0,0
011813_800D2E3F0,0
011813_800DCC920,0
011813_800EC1480,0
011813_800F22880,0
011813_800F609E0,0
011813_800F66260,0
011813_800FC1650,0
011813_80100D440,0
011813_8010DBE00,0
011813_8011305D0,0
011813_80116AB90,0
011813_8011757C0,0
011813_801229D90,0
011813_8012894E0,0
011813_8012DE0F0,0
011813_801317E30,0
011813_801347310,0
011813_801376750,0
011813_801391580,0
011813_801417F70,0
011813_801486630,0
011813_801532950,0
011813_8015BA480,0
011813_801646480,0
011813_801650530,0
011813_8016F2E10,0
011813_8017088B0,0
011813_80175ABC0,0
011813_80177C840,0
011813_80188B450,0
011813_80197CED0,0
011813_8019AC410,0
011813_801A5FB40,0
011813_801D23DA0,0
011813_801DBB910,0
011813_802009430,0
011813_8021D8410,0
011813_8022600E0,0
011813_802277A30,0
011813_8023DBEF0,0
011813_80246E120,0
011813_80294BF30,0
011813_802B2F290,0
011813_802BC1570,0
011813_802BDC010,0
011813_802CAC860,0
011813_802E2AC80,0
011813_802E2EA50,0
011813_802EAFB20,0
011813_802FA7500,0
011813_8030B9120,0
011813_8032EE020,0
011813_80342A640,0
011813_80344F540,0
011813_80364BE80,0
011813_803ACC5E0,0
011813_803D789F0,0
011813_80421E070,0
011813_8045CDB60,0
011813_8047EF390,0
011813_804836FA0,0
011813_804B3E810,0
011813_804DBF0A0,0
011813_804EE3BC0,0
011813_804F5F860,0
011813_805156EB0,0
011813_80519B470,0
011813_8055C83E0,0
011813_805ADA8B0,0
011813_805B15380,0
011813_805BA5D10,0
011813_805FF6610,0
011813_8066F3160,0
011813_806716880,0
011813_806774AA0,0
011813_806776AA0,0
011813_806862A60,0
011813_806B93860,0
011813_806DEDCC0,0
011813_807544A60,0
011813_80755C0C0,0
011813_8075C5B80,0
011813_807812BA0,0
011813_80785DD20,0
011813_807A640A0,0
011813_808253C80,0
011813_80852EA60,0
011813_80854BBC0,0
011813_80855B9D0,0
011813_808818D80,0
011813_80887A790,0
011813_808981730,0
011813_808E80FF0,0
011813_808F9D190,0
011813_8097AA5C0,0
011813_809B79DF0,0
011813_80A56CF80,0
011813_80A6C1950,0
011813_80AD76C60,0
011813_80B004EB0,0
011813_80BE68BB0,0
011813_80C133D30,0
011813_80D12D6B0,0
011813_80D14E500,0
011813_80D921630,0
011813_80DE6C890,0
011813_80E119380,0
011813_80EEFE760,0
011813_80F290F90,0
011813_80F383590,0
011813_80F91C360,0
011813_80FCB9520,0
011813_810470140,0
011813_8106568C0,0
011813_8108691A0,0
011813_811E0A500,0
011813_8130F6D80,0
011813_8133803C0,0
011813_81352A500,0
011813_81396B640,0
0118453_806C6D6D0,0
0118453_80730C880,0
0118453_807332AD0,0
0118453_807872F90,0
0118453_807AE7C60,0
0118453_807D77580,0
0118453_807EB2280,0
0118453_8082E2FE0,0
0118453_80854CF10,0
0118453_808581440,0
0118453_80897F160,0
0118453_8089806B0,0
0118453_808BD5C30,0
0118453_808FBF8E0,0
0118453_8091CE260,0
0118453_8091D63A0,0
0118453_809C5C9E0,0
0118453_809C80140,0
0118453_809FE9C60,0
0118453_80A16B640,0
0118453_80A375E90,0
0118453_80A3F0CB0,0
0118453_80AACF2D0,0
0118453_80B8D0F90,0
0118453_80B9B1C70,0
0118453_80BC302B0,0
0118453_80BECBE30,0
0118453_80BFBCB70,0
0118453_80C09E040,0
0118453_80C0B6D00,0
0118453_80D4062F0,0
0118453_80D9315A0,0
0118453_80DA57700,0
0118453_80DEB9A30,0
0118453_80E161E90,0
0118453_80ECE2670,0
0118453_80EDAA1C0,0
0118453_811138960,0
0118453_8112508F0,0
0118453_811D39DD0,0
0118453_812F2AC20,0
0118453_81391E8E0,0
0118453_8144A5D40,0
011852_800740FC0,0
011852_800AAD9F0,0
011852_800AE50F0,0
011852_800AEBA90,1
011852_800B4C5A0,0
011852_800B7DA50,0
011852_800C79500,0
011852_800D78BC0,0
011852_800D80AF0,0
011852_800D94D90,0
011852_800DC4740,0
011852_800E11390,0
011852_800E3F5A0,0
011852_800E45DB0,0
011852_800E68360,0
011852_800E7B360,0
011852_800ECE840,0
011852_800EF1060,0
011852_800F0CE50,0
011852_800F8E150,0
011852_801026FA0,0
011852_801057B60,0
011852_801079B80,0
011852_8011000F0,0
011852_80114DAB0,0
011852_80117E5C0,0
011852_8011D29D0,0
011852_801203780,0
011852_80124F4D0,0
011852_80132F5E0,0
011852_80132FBA0,0
011852_80135DC00,0
011852_8013B9370,0
011852_801403C10,0
011852_801423C50,0
011852_801478530,0
011852_8014D27F0,0
011852_801502870,0
011852_801597C90,0
011852_8015AF270,0
011852_80160AE10,0
011852_801638830,0
011852_801673D80,0
011852_8016777F0,0
011852_8016C6490,0
011852_80185B5E0,0
011852_801865EC0,0
011852_8018C8E20,0
011852_8018CBFB0,0
011852_8018E0470,0
011852_8018FA4B0,0
011852_801957D30,0
011852_801A28300,0
011852_801A79520,0
011852_801AA2300,0
011852_801C70230,0
011852_801DBAE20,0
011852_801DCE5D0,0
011852_801F2B020,0
011852_801F51CF0,0
011852_801F57980,0
011852_8024FDBC0,0
011852_802541760,0
011852_8025B0270,0
011852_8025FF270,0
011852_8026134A0,0
011852_802634EF0,0
011852_8026F6870,0
011852_802714B00,0
011852_80288D0B0,0
011852_8029068F0,0
011852_80296ECE0,0
011852_802DC17A0,0
011852_802DE13E0,0
011852_802E59890,0
011852_802F5D410,0
011852_802FA37E0,0
011852_803229AA0,0
011852_803355650,0
011852_803568AF0,0
011852_8037B5820,0
011852_803A68320,0
011852_803BA0E00,0
011852_803BCB2B0,0
011852_803C05F90,0
011852_803EA4890,0
011852_8040B67B0,0
011852_80434B560,0
011852_80461D8B0,0
011852_80492FFE0,0
011852_805279B10,0
011852_8052F9250,0
011852_805560B00,0
011852_80582CC00,0
011852_805FA43F0,0
011852_80637F5F0,0
011852_806823290,0
011852_8077CEDC0,0
011852_8078B3D80,0
011852_807CACA90,0
011852_807CC1530,0
011852_807F32950,0
011852_808216D30,0
011852_808237D40,0
011852_8084BB300,0
011852_8085BB940,0
011852_8088CF6C0,0
011852_809FED6A0,0
011852_80A50D440,0
011852_80A534110,0
011852_80B5A82B0,0
011852_80BB88AF0,0
011852_80D4981A0,0
011852_80E369100,0
011852_80EC0B8A0,0
011852_810B2E090,0
011852_810D8DCD0,0
011852_810FE9610,0
011852_811732710,0
011852_811B0F930,0
011852_811D401E0,0
011852_81223C3E0,0
011852_81242F9E0,0
011852_814965700,0
011904_8009BE780,0
011904_800B18250,0
011904_800BB1FD0,0
011904_800BE86C0,0
011904_800BFB4B0,0
011904_800C99B30,0
011904_800CCD000,0
011904_800CE3930,0
011904_800D6F840,0
011904_800DB8320,0
011904_800DFAA80,0
011904_800E3DD60,0
011904_800E734F0,0
011904_800F54220,0
011904_800F5D790,0
011904_800F6BCF0,0
011904_800FFB1E0,0
011904_801097EB0,0
011904_8010A8E30,0
011904_8010DC260,0
011904_80115EF20,0
011904_801287800,0
011904_801291DE0,0
011904_8012E7F50,0
011904_8012ED370,0
011904_8015F8C90,0
011904_801606130,0
011904_801641F60,0
011904_801662520,0
011904_8016BC320,0
011904_8016D59A0,0
011904_8016FF5B0,0
011904_801718B70,0
011904_80171D0C0,0
011904_8017A8630,0
011904_801885E60,0
011904_8018A2C80,0
011904_801914FD0,0
011904_801954920,0
011904_801A62110,0
011904_801B740B0,0
011904_801BB07D0,0
011904_801E9EB70,0
011904_801F60000,0
011904_801F7E8A0,0
011904_8020CFD40,0
011904_80227FA00,0
011904_8022DA380,0
011904_8023F88F0,0
011904_8025817D0,0
011904_80258B100,0
011904_8026CAB60,0
011904_80275F900,0
011904_802982B30,0
011904_802AC4970,0
011904_802B2DA40,0
011904_802C7EF90,0
011904_802D817C0,0
011904_803172400,0
011904_8031EE9A0,0
011904_8032E5B90,0
011904_8033200B0,0
011904_80338C5C0,0
011904_80378CDA0,0
011904_80378D1F0,0
011904_80385B8D0,0
011904_803A25F60,0
011904_803A295C0,0
011904_803BCC820,0
011904_803C757D0,0
011904_803E3A5E0,0
011904_8043D6330,0
011904_8048436A0,0
011904_804972510,0
011904_804DC6810,0
011904_8053EDCF0,0
011904_8058BD350,0
011904_805DCF1A0,0
011904_806474F00,0
011904_806AD0380,0
011904_806B74810,0
011904_806C73A20,0
011904_806D1D0E0,0
011904_8075BD2F0,0
011904_807A1F480,0
011904_807EC25C0,0
011904_807F0B580,0
011904_8088A9360,0
011904_808A4E220,0
011904_80948FCC0,0
011904_809DD19C0,0
011904_80A02CC50,0
011904_80A059840,0
011904_80AB678A0,0
011904_80AECB910,0
011904_80AEEB690,0
011904_80B68EB30,0
011904_80B6C4D90,0
011904_80BBC79B0,0
011904_80C540A10,0
011904_80C762F00,0
011904_80CD8D300,0
011904_80D337C30,0
011904_80DA6DB50,0
011904_80DEE31A0,0
011904_80DFA1FD0,0
011904_80E3A04D0,0
011904_80E444AA0,0
011904_80F3552A0,0
011904_810438B20,0
011904_8105067F0,0
011904_810842470,0
011904_810C09030,0
011904_810D07FE0,0
011904_810DF2430,0
011904_8111AEB20,0
011904_811476290,0
011904_81197B0B0,0
011904_812416D50,0
011904_812A2DA20,0
011904_812A4E7D0,0
011904_81323F6F0,0
011904_81328BDA0,0
011904_813932360,0
011904_8143AF420,0
011974_800BDD970,0
011974_800BE60D0,0
011974_800C0D0C0,0
011974_800C35760,0
011974_800C365B0,0
011974_800C4E200,0
011974_800CD5840,0
011974_800D975D0,0
011974_800DB4CF0,0
011974_800DDCBF0,0
011974_800DF7C90,0
011974_800E81FE0,0
011974_800EA1D60,0
011974_800FB4A50,0
011974_8010AE030,0
011974_80112A7C0,0
011974_8011684A0,0
011974_8011A6750,0
011974_8011EA140,0
011974_801264F70,0
011974_801285440,0
011974_8012E8510,0
011974_80132C6F0,0
011974_801336650,0
011974_8013830B0,0
011974_8013DE250,0
011974_80148F1C0,0
011974_8014D50E0,0
011974_8016A92F0,0
011974_8017EB060,0
011974_8017EE3C0,0
011974_80186EE20,0
011974_8018AD8F0,0
011974_8019AB2E0,0
011974_8019B3C60,0
011974_8019B5ED0,0
011974_801A24280,0
011974_801A5EFB0,0
011974_801A6EBA0,0
011974_801BB89D0,0
011974_801D6B0A0,0
011974_801DCA650,0
011974_801E535B0,0
011974_8021BA7C0,0
011974_802202F00,0
011974_8023F82D0,0
011974_80247A560,0
011974_802604020,0
011974_80275CED0,0
011974_80285E610,0
011974_8028913C0,0
011974_8028C6ED0,0
011974_8028F4650,0
011974_80297AD40,0
011974_8029F47D0,0
011974_802A43BB0,0
011974_802AC3EE0,0
011974_802AE5BD0,0
011974_802AE8380,0
011974_802C38840,0
011974_802D81490,0
011974_802E700A0,0
011974_803283150,0
011974_8032A88C0,0
011974_8032AB180,0
011974_8032D4E70,0
011974_8038BA4A0,0
011974_803C66270,0
011974_803C71B00,0
011974_803D5CCF0,0
011974_803EDECC0,0
011974_8040717C0,0
011974_8040B1E90,0
011974_8042B55B0,0
011974_804525B70,0
011974_804870280,0
011974_804E90900,0
011974_804FB6240,0
011974_80522FD80,0
011974_8054BED00,0
011974_805837910,0
011974_8059E23F0,0
011974_805A739A0,0
011974_805BE2700,0
011974_80620B120,0
011974_80668C500,0
011974_806721360,0
011974_806C71130,0
011974_807804EF0,0
011974_807CAEB80,0
011974_807DA64B0,0
011974_807DA6690,0
011974_80808D220,0
011974_80820F410,0
011974_808C213C0,0
011974_808D4D9D0,0
011974_808FEE3E0,0
011974_8096460C0,0
011974_809F0E000,0
011974_80A8F9CA0,0
011974_80AE2FBC0,0
011974_80B2F57A0,0
011974_80B820420,0
011974_80BDB3D40,0
011974_80BE1C010,0
011974_80C7AE3D0,0
011974_80C7FB160,0
011974_80D1C4360,0
011974_80D6796E0,0
011974_80DBCFF60,0
011974_80DCB5D60,0
011974_80DEA57F0,0
011974_80DF18EC0,0
011974_80DF5B200,0
011974_80E069A10,0
011974_80E387130,0
011974_80EA66590,0
011974_80EC55490,0
011974_80ED17C60,0
011974_80F639380,0
011974_80FD9F9F0,0
011974_80FF3DD80,0
011974_810098B90,0
011974_8103C2C30,0
011974_810B1F410,0
011974_810F74F20,0
011974_811A5AE10,0
011974_8143C8A90,0
011974_8147D0880,0
0119880_8075F7CD0,0
0119880_80789D800,0
0119880_80789D850,0
0119880_807AAEBF0,0
0119880_807C06230,0
0119880_807CE49A0,0
0119880_807F24260,0
0119880_80810E570,0
0119880_808486040,0
0119880_80874DE20,0
0119880_80946E8B0,0
0119880_80B4E5240,0
0119880_80B928A00,0
0119880_80B962BE0,0
0119880_80BA53BE0,0
0119880_80BA971F0,0
0119880_80BAA0E70,0
0119880_80C2DC8F0,0
0119880_80C6E7330,0
0119880_80DE512C0,0
0119880_80DEC8000,0
0119880_80EF2D460,0
0119880_80F0A75D0,0
0119880_80F7A86E0,0
0119880_80FA551F0,0
0119880_80FF34060,0
0119880_810CB0D80,0
0119880_810E09DD0,0
0119880_810E9D510,0
0119880_812504E90,0
0119880_8128D1BC0,0
011_800043F20,0
011_80005F430,0
011_80005FB10,0
011_800060130,0
011_800063230,0
011_800065CB0,0
011_800066B70,0
011_8000684D0,0
011_8000EF3B0,0
011_8000EFAF0,1
011_8000F00D0,0
011_8000FB080,0
011_8000FD100,0
011_800100AD0,0
011_800101850,0
011_8001037E0,0
011_800123780,0
011_80012D760,1
011_8001704C0,0
011_80017DD90,0
011_80017EDD0,0
011_80017FD40,0
011_800180EA0,0
011_8001950C0,0
011_8001B4DF0,0
011_8001B5780,0
011_8001B7A10,1
011_8001B9660,0
011_8001BF230,0
011_8001D8590,1
011_8001FC270,0
011_8001FD490,1
011_8001FDED0,0
011_8001FEC10,0
011_800200EA0,0
011_800201C10,0
011_800202520,0
011_80022E930,0
011_800230520,0
011_800231240,0
011_800231830,0
011_800233680,0
011_800238040,0
011_80023F920,0
011_800240F20,1
011_800259050,0
011_80025ECC0,0
011_80026C220,0
011_80026E8F0,0
011_80026F0E0,0
011_8002785A0,1
011_800279000,0
011_80027B620,0
011_80027C890,0
011_800282B60,0
011_800284330,0
011_800289850,0
011_800291BB0,0
011_8002934E0,0
011_80029BD90,0
011_80029CA30,0
011_8002A3350,0
011_8002AF650,0
011_8002CC3B0,0
011_8002D2100,0
011_8002DA570,0
011_8002DB6C0,0
011_8002DBAE0,0
011_8002DF910,0
011_8003150A0,0
011_80031C2B0,0
011_80031D8C0,0
011_8003293E0,0
011_80032FCE0,0
011_80035CE20,0
011_800374B50,0
011_800383E80,0
011_80038B120,0
011_80043D140,0
011_80043F930,0
011_8004403F0,0
011_800446200,0
011_80048C9C0,0
011_8004EDC90,0
011_8004F8960,0
011_8004FB750,0
011_800504590,0
011_800507DD0,0
011_800522860,0
011_800559D00,0
011_80055E5F0,0
011_800567990,0
011_800573980,0
011_800586B40,0
011_8006337C0,0
011_800640DE0,0
011_80064C9B0,0
011_80069EE60,0
011_8006CA910,0
011_80070B260,0
011_80070E690,0
011_800718570,0
011_8007421B0,0
011_800748140,0
011_80076C620,0
011_8007B06E0,0
011_8007D27A0,0
011_8007DCF30,0
011_8007DF060,0
011_800863A20,0
011_8008924A0,0
011_8008B53A0,0
011_800917610,0
011_800924EA0,0
011_800925470,0
011_800925B10,0
011_80092C2F0,0
011_80095EC10,0
011_8009636A0,1
011_80097B1B0,0
011_800998B10,0
011_80099E900,0
011_8009D5DC0,0
011_8009FFE60,0
011_800A1D2F0,0
011_800A3AEF0,0
011_800A71F20,0
011_800B4C370,0
011_800B709E0,0
011_800B93D20,0
011_800C6A530,0
011_800CC7A60,0
011_800CF0740,0
011_800D4CAD0,0
011_800D84ED0,0
011_800D8A340,0
011_800E03340,0
011_800E3C430,0
011_800E3F130,0
011_800E51890,0
011_800E544B0,0
011_800E5EF90,0
011_800E6F350,0
011_800E6F940,0
011_800F3F940,0
011_80101CD80,0
011_801028B90,0
011_801062620,0
011_8010C3780,0
011_8010C8C30,0
011_8011132F0,0
011_80111A660,0
011_8012019D0,0
011_8013BE270,0
011_8014A36F0,0
011_8014D57D0,0
011_8014F3BE0,0
011_801579450,0
011_801592770,0
011_8015CA9B0,0
011_8016D09D0,0
011_80185F3D0,0
011_8018BB3B0,0
011_8018E1400,0
011_801AC4410,0
011_801AEDE50,0
011_801B1D250,0
011_801BAAD70,0
011_801BBCB10,0
011_801C24790,0
011_801C65C10,0
011_801D36D60,0
011_801D3D460,0
011_801D59BF0,0
011_801D96C50,0
011_801E088D0,0
011_801E0A7C0,0
011_801E31F80,0
011_801EB8720,0
011_801EE0D10,0
011_801EE1C40,0
011_801EF9B50,0
011_801FDA630,0
011_801FE5490,0
011_802036DF0,0
011_80203BC70,0
011_80207A5E0,0
011_8020EF900,0
011_80217FA10,0
011_802188CA0,0
011_8021A2840,0
011_8021A4DE0,0
011_802289170,0
011_8023586E0,0
011_8023BC400,0
011_802569F60,0
011_802577120,0
011_8025F9980,0
011_802694C80,0
011_8029B0170,0
011_802A2D950,0
011_802A5C3D0,0
011_802A67320,0
011_802AF5780,0
011_802C05670,0
011_802D25AA0,0
011_802D95380,0
011_802DD3520,0
011_802DE4200,0
011_802F426F0,0
011_8030B57A0,0
011_80313BBD0,0
011_8032F0CC0,0
011_803BA6ED0,0
011_803BB9CD0,0
011_803CFC330,0
011_803D28020,0
011_80432C880,0
011_804392FD0,0
011_8045C1530,0
011_8048FE330,0
011_805263B60,0
011_805CE94B0,0
011_805E0ABF0,0
011_806644640,0
011_8066621F0,0
011_8067B7D00,0
011_8068FA3F0,0
011_806C3C6E0,0
011_807907860,0
011_807BF3B60,0
011_807DBA570,0
011_8080CB6A0,0
011_80830A730,0
011_80871C980,0
011_80882CF40,0
011_8089489A0,0
011_809192D20,0
011_80935C840,0
011_8093E8420,0
011_809805F50,0
011_80A18AEB0,0
011_80B22ACF0,0
011_80B552870,0
011_80B77AE70,0
011_80BA40BF0,0
011_80BCB8BF0,0
011_80BCE6410,0
011_80C20C5E0,0
011_80C634CF0,0
011_80C89F8F0,0
011_80DD489D0,0
011_80E75EE10,0
011_80E76B750,0
011_80ECC0790,0
011_80ECCF4F0,0
011_80EE7A9A0,0
011_810F6AF30,0
011_8119B3E50,0
011_811F8EE20,0
011_81211A600,0
011_81270F610,0
011_8133A0A10,0
0120046_8075A8FE0,0
0120046_807835C90,0
0120046_807D1FAA0,0
0120046_808795B10,0
0120046_808D59D00,0
0120046_808F066A0,0
0120046_808FD13D0,0
0120046_809A364B0,0
0120046_809B76610,0
0120046_809BDF220,0
0120046_80A52AF40,0
0120046_80A5418E0,0
0120046_80A6E4910,0
0120046_80ACCE780,0
0120046_80AD49F20,0
0120046_80B0CD720,0
0120046_80B6CB4F0,0
0120046_80B9C3490,0
0120046_80C50AB40,0
0120046_80CD8B740,0
0120046_80D0257F0,1
0120046_80D5B1620,0
0120046_80DB3A610,0
0120046_80DC2CFA0,0
0120046_80DCC0FD0,0
0120046_80DCEED50,0
0120046_80DEFE1D0,0
0120046_80DFA4640,0
0120046_80EDF9B20,0
0120046_80FFE0CC0,0
0120046_810905660,0
0120046_810E69280,0
0120046_812817EC0,0
0120046_812BA3310,0
0120046_812EFDDC0,0
0120046_8145B1450,0
012004_800C6ABE0,0
012004_800C733C0,0
012004_800C927C0,0
012004_800D4E750,0
012004_800D507D0,0
012004_800D922A0,0
012004_800DAB700,0
012004_800E48B20,0
012004_800E5FE30,0
012004_800E6DC30,0
012004_800E9A120,0
012004_800ED7960,0
012004_80108CBD0,0
012004_8010BB6E0,0
012004_8010CAE20,0
012004_8011CC2C0,0
012004_8011CE740,0
012004_801212230,0
012004_801239DB0,0
012004_8012A7700,0
012004_8013B2B60,0
012004_8013B5CA0,0
012004_80147C8A0,0
012004_80147C8A1,0
012004_8014BE860,0
012004_801508980,0
012004_801535570,0
012004_8015594D0,0
012004_801573BF0,0
012004_8015B49D0,0
012004_8015BCE80,0
012004_8015C6290,0
012004_80169B6E0,0
012004_8016D84F0,0
012004_8016E8550,0
012004_80178B200,0
012004_801881880,0
012004_80189F570,0
012004_801AF0140,0
012004_801B9FE60,0
012004_801C58630,0
012004_801C6C870,0
012004_801C6EBD0,0
012004_801CD2970,0
012004_801DE3350,0
012004_801FC2200,0
012004_801FF5BB0,0
012004_802021450,0
012004_8020E7790,0
012004_80218B2E0,0
012004_8021A6570,0
012004_8023845A0,0
012004_802521060,0
012004_8025215F0,0
012004_80258C720,0
012004_802701CC0,0
012004_80284A020,0
012004_8028A4630,0
012004_802986FE0,0
012004_802A47CD0,0
012004_802A65280,0
012004_802A67600,0
012004_802A93BD0,0
012004_802D7C670,0
012004_802ED9060,0
012004_8033750F0,0
012004_80341B520,0
012004_80386ECB0,0
012004_803C1E540,0
012004_804907D90,0
012004_805834690,0
012004_8059EBFB0,0
012004_80656CD60,0
012004_806810FD0,0
012004_806891C90,0
012004_80733D990,0
012004_8077C7650,0
012004_8078CF670,0
012004_807935640,0
012004_807B08FF0,0
012004_807D47D00,0
012004_808177130,0
012004_8083EE430,0
012004_8085B5080,0
012004_8089C5780,0
012004_80AB61100,0
012004_80AF4C850,0
012004_80B510AD0,0
012004_80B9096E0,0
012004_80B95A610,0
012004_80B96F0D0,0
012004_80BFBD440,0
012004_80C8C9D20,0
012004_80CC63090,0
012004_80D53A210,0
012004_80E3EF730,0
012004_80EC0DE50,0
012004_80F7AE780,0
012004_811CB97D0,0
012004_811D17980,0
012004_811F84710,0
012004_812162660,0
012004_812528690,0
012004_812DDB8A0,0
0120193_80BC41930,0
0120438_80735EF70,0
0120438_80794E4D0,0
0120438_807F3EFB0,0
0120438_808565810,0
0120438_808BD6350,0
0120438_808FE51C0,0
0120438_809099130,0
0120438_80978F760,0
0120438_8097D8CE0,0
0120438_8098BA8E0,0
0120438_809C80050,0
0120438_80A55BA20,0
0120438_80B343660,0
0120438_80B456DB0,0
0120438_80BFCD8B0,0
0120438_80C6EDB40,0
0120438_80C902FB0,0
0120438_80DB4CC50,0
0120438_80E857D60,0
0120438_80EDF5120,0
0120438_80FE99460,0
0120438_80FF53970,0
0120438_81110C020,0
0120438_81174AD20,0
0120438_8126A0860,0
0120438_81347DCC0,0
0120511_8079AADD0,0
0120511_808011850,0
0120511_808A48D50,0
0120511_808E941D0,0
0120511_808FAE140,0
0120511_80939E060,0
0120511_809768680,0
0120511_809B80F90,0
0120511_80A8DA500,0
0120511_80B321F10,0
0120511_80BCA9AB0,0
0120511_80C8C8EC0,0
0120511_80E68BD90,0
0120511_80E68CFB0,0
0120511_80E6C9C30,0
0120511_80ED3E510,0
0120511_80ED6C070,0
0120511_8104AC150,0
0120511_811113A20,0
0120511_811EC6A30,0
0120511_8120F5370,0
0120511_8125F5310,0
0120511_8128C0690,0
0120519_80791EF30,0
0120519_8079268B0,0
0120519_80793C5E0,0
0120519_807F31CF0,0
0120519_808011490,0
0120519_8080AE410,0
0120519_8081BD9B0,0
0120519_8084890B0,0
0120519_80854FB80,0
0120519_8089FB020,0
0120519_80A8E3370,0
0120519_80AE129A0,0
0120519_80B636A10,0
0120519_80B67F600,0
0120519_80BAEFCB0,0
0120519_80C637A10,0
0120519_80E558F30,0
0120519_80F0A5170,0
0120519_80FBBF190,0
0120519_810C27DA0,0
0120519_810CA6940,0
0120519_81107D100,0
0120519_8115F40B0,0
0120519_811B01340,0
0120519_811F946F0,0
0120519_81211E6F0,0
0120519_813C0ADA0,0
0120519_814666D10,0
0120627_807F3A9D0,0
0120627_80825ADD0,0
0120627_808D10D00,0
0120627_808DAFDE0,0
0120627_808EAEA50,0
0120627_809135A00,0
0120627_80952A670,0
0120627_80952AF80,0
0120627_8097C3C90,0
0120627_809CACDF0,0
0120627_80A0E52A0,0
0120627_80A4DE910,0
0120627_80A4E8150,0
0120627_80A64F390,0
0120627_80A77E6F0,0
0120627_80AFD0DE0,0
0120627_80AFD7690,0
0120627_80B41AB00,0
0120627_80B5635B0,0
0120627_80C49A3E0,0
0120627_80D162B60,0
0120627_80DEA4C10,0
0120627_80DEEDE90,0
0120627_80DFEE350,0
0120627_80E152480,0
0120627_80ECE4930,0
0120627_80EF3C660,0
0120627_80F14F740,0
0120627_80FF3B670,0
0120627_8100A40A0,0
0120627_8101FA5B0,0
0120627_81032E060,0
0120627_8110FF9B0,0
0120627_8114CA4B0,0
0120627_811ADDFD0,0
0120627_8121F87F0,0
0120627_812B70D00,0
0120627_81345E4E0,0
0120627_813831090,0
0120627_813B6D7A0,0
0120627_814704FF0,0
0120691_807B59FD0,0
0120691_807BC43C0,0
0120691_8080C7E80,0
0120691_80921FD30,0
0120691_8092E49D0,0
0120691_809AF7200,0
0120691_80A900DF0,0
0120691_80BA28350,0
0120691_80BC94220,0
0120691_80D0E95B0,0
0120691_80D7FC260,0
0120691_80DE11170,0
0120691_80E7B6BC0,0
0120691_80FBC8500,0
0120691_810476BD0,0
0120691_810ADC6D0,0
0120691_8113FA7B0,0
0120691_8119E2730,0
0120691_81262EBC0,0
0120709_8079B0AA0,0
0120709_807BC6180,0
0120709_807BCA990,0
0120709_807CDCB70,0
0120709_807CE0E90,0
0120709_807CE61E0,0
0120709_807D01060,0
0120709_8080B3F80,0
0120709_8082F92E0,0
0120709_808C48670,0
0120709_809652000,0
0120709_809800C50,0
0120709_80ABD0B20,0
0120709_80B30BEC0,0
0120709_80B807F90,0
0120709_80B84DC80,0
0120709_80BA47CC0,0
0120709_80C1C24F0,0
0120709_80C29AE60,0
0120709_80C794E20,0
0120709_80D6316F0,0
0120709_80E4891C0,0
0120709_80E642600,0
0120709_80E68F510,0
0120709_80EC50690,0
0120709_80EC506E0,0
0120709_811A80350,0
0120709_811CB3600,0
0120709_812216710,0
0120709_81277AED0,0
0120709_81317C450,0
0120766_807767E90,0
0120766_807D4E550,0
0120766_808057720,0
0120766_808057D10,0
0120766_80875B3A0,0
0120766_808D4FFD0,0
0120766_809148ED0,0
0120766_809715B70,0
0120766_809F114E0,0
0120766_809F95090,0
0120766_80A0CB4C0,0
0120766_80A2F1630,0
0120766_80A3EC4E0,0
0120766_80ACAC780,0
0120766_80B223490,0
0120766_80B4DC750,0
0120766_80B592F70,0
0120766_80B8ED9B0,0
0120766_80BC30260,0
0120766_80BD6F700,0
0120766_80BFBF940,0
0120766_80C259F90,0
0120766_80C329930,0
0120766_80C33B680,0
0120766_80C54D280,0
0120766_80C77AE30,0
0120766_80C8F8370,0
0120766_80D39D010,0
0120766_80D49F1E0,0
0120766_80DDF32B0,0
0120766_80E166CE0,0
0120766_80EF23AC0,0
0120766_80FF9FA80,0
0120766_81046C580,0
0120766_8104BDD10,0
0120766_8104DB2A0,0
0120766_8107789C0,0
0120766_8119BA820,0
0120766_811CA5980,0
0120766_812840320,0
0120766_8132BB0C0,0
0120766_8139DA2C0,0
0120766_813A99F00,0
0121303_80816B710,0
0121303_80816B760,0
0121303_808233230,0
0121303_808A709F0,0
0121303_808C3E140,0
0121303_808C531A0,0
0121303_808C7A690,0
0121303_809729BD0,0
0121303_809A50D20,0
0121303_80A1A7590,0
0121303_80A3C7390,0
0121303_80A9B6F50,0
0121303_80B275BE0,0
0121303_80B39FB20,0
0121303_80B3ABFB0,1
0121303_80BDDEE60,0
0121303_80BF28E70,0
0121303_80BFB5E90,0
0121303_80CBACB20,0
0121303_80CE26830,0
0121303_80D0FEAD0,0
0121303_80D1ECBA0,0
0121303_80D2B1BE0,0
0121303_80DA2D4F0,0
0121303_80DE9E360,0
0121303_80E2754A0,0
0121303_80E7F19C0,0
0121303_80F2996C0,0
0121303_811716810,0
0121303_811E23360,0
0121303_8121ED830,0
0121303_8126235C0,0
0121303_812DE6BE0,0
0121303_8132C5100,0
0121303_813486510,0
0121303_813917D20,0
0121358_807ED1890,0
0121358_808FAE7B0,0
0121358_808FFFE50,0
0121358_80979E710,0
0121358_809F236A0,0
0121358_80A0C1980,0
0121358_80A847ED0,0
0121358_80B0A97C0,0
0121358_80B1C6B20,0
0121358_80B438D00,0
0121358_80B4D8060,0
0121358_80B8239A0,0
0121358_80BF8E0F0,0
0121358_80C2AB820,0
0121358_80D13FBC0,0
0121358_80D224DC0,0
0121358_80D2A7700,0
0121358_80D2D1740,0
0121358_80DDF3020,0
0121358_80DFBB3C0,0
0121358_80EA4CA40,0
0121358_80EB5F880,0
0121358_80EB8A810,0
0121358_80F58A630,0
0121358_80F8D0E10,0
0121358_80FD3DF60,0
0121358_8104BDAD0,0
0121358_8113DDD30,0
0121358_8118CE840,0
0121358_811CDE350,0
0121358_8123C9F90,0
0121358_812740DE0,0
0121358_812D5E8C0,0
0121358_81302A550,0
0121358_813288810,0
0121358_813A9ECB0,0
0121358_813AC1CC0,0
0121358_813B0E5D0,0
0121415_8078570C0,0
0121415_807FFA700,0
0121415_808096910,0
0121415_80853DA60,0
0121415_809557CB0,0
0121415_809761670,0
0121415_809BC20A0,0
0121415_80A67BB70,0
0121415_80B56FF50,0
0121415_80B62F050,0
0121415_80B6310C0,0
0121415_80B6CBD20,0
0121415_80B6E7630,0
0121415_80BB25320,0
0121415_80BB794F0,0
0121415_80BC8C8C0,0
0121415_80D463C30,0
0121415_80D8F1C00,0
0121415_80E4168F0,0
0121415_8110D3CA0,0
0121415_811CF99E0,0
0121415_81273CF30,0
0121453_80856BCB0,0
0121453_808983550,0
0121453_8089EEB90,0
0121453_808CBCB60,0
0121453_809364160,0
0121453_809687070,0
0121453_809749360,0
0121453_8098B0EE0,0
0121453_8099325E0,0
0121453_809B0D500,0
0121453_809B12A80,0
0121453_80A361020,0
0121453_80BFE8D90,0
0121453_80C6EE370,0
0121453_80C754C60,0
0121453_80C8022B0,0
0121453_80CCE6BB0,0
0121453_80D077C80,0
0121453_80DAF8930,0
0121453_80E0C3340,0
0121453_80E32E6B0,0
0121453_80EDA6F00,0
0121453_80F4FEE30,0
0121453_80FD9B970,0
0121453_81124BB80,0
0121453_8113E13E0,0
0121453_811CE8D50,0
0121453_81305FD70,0
0121453_8132B4D80,0
0121453_813585F80,0
0121698_8088B99B0,0
0121698_80898AB00,0
0121698_80A4F2B80,0
0121698_80A556F40,0
0121698_80A74EC00,0
0121698_80B0AF1B0,0
0121698_80B538A90,0
0121698_80B6EA9B0,0
0121698_80B95EE00,0
0121698_80BBD1E40,0
0121698_80BF94E10,0
0121698_80C300140,0
0121698_80C32DDC0,0
0121698_80C7B4720,0
0121698_80CD90C00,0
0121698_80D1787A0,0
0121698_80D1867B0,0
0121698_80D1A5740,0
0121698_80D1F7AA0,0
0121698_80D2C05A0,0
0121698_80D4BB3C0,0
0121698_80D7AD770,0
0121698_80DC7BB80,0
0121698_80DF9BA80,0
0121698_80F1E07A0,0
0121698_80F91C040,0
0121698_80FE8CEF0,0
0121698_810569FC0,0
0121698_811370940,0
0121698_8119D88D0,0
0121698_811ABC9F0,0
0121698_8121A2700,0
0121698_8127A77C0,0
0121698_812C7D7A0,0
0121698_81312D130,0
0121698_81338F600,0
0121698_813EFEC10,0
0121698_814693E90,0
0121698_8148295D0,0
0121987_808292F90,0
0121987_808A0A7A0,0
0122080_808336F40,0
0122080_80857E6D0,0
0122080_8085AEA90,0
0122080_808F23160,0
0122080_808F997C0,0
0122080_80923CFE0,0
0122080_809DDF2E0,0
0122080_809FE2490,0
0122080_80A360460,0
0122080_80A3CB9D0,0
0122080_80A502710,0
0122080_80A750880,0
0122080_80AA65AE0,0
0122080_80AD747F0,0
0122080_80AEC44B0,0
0122080_80AED8120,0
0122080_80C273A70,0
0122080_80D081970,0
0122080_80D196390,0
0122080_80D216330,0
0122080_80D34C6F0,0
0122080_80D360490,0
0122080_80DA7E6E0,0
0122080_80E143570,0
0122080_80ECE35F0,0
0122080_80EFE0000,0
0122080_81038CBB0,0
0122080_8104F7610,0
0122080_810F003C0,0
0122080_811192AD0,0
0122080_8111AB380,0
0122080_811EFE970,0
0122080_812331F00,0
0122080_8130F2490,0
0122080_8135FC6E0,0
0122080_813A3CA20,0
0122086_8083867B0,0
0122086_808636370,0
0122086_8088E95D0,0
0122086_808FB21C0,0
0122086_80A029830,0
0122086_80A2EFC60,0
0122086_80A3BBD30,0
0122086_80AE26AF0,0
0122086_80AE59740,0
0122086_80AFB7200,0
0122086_80B49F340,0
0122086_80C095CA0,0
0122086_80CEA3310,0
0122086_80D9E7300,0
0122086_80DA5F0D0,1
0122086_80DF69870,0
0122086_80E3E0070,0
0122086_80FEAF7E0,0
0122086_8105FF840,0
0122086_810806370,0
0122086_810B508A0,0
0122086_811139C80,0
0122086_811A5E3F0,0
0122086_812A31FD0,0
0122086_812D40270,0
0122094_8082EB280,0
0122094_8082FCFA0,0
0122094_8085B5120,0
0122094_808734350,0
0122094_80874EC50,0
0122094_8088E2210,0
0122094_808A4A4E0,0
0122094_808E99CD0,0
0122094_8097406F0,0
0122094_8097B9B90,0
0122094_809FF0EC0,0
0122094_80A62AC50,0
0122094_80B3265E0,0
0122094_80B3759E0,0
0122094_80B4DB8E0,0
0122094_80BA91790,0
0122094_80BB54630,0
0122094_80BBEE410,0
0122094_80C7B7170,0
0122094_80C888890,0
0122094_80D4F3B60,0
0122094_80D532F20,0
0122094_80D53C790,0
0122094_80E692310,0
0122094_810288680,0
0122094_81112DE70,0
0122094_812668C20,0
0122151_8081F3F50,0
0122151_80822CB50,0
0122151_80897B5B0,0
0122151_808FBE0A0,0
0122151_8091E91B0,0
0122151_809209D90,0
0122151_8097A0750,0
0122151_809A292F0,0
0122151_809DCFFC0,0
0122151_809F16670,0
0122151_809F27EF0,0
0122151_80A05BC90,0
0122151_80A2B85E0,0
0122151_80A325740,0
0122151_80A5EDED0,0
0122151_80AC18350,0
0122151_80ACC41B0,0
0122151_80AE23970,0
0122151_80AEA8200,0
0122151_80B865200,0
0122151_80BF86330,0
0122151_80C26D820,0
0122151_80C275630,0
0122151_80C307BC0,0
0122151_80C6F1A70,0
0122151_80D33FC90,0
0122151_80DD31030,0
0122151_80E0688F0,0
0122151_80E6B3740,0
0122151_810AC0A20,0
0122151_810B19D90,0
0122151_812343D00,0
0122151_8145D80E0,0
0122342_80941D500,0
0122342_8097CFB90,0
0122342_80B5AB710,0
0122342_80B63F940,0
0122342_80B644970,0
0122342_80B9B59C0,0
0122342_80BB35050,0
0122342_80C37D900,0
0122342_80D249A10,0
0122342_80D9BBC10,0
0122342_80DAC41B0,0
0122342_80E2D8700,0
0122342_80F26B920,0
0122342_810DD3600,0
0122342_81213D350,0
0122342_8122626A0,0
0122342_81231CE10,0
0122342_8130E9C80,0
0122342_813936C20,0
0122352_80663E3B0,0
0122352_8085B6E40,0
0122352_809548560,0
0122352_809958260,0
0122352_809FAC6F0,0
0122352_80B9259C0,0
0122352_80B9B5BB0,0
0122352_80BC98790,0
0122352_80BCD7BE0,0
0122352_80DDE4690,0
0122352_80DEF8100,0
0122352_80E6626A0,0
0122352_810F8A070,0
0122352_810FA3FC0,0
0122352_8110A5900,0
0122352_81162E9E0,0
0122352_811D45170,0
0122352_81211FB70,0
0122405_8083E0910,0
0122702_808582840,0
0122702_8085BC590,0
0122702_808A655B0,0
0122702_8098982E0,0
0122702_809A2E3E0,0
0122702_80A061970,0
0122702_80B6A97A0,0
0122702_80BDCE600,0
0122702_80CEB0080,0
0122702_80D80DD50,0
0122702_80DF20BB0,0
0122702_80E023F00,0
0122702_80E266FA0,0
0122702_80E4BCD20,0
0122702_8109F09B0,0
0122702_811453B40,0
0122702_811AB65F0,0
0122702_811E32EC0,0
0122702_812C8A2F0,0
0122702_812EF3CE0,0
0122702_813567D20,0
0122702_8137FF2E0,0
0122702_813A4C9B0,0
0122916_80946BD30,0
0122916_8097562F0,0
0122916_809AA92A0,0
0122916_809C5AE00,0
0122916_80A148120,0
0122916_80A360BD0,0
0122916_80A6A3240,0
0122916_80AB73810,0
0122916_80B28C110,0
0122916_80B57A730,0
0122916_80C2C3F00,0
0122916_80C372E30,0
0122916_80C4D36F0,0
0122916_80C821BA0,0
0122916_80CEA16B0,0
0122916_80D035F20,0
0122916_80D0B1EE0,0
0122916_80D1C2F00,0
0122916_80D2EF830,0
0122916_80DD24260,0
0122916_80F501AF0,0
0122916_810709020,0
0122916_8116B7590,0
0122916_811CCB6F0,0
0122916_812D95D60,0
0122916_812F0C9B0,0
0122916_8130DFA50,0
0122916_8136B7E80,0
0122916_813AE9FB0,0
0122916_814461E40,0
0123102_808A2E950,0
0123102_808FE1470,0
0123102_809B81DC0,0
0123102_809FC7160,0
0123102_80A886A50,0
0123102_80B4D5610,0
0123102_80B57F7A0,0
0123102_80B587350,0
0123102_80B715770,0
0123102_80B85E560,0
0123102_80B8D4F20,0
0123102_80BDDC0E0,0
0123102_80C1086C0,0
0123102_80C1403D0,0
0123102_80CD89CC0,0
0123102_80CF6B4C0,0
0123102_80D18CF50,0
0123102_80D218920,0
0123102_80D27D990,0
0123102_80D33FA60,0
0123102_80DCF8F80,0
0123102_80E111880,0
0123102_80E52C820,0
0123102_80EC370A0,0
0123102_80F0A31B0,0
0123102_80F290260,0
0123102_80F359CD0,0
0123102_80FB52B40,0
0123102_8106FFA80,0
0123102_810B365F0,0
0123102_810B782E0,0
0123102_81180EAF0,0
0123102_812686260,0
0123102_8128027C0,0
0123102_812984CD0,0
0123102_812B887B0,0
0123102_812D9A170,0
0123102_812F138F0,0
0123102_8139C3A20,0
0123288_80894B0D0,0
0123288_808D012F0,0
0123288_808D01340,0
0123288_808EA10D0,0
0123288_808EC7C60,0
0123288_809935A40,0
0123288_809B3C6E0,0
0123288_809B7F2C0,0
0123288_809F87B30,0
0123288_80A0019F0,0
0123288_80A0DF380,0
0123288_80A583500,0
0123288_80A631130,0
0123288_80A7E2600,0
0123288_80B35BA20,0
0123288_80B5F2650,0
0123288_80B7EB250,0
0123288_80B9BA4B0,0
0123288_80BE28460,0
0123288_80BE2F360,0
0123288_80C2B5450,0
0123288_80C700000,0
0123288_80C9CB8F0,0
0123288_80CAFA920,0
0123288_80D8A5810,0
0123288_80F28F5D0,0
0123288_80F62E270,0
0123288_80F7D2230,0
0123288_8103EE8A0,0
0123288_810AF9C90,0
0123288_811135410,0
0123288_811B0C300,0
0123288_8134FA410,0
0123288_814095A60,0
0123308_80A232B30,0
0123308_80A903360,0
0123308_80B227E50,0
0123308_80B4FDA90,0
0123308_80B521650,0
0123308_80BB55B10,0
0123308_80BCED470,0
0123308_80BF44FE0,0
0123308_80C330340,0
0123308_80D4F00C0,0
0123308_80DDE36D0,0
0123308_80DDF5530,0
0123308_80DE87850,0
0123308_80E08D960,0
0123308_80E11C800,0
0123308_80E5EC520,0
0123308_80FFE5C60,0
0123308_810F911F0,0
0123308_8118F62B0,0
0123308_813BB4F10,0
0123390_808D2FD80,0
0123390_8091EFCF0,0
0123390_809B528C0,0
0123390_809DDB2D0,0
0123390_809DDB2D1,0
0123390_809EBAF30,0
0123390_809F84A30,0
0123390_809FB5700,0
0123390_80A303E30,0
0123390_80A780F40,0
0123390_80AC0F7A0,0
0123390_80ADF59C0,0
0123390_80B66FEE0,0
0123390_80BC84710,0
0123390_80BDAF910,0
0123390_80D5B2940,0
0123390_80DE53800,0
0123390_80E32CB70,0
0123390_80E3BB620,0
0123390_80E73B950,0
0123390_80E7A02C0,0
0123390_80F2DDC90,0
0123390_80F3DE300,0
0123390_80FB84740,0
0123390_80FFA0310,0
0123390_8126C6A60,0
0123390_8126F8C50,0
0123390_81311CD80,0
0123390_813278EB0,0
0123390_813A33520,0
0123773_8091D4AD0,0
0123773_809252550,0
0123773_80948C850,0
0123773_8097971B0,0
0123773_809C7A0E0,0
0123773_80AE17BF0,0
0123773_80AEDB700,0
0123773_80B41CE10,0
0123773_80B642A30,0
0123773_80BD22310,0
0123773_80BF71860,0
0123773_80BF823E0,0
0123773_80C03BD60,0
0123773_80C311B10,1
0123773_80C6F2C90,0
0123773_80C9C7480,0
0123773_80D12B5E0,0
0123773_80D365C80,0
0123773_80D4E0E30,0
0123773_80D73B9E0,0
0123773_80D95DE70,0
0123773_80DA59220,0
0123773_80DC26320,0
0123773_80DC8AFA0,0
0123773_8101F5EF0,0
0123773_8103DF750,0
0123773_810B1EFF0,0
0123773_811EAFFA0,0
0123773_812159DB0,0
0123773_813032040,0
0123773_8130F5220,0
0123773_8134FF2B0,0
0123773_8135CFB70,0
0123773_8135E3690,0
012381_800E866B0,0
012381_800F6DE60,0
012381_800F78080,0
012381_800F990A0,0
012381_800FC0970,0
012381_800FF92A0,0
012381_801129E10,0
012381_80119B6C0,0
012381_8011D5770,0
012381_801318F70,0
012381_8013C5250,0
012381_8013F5470,0
012381_8014542C0,0
012381_801463B80,0
012381_80148BD80,0
012381_801496760,0
012381_80152B7F0,0
012381_80153CB40,0
012381_8015E47D0,0
012381_8015FBAA0,0
012381_8015FC7C0,0
012381_8016B6880,0
012381_801763560,0
012381_80176B380,0
012381_8017DB490,0
012381_801804D80,0
012381_801807430,0
012381_801887580,0
012381_80196DC00,0
012381_801A016E0,0
012381_801A52080,0
012381_801BFD420,0
012381_801C2DFE0,0
012381_801CF99E0,0
012381_801E90610,0
012381_801E914C0,0
012381_802110380,0
012381_8021A1C30,0
012381_80244B3F0,0
012381_802473970,0
012381_802603CD0,0
012381_80287A5D0,0
012381_802BE1CC0,0
012381_802D82530,0
012381_802E1E1D0,0
012381_80300CAF0,0
012381_803109190,0
012381_80315B210,0
012381_803218B20,0
012381_8032A6620,0
012381_803306D10,1
012381_80363D270,0
012381_8037CD2D0,0
012381_803A302C0,0
012381_803BF4EB0,0
012381_803CA7C70,0
012381_804193A50,0
012381_8043B22C0,0
012381_8045BB830,0
012381_8045CBD30,0
012381_804BA2A30,0
012381_804D2C6E0,0
012381_804EB7080,0
012381_8050FFA20,0
012381_805186E20,0
012381_805303680,0
012381_805328690,0
012381_8053D3D00,0
012381_805583AD0,0
012381_8057BDB90,0
012381_8057BE490,0
012381_8057DA800,0
012381_805A9D9F0,0
012381_805B53E00,0
012381_805C2CDC0,0
012381_80606F500,0
012381_806754D20,0
012381_806A05090,0
012381_80721FA60,0
012381_807586610,0
012381_8079EEC10,0
012381_807BA1C60,0
012381_807F797D0,0
012381_8083D1F00,0
012381_8083D9A00,0
012381_8085123D0,0
012381_808BB8B10,0
012381_808D00DE0,0
012381_808E079F0,0
012381_808FBE4A0,0
012381_8097A9260,0
012381_809F19950,0
012381_80A2BA6A0,0
012381_80A402790,0
012381_80A968120,0
012381_80AE236A0,0
012381_80B417D50,0
012381_80BB300F0,0
012381_80C105790,0
012381_80CBA6750,0
012381_80CD9A2F0,0
012381_80D040900,0
012381_80D051180,0
012381_80D281F50,0
012381_80D46DB20,0
012381_80D575E50,0
012381_80D9C7200,0
012381_80DE34BC0,0
012381_80E000940,0
012381_80EDD6FC0,0
012381_80F2D5140,0
012381_80FBE7860,0
012381_80FF4BD90,0
012381_811176280,0
012381_811176281,0
012381_811DEB0C0,0
012381_81283CC60,0
012381_813487770,0
012381_814180A80,0
0123997_808F21510,0
0123997_808FC1090,0
0123997_8091CA720,0
0123997_8091CD820,0
0123997_8091F9BC0,0
0123997_809FAF530,0
0123997_80AB27AD0,0
0123997_80B258C10,0
0123997_80B396760,0
0123997_80B454E30,0
0123997_80B4C8F50,0
0123997_80C0CEAF0,0
0123997_80C4006E0,0
0123997_80C569B10,0
0123997_80D05C250,0
0123997_80D2A22E0,0
0123997_80D38CD10,0
0123997_80D3ADD40,0
0123997_80D3B47F0,0
0123997_80DC7DAF0,0
0123997_80DD06E90,0
0123997_80DE9B620,0
0123997_80DEE5060,0
0123997_80E2FE580,0
0123997_80E77FAE0,0
0123997_80ECF4810,0
0123997_80F7F0590,0
0123997_80F8A53F0,0
0123997_80FB54810,0
0123997_8103A23F0,0
0123997_810400150,0
0123997_810D83620,0
0123997_8116C8190,0
0123997_811E66E20,0
0123997_81216B0A0,0
0123997_8122F02B0,0
0123997_812E23280,0
0123997_812F2B0F0,0
0123997_8132CA8C0,0
0123997_81353D560,0
0123997_8139A1340,0
0123997_813A23A00,0
0124261_80940B7C0,0
0124261_809488400,0
0124261_809BBFFC0,0
0124261_80A025210,0
0124261_80AEF3730,0
0124261_80B7D4FA0,0
0124261_80B946500,0
0124261_80BA65170,0
0124261_80BB561F0,0
0124261_80BD0A160,0
0124261_80C28ADA0,0
0124261_80C63E820,0
0124261_80D0977F0,0
0124261_80DA821F0,0
0124261_81037B400,0
0124261_810F6AE00,0
0124261_812C0B5C0,0
0124284_808F2AFD0,0
0124284_809137C70,0
0124284_80967AB90,0
0124284_80991F460,0
0124284_809F25170,0
0124284_809FA4D90,0
0124284_80A0BB210,0
0124284_80A6A46E0,0
0124284_80AB357C0,0
0124284_80ACC9C10,0
0124284_80AE963B0,0
0124284_80B3BB0C0,0
0124284_80B798D10,0
0124284_80B931BD0,0
0124284_80BB1AC20,0
0124284_80C258650,0
0124284_80C3FA520,0
0124284_80C7B20D0,0
0124284_80D2C41B0,0
0124284_80D7FCB10,0
0124284_80E131A60,0
0124284_80FBD9B30,0
0124284_8103FFA10,0
0124284_81178F820,0
0124284_811D4FEB0,0
0124284_811D4FEB1,0
0124284_812580DC0,0
0124284_812C49FE0,0
0124284_812FC0750,0
0124284_813B95950,0
0124284_8145AADA0,0
0124284_8146E70A0,0
0124290_808F09E20,0
0124290_8094A0220,0
0124290_80971C1A0,0
0124290_809F989D0,0
0124290_80B0C9580,0
0124290_80B5EA590,0
0124290_80B6D4E50,0
0124290_80B7F9890,0
0124290_80B821250,0
0124290_80BFF0700,0
0124290_80C900100,0
0124290_80D4E8580,0
0124290_80D64F5F0,0
0124290_80E8CE8A0,0
0124290_80F13D7D0,0
0124290_80F356940,0
0124290_80F358AF0,0
0124290_810B50300,0
0124290_811824300,0
0124290_811CCAC30,0
0124290_8129E8CE0,0
0124290_81334C230,0
0124290_81361E100,0
0124290_81417EEC0,0
0124331_8093CA850,0
0124331_8097C90D0,0
0124331_809AF3F80,0
0124331_809E8FF90,0
0124331_80A017C90,0
0124331_80A6B3650,0
0124331_80ACDE290,0
0124331_80B32C200,0
0124331_80B3CAE80,0
0124331_80B7E8B90,0
0124331_80B8E2590,0
0124331_80BD8BFF0,0
0124331_80BDCF2F0,0
0124331_80D05C110,0
0124331_80D07F470,0
0124331_80D31CAC0,0
0124331_80DA56B90,0
0124331_80DBA8B90,0
0124331_80DD15A00,0
0124331_80DF6EE10,0
0124331_80E03C360,0
0124331_80E0D7840,0
0124331_80E1220E0,0
0124331_80E1E4F50,0
0124331_80E6F9190,0
0124331_80F701C70,0
0124331_81049A3C0,0
0124331_810757E70,0
0124331_81088C3F0,0
0124331_810B76870,0
0124331_8119DD1A0,0
0124331_811C8CFD0,0
0124331_812BA0B90,0
0124331_8144ACB70,0
0124368_8091EDDA0,0
0124368_809384FB0,0
0124368_8093B1560,0
0124368_809FA2AC0,0
0124368_80A6587F0,0
0124368_80A659AB0,0
0124368_80A68D250,0
0124368_80AB49930,0
0124368_80AC9EE50,0
0124368_80B4A0160,0
0124368_80B4F3B20,0
0124368_80BA3BE20,0
0124368_80BA7BC50,0
0124368_80BA7BC51,0
0124368_80BB92850,0
0124368_80BB9E8C0,0
0124368_80BF34220,0
0124368_80D2851D0,0
0124368_80D2CDBD0,0
0124368_80D9EDBC0,0
0124368_80DF29BC0,0
0124368_80DF747E0,0
0124368_80E2E43A0,0
0124368_80E7B70E0,0
0124368_80ECC8B60,0
0124368_80FC18AF0,0
0124368_8102ED310,0
0124368_81043D0E0,0
0124368_810475DA0,0
0124368_810A68690,0
0124368_810E6D0E0,0
0124368_8111543A0,0
0124368_811D38470,0
0124368_8121300E0,0
0124368_81275FCA0,0
0124371_80210D250,0
0124371_8031F40A0,0
0124371_809377230,0
0124371_80939AEF0,0
0124371_8093C4FE0,0
0124371_8093D5830,0
0124371_80AB42600,0
0124371_80AEFC700,0
0124371_80B64F970,0
0124371_80B9CA9A0,0
0124371_80BA49CE0,0
0124371_80BB2A5C0,0
0124371_80BB8B2E0,0
0124371_80BC54950,0
0124371_80BCAB2A0,0
0124371_80BEA0020,0
0124371_80E35C880,0
0124371_80E642F80,0
0124371_80E68B040,0
0124371_810E34190,0
0124371_8110687F0,0
0124371_81165ECA0,0
0124371_8120B2490,0
0124371_8122194F0,0
012513_800ECFB00,0
012513_800F31DD0,0
012513_80101D190,0
012513_80103C7E0,0
012513_801062AD0,0
012513_80106E940,0
012513_801092DF0,0
012513_8010C7020,0
012513_801148250,0
012513_8012195C0,0
012513_80129E950,0
012513_8012A69A0,0
012513_8013AB740,0
012513_801478B60,0
012513_801479500,0
012513_8014A2940,0
012513_80154ABE0,0
012513_8015C0880,0
012513_80174FE60,0
012513_8018012D0,0
012513_80181D8D0,0
012513_8018DF190,0
012513_8018F2530,0
012513_8018F8FF0,0
012513_801908380,0
012513_8019CA3D0,0
012513_8019DEAC0,0
012513_8019E0A00,0
012513_801B3C630,0
012513_801C01970,0
012513_801C215D0,0
012513_801C5E030,0
012513_801C90F90,0
012513_801CB24D0,0
012513_801CCDD70,0
012513_801D58AB0,0
012513_801DDE340,0
012513_801E1F730,0
012513_801F36B50,0
012513_801F57510,0
012513_801FEC970,0
012513_802079530,0
012513_8020A5070,0
012513_8021C29F0,0
012513_80236AB00,0
012513_8023D96B0,0
012513_802413950,0
012513_80253C080,0
012513_80298D980,0
012513_80299BC20,0
012513_802C07640,0
012513_802D0AE90,0
012513_802D2D550,0
012513_802D50FA0,0
012513_802ECBB50,0
012513_8033CA9F0,0
012513_8034153F0,0
012513_80372A640,0
012513_803CFFD10,0
012513_805140CE0,0
012513_805293760,0
012513_8052D5470,0
012513_805A2ED20,0
012513_805DDC0B0,0
012513_8068C7470,0
012513_806AC6830,0
012513_806C25590,0
012513_806CC6240,0
012513_807751D60,0
012513_80794FD10,0
012513_807BB6420,0
012513_80809B960,0
012513_808307CB0,0
012513_80847BEF0,0
012513_808E9EC90,0
012513_809C09740,0
012513_80A0A6AC0,0
012513_80A2D30F0,0
012513_80B6B4E80,0
012513_80BA01DF0,0
012513_80BCBBAA0,0
012513_80C89FC40,0
012513_80C8B4630,0
012513_80D3CDE10,0
012513_80D53BF60,0
012513_80F265AA0,0
012513_810F55450,0
012513_8110420A0,0
012513_811076D00,0
012513_8128AE950,0
0125164_809C26500,0
0125164_80A6AD8D0,0
0125164_80B3654F0,0
0125164_80B4269B0,0
0125164_80B891DB0,0
0125164_80BB8F5B0,0
0125164_80BC98880,0
0125164_80C2DE0C0,0
0125164_80D24A960,0
0125164_80ECB6FF0,0
0125164_81041A850,0
0125164_810707E50,0
0125164_810DCFD90,0
0125164_810F96C40,0
0125164_8112A1200,0
0125164_81152E4C0,0
0125164_8118EDA80,0
0125164_81213D970,0
0125164_8128D3F20,0
0125164_8129896E0,0
0125164_8146AF960,0
0125305_809F07210,0
012561_800F8FA80,0
012561_8010204E0,0
012561_80102C2E0,0
012561_801053630,0
012561_801079260,0
012561_80119DE30,0
012561_801346160,0
012561_80139D720,0
012561_80139DFA0,0
012561_8013A4CE0,0
012561_8013A4CE1,0
012561_80142DA20,0
012561_801476F00,0
012561_8014A2000,0
012561_801548150,0
012561_801682210,0
012561_801690A70,0
012561_8017384F0,0
012561_8018484F0,0
012561_8018AAD40,0
012561_8018CFF80,0
012561_8018DB9E0,0
012561_80198E580,0
012561_801B9F4C0,0
012561_801C50AF0,0
012561_801E13B70,0
012561_801E80670,0
012561_801EB2440,0
012561_801F4E0A0,0
012561_801FC42D0,0
012561_802104D20,0
012561_802112470,0
012561_80226FC60,0
012561_80256FC60,0
012561_8026018A0,0
012561_802664550,0
012561_8027211F0,0
012561_80289DB50,0
012561_802C6DFD0,0
012561_802CF1BB0,0
012561_80311C2D0,0
012561_803260F70,0
012561_803373AE0,0
012561_803759560,0
012561_803BDA610,0
012561_803C247C0,0
012561_8057A6500,0
012561_805ABA0D0,0
012561_80688C070,0
012561_8075E0B20,0
012561_807767280,0
012561_80782EE40,0
012561_807C01A50,0
012561_807F30440,0
012561_808F44C10,0
012561_808FF8F90,0
012561_8097D3D10,0
012561_80A08F120,0
012561_80A625F90,0
012561_80AB41660,0
012561_80AE131D0,0
012561_80B4CFF30,0
012561_80B5A83A0,0
012561_80B5E2200,0
012561_80B652CF0,0
012561_80BB8C5E0,0
012561_80C035C00,0
012561_80D266F40,0
012561_80D49B490,0
012561_80D4A3070,0
012561_80D4DB5B0,0
012561_80DE30990,0
012561_80E7B7320,0
012561_80ECC5D50,0
012561_810FEC3D0,0
012561_81100F380,0
012561_8110866D0,0
012561_812167C10,0
012561_812E784C0,0
0125633_809D0E040,0
0125699_8099EB240,0
0125699_809BF34A0,0
0125699_80A189CD0,0
0125699_80A368110,0
0125699_80A3EBBF0,0
0125699_80A716810,0
0125699_80AB17D20,0
0125699_80ABC5950,0
0125699_80B394BE0,0
0125699_80B6645B0,0
0125699_80B865EF0,0
0125699_80BA687C0,0
0125699_80BE1EE80,0
0125699_80C336E20,0
0125699_80C58C7E0,0
0125699_80C8A6500,0
0125699_80CBD9270,0
0125699_80D1D3C70,0
0125699_80E10F120,0
0125699_80F09FBC0,0
0125699_80F32E570,0
0125699_80F892360,0
0125699_80FBE2C00,0
0125699_80FC691D0,0
0125699_81045D150,0
0125699_810F01AF0,0
0125699_8116B7C00,0
0125699_811AFD9D0,0
0125699_81244E760,0
0125699_812A4D730,0
0125699_812A5AE00,0
0125699_814267D80,0
0125699_8146F0070,0
0125906_809A74CC0,0
0125906_809EBFEB0,0
0125906_809F97AE0,0
0125906_80A067380,0
0125906_80B5DEDB0,0
0125906_80C2598A0,0
0125906_80C6F68B0,0
0125906_80DA54FE0,0
0125906_80DA89AB0,0
0125906_80DB5F400,0
0125906_80DC722F0,0
0125906_80DD22AF0,0
0125906_80DE73A70,0
0125906_80E00FDF0,0
0125906_80E1AA980,0
0125906_81042FFB0,0
0125906_810B46DA0,0
0125906_81112A660,0
0125906_811194540,0
0125906_811740F60,0
0125906_81232E070,0
0125906_8124EC5E0,0
0125906_812620E80,0
0125906_812980120,0
0125906_812D96630,0
0125906_81307D280,0
0125906_8135F1560,0
0126426_80A033540,0
0126426_80AA7FD20,0
0126426_80B1838F0,0
0126426_80B32B020,0
0126426_80B4BABB0,0
0126426_80B5392E0,0
0126426_80BB1E1C0,0
0126426_80BF6A640,0
0126426_80C0DC500,0
0126426_80D63CE20,0
0126426_80E167EC0,0
0126426_80E39E070,0
0126426_80FE46A10,0
0126426_810D7B4A0,0
0126426_810EA2B30,0
0126426_811471800,0
0126426_811F50810,0
0126426_812CC8300,0
0126426_8130CE250,0
0126426_813296740,0
0126426_8139BF500,0
0126426_8140942C0,0
0126783_809E910B0,0
0126783_80A577D10,0
0126783_80A8FADC0,0
0126783_80A9C7E70,0
0126783_80AB26FA0,0
0126783_80C90AA40,0
0126783_80CFA34E0,0
0126783_80D338550,0
0126783_80D418200,0
0126783_80D43F5D0,0
0126783_80DFDA100,0
0126783_80E094090,0
0126783_80E339D80,0
0126783_80E55D6E0,0
0126783_80F257DA0,0
0126783_80F3DE9E0,0
0126783_80FF40AE0,0
0126783_8103CEE20,0
0126783_810DBC200,0
0126783_811707A90,0
0126783_811E0D2E0,0
0126783_8122F0A00,0
0126783_812B09010,0
0126783_813C19790,0
0126783_813FED1E0,0
0126783_8144040A0,0
0126783_814694750,0
0127142_80A264BF0,0
0127142_80A5A4790,0
0127142_80AE41DA0,0
0127142_80AEAEDC0,0
0127142_80B7E51B0,0
0127142_80BB11730,0
0127142_80BC0A9C0,0
0127142_80BFEE920,0
0127142_80C0362C0,0
0127142_80CB5DE10,0
0127142_80CBD8F50,0
0127142_80D118350,0
0127142_80D168030,0
0127142_80D36AB80,0
0127142_80E036D50,0
0127142_80E2675E0,0
0127142_810A025B0,0
0127142_81268FA40,0
0127142_812B05C80,0
0127142_812D3CDA0,0
0127142_8133ECF00,0
0127142_813501C30,0
0127142_813565F50,0
0127142_813C6C6F0,0
0127142_81445E500,0
0127179_80AB22AE0,0
0127179_80ABE4320,0
0127179_80AF39980,0
0127179_80B7925A0,0
0127179_80BA26180,0
0127179_80BA7A8B0,0
0127179_80BB2C910,0
0127179_80CEF6CE0,0
0127179_80D3E4450,0
0127179_80D5321E0,0
0127179_80E390CF0,0
0127179_80E6490E0,0
0127179_80EFF4430,0
0127179_81077D8C0,0
0127179_81165F0B0,0
0127179_81252F810,0
0127179_812568C20,0
012719_8009BEF40,0
012719_8009C2820,0
012719_8010E85A0,0
012719_80111F0D0,0
012719_801127100,0
012719_801176C70,0
012719_80117CE60,0
012719_8011ED130,0
012719_801225730,0
012719_801246A30,0
012719_801271580,0
012719_801271D00,0
012719_8012BA3E0,0
012719_80131D600,0
012719_80136FFE0,0
012719_8013746D0,0
012719_8013E51A0,0
012719_8013F4C90,0
012719_8014455D0,0
012719_80145B5D0,0
012719_80155B5C0,0
012719_8015AE840,0
012719_80163C070,0
012719_8016A90D0,0
012719_8016CC350,0
012719_80177A1B0,0
012719_801793890,0
012719_80179D1F0,0
012719_801869AF0,0
012719_801952460,0
012719_8019F5B60,0
012719_801A79A50,0
012719_801B68140,0
012719_801B70E40,0
012719_801B8FB10,0
012719_801BB6AB0,0
012719_801BF5C60,0
012719_801C40BF0,0
012719_801CE6EC0,0
012719_801D242D0,0
012719_801D2B760,0
012719_801D44C00,0
012719_801E7CC90,0
012719_801E9ED60,0
012719_801EC7AC0,0
012719_801F81980,0
012719_80236D890,0
012719_8024618A0,0
012719_8024F5A30,0
012719_8024F79B0,0
012719_802749800,0
012719_80285AB50,0
012719_802B304C0,0
012719_802E99670,0
012719_802EB7DD0,0
012719_8030E6F00,0
012719_80315ED40,0
012719_8032A1130,0
012719_803313D40,0
012719_80346C4F0,0
012719_803502350,0
012719_8038B8010,0
012719_80400F400,0
012719_804288A00,0
012719_804299360,0
012719_8043D3C40,0
012719_804D10520,0
012719_80518D8D0,0
012719_805195CB0,0
012719_8055A9BB0,0
012719_8056A3FC0,0
012719_805A53F50,0
012719_805BF5180,0
012719_805CE0AC0,0
012719_8062E2550,0
012719_806316D80,0
012719_806733060,0
012719_806A22290,0
012719_806A401B0,0
012719_806A7E060,0
012719_806C363F0,0
012719_8070EDC20,0
012719_8073E6B40,0
012719_8075885F0,0
012719_8075D5D00,0
012719_807F0F780,0
012719_807F19B50,0
012719_8081EC540,0
012719_808FD4F10,0
012719_8094B9180,0
012719_809FC0A50,0
012719_80A3BADD0,0
012719_80A4040C0,0
012719_80ACCD3D0,0
012719_80AEEBDD0,0
012719_80AFD7420,0
012719_80B4C84B0,0
012719_80B5583B0,0
012719_80B560AB0,0
012719_80B7F1F10,0
012719_80B8643D0,0
012719_80BAFDF70,0
012719_80BFB7080,0
012719_80C9FE9A0,0
012719_80CE092B0,0
012719_80D134DA0,0
012719_80D96B5A0,0
012719_80DC7D260,0
012719_80ED96E10,0
012719_80F2BB8E0,0
012719_80FB53E90,0
012719_810E2D240,0
012719_810EF40D0,0
012719_8111DBA30,0
012719_8116F0770,0
012719_811C62EC0,0
012719_811C70F80,0
012719_811FBE810,0
012719_8123C8B10,0
012719_81280AC80,0
012719_812B22E10,0
012719_8141C3560,0
012719_8147CD800,0
012735_800AFA280,0
012735_801025820,0
012735_80108D130,0
012735_8010A4650,0
012735_8010ED5A0,0
012735_801192EA0,0
012735_80119D0D0,0
012735_8011ED8E0,0
012735_80121E370,0
012735_801260570,0
012735_8012C5D00,0
012735_801347690,0
012735_8013903C0,0
012735_801616E80,0
012735_80163A730,0
012735_801645D60,0
012735_8016CBD90,0
012735_8016F1A80,0
012735_8017108B0,0
012735_801782E50,0
012735_8017AA240,0
012735_801BE5710,0
012735_801D696C0,0
012735_801F80EA0,0
012735_801FA9ED0,0
012735_80200E810,0
012735_80202D1E0,0
012735_8022A3940,0
012735_8022D1110,0
012735_8022DD2D0,0
012735_802332620,0
012735_802558EF0,0
012735_802689A00,0
012735_8028514A0,0
012735_802A16080,0
012735_802AE1C90,1
012735_802CB4E40,0
012735_802E6A230,0
012735_8030473A0,0
012735_80304DD80,0
012735_803109B90,0
012735_803178770,0
012735_803253DE0,0
012735_803294880,0
012735_803432680,0
012735_8034B3D80,0
012735_803781280,0
012735_8037819F0,0
012735_803A66940,0
012735_803BABC40,0
012735_80401DC60,0
012735_80422A860,0
012735_8042CC740,0
012735_8045C35E0,0
012735_804738950,0
012735_804DD53E0,0
012735_804ED7DC0,0
012735_804F6E890,0
012735_8053E1690,0
012735_8055CCD30,0
012735_805DE7630,0
012735_8065F6A10,0
012735_8066820F0,0
012735_80672B300,0
012735_806C7B510,0
012735_806CF5000,0
012735_806D454D0,0
012735_807212EA0,0
012735_8072EDF70,0
012735_8074EFE30,0
012735_8079C42B0,0
012735_807A3E150,0
012735_807D16280,0
012735_807EAC0F0,0
012735_8086190E0,0
012735_808942230,0
012735_808C49FA0,0
012735_808FBC440,0
012735_808FBD4D0,0
012735_80971E940,0
012735_8097A76F0,0
012735_80A032720,0
012735_80ACBEC50,0
012735_80B34C330,0
012735_80B438A40,0
012735_80B5CE600,0
012735_80B5D1240,0
012735_80B939E90,0
012735_80C0D0280,0
012735_80C123180,0
012735_80C4EDD70,0
012735_80D06C150,0
012735_80D317850,0
012735_80D72D9D0,0
012735_80D9C1BA0,0
012735_80DA3FEA0,0
012735_80DA5BA10,0
012735_80DC6D770,0
012735_80E4BCF60,0
012735_80E74C310,0
012735_80FBEFCA0,0
012735_810C98260,0
012735_810DDA9B0,0
012735_811AAFDC0,0
012735_811C142E0,0
012735_812330510,0
012735_812F79200,0
012735_8140758F0,0
0127390_80A327580,0
0127390_80AC4D8F0,0
0127390_80AE29EC0,0
0127390_80B06D270,0
0127390_80B6C35F0,0
0127390_80BACB950,0
0127390_80BD6C650,0
0127390_80C810220,0
0127390_80C827390,0
0127390_80D27B630,0
0127390_80D54E400,0
0127390_80D5AD180,0
0127390_80D7B3780,0
0127390_80D7CDD80,0
0127390_80E046350,0
0127390_80E306EE0,0
0127390_80E306EE1,0
0127390_80E696550,0
0127390_80FF39BB0,0
0127390_81009EDD0,0
0127390_8101EDD50,0
0127390_81040BE70,0
0127390_811342CB0,0
0127390_8117769F0,0
0127390_811CCE4F0,0
0127390_8122E56B0,0
0127390_813164500,0
0127390_8133EAB10,0
0127390_813970510,0
0127390_8139F37F0,0
0127390_814396980,0
0127760_80A405B30,0
0127760_80A62E160,0
0127760_80AAD4F40,0
0127760_80AB51790,0
0127760_80B3F6200,0
0127760_80B59B350,0
0127760_80B89B860,0
0127760_80BB811B0,0
0127760_80BE34D40,0
0127760_80C3E3560,0
0127760_80CA349E0,0
0127760_80CAD4990,0
0127760_80CD42A40,0
0127760_80CE0B7C0,0
0127760_80CEA1A50,0
0127760_80D298ED0,0
0127760_80D2FF0C0,0
0127760_80D432B70,0
0127760_80D45C9F0,0
0127760_80D595390,0
0127760_80DF56A30,0
0127760_80E04F520,0
0127760_80E52CF30,0
0127760_80FF18C40,0
0127760_811829CA0,0
0127760_812BAFF20,0
0127760_812F03F30,0
0127760_81309FFF0,0
0127760_8141BA390,0
0127760_81444C8B0,0
0127760_8144B2280,0
0127977_80ACC4160,0
0127977_80BDC6480,0
0127977_80C315D70,0
0127977_80CC491C0,0
0127977_80CEBFD30,0
0127977_80D0B79B0,0
0127977_80D1C9C60,0
0127977_80D8D0AB0,0
0127977_80DA23760,0
0127977_80DBAB2E0,0
0127977_80E012AF0,0
0127977_80E034EE0,0
0127977_810AC0F30,0
0127977_810B1FC20,0
0127977_811130FC0,0
0127977_811D7CD40,0
0127977_811F420B0,0
0127977_812A568B0,0
0127977_812A8E9B0,0
0127977_812D2E1A0,0
0127977_8134726C0,0
012797_8011653A0,0
012797_8011653F0,0
012797_8011C9C20,0
012797_801305C40,0
012797_80132D340,0
012797_80134E7D0,0
012797_801397EF0,0
012797_8013D7D40,0
012797_8013D8080,0
012797_8014A1F10,0
012797_8014D9EC0,0
012797_801508210,0
012797_80151C130,0
012797_8015740A0,0
012797_801575A70,0
012797_80157E4B0,0
012797_80158A930,0
012797_8015A9620,0
012797_8015B0CA0,0
012797_8015C7CE0,0
012797_80169AD20,0
012797_80174C450,0
012797_80178A320,0
012797_8018C8060,0
012797_80193DC40,0
012797_801AFE2B0,0
012797_801B33320,0
012797_801B94FE0,0
012797_801D97320,0
012797_801D99AC0,0
012797_801EBFBF0,0
012797_801F2D060,0
012797_801F51000,0
012797_8020213B0,0
012797_802062300,0
012797_80233ACC0,0
012797_802409F00,0
012797_802502FA0,0
012797_802547150,0
012797_8025890D0,0
012797_802624880,0
012797_80265BCB0,0
012797_8028C4FE0,0
012797_802997DB0,0
012797_80299BBD0,0
012797_8029E33A0,0
012797_802A3C930,0
012797_802A91580,0
012797_802A95A50,0
012797_802AD5F70,0
012797_802DA0030,0
012797_802F11BE0,0
012797_8032245D0,0
012797_803276EE0,0
012797_80334E350,0
012797_80355CA80,0
012797_80372B8D0,0
012797_803BB64A0,0
012797_803CEAA20,0
012797_803E7B180,0
012797_8048B2FB0,0
012797_804F69690,0
012797_805272730,0
012797_805B0BA40,0
012797_8066D3920,0
012797_806896230,0
012797_80692A1C0,0
012797_806996CC0,0
012797_8077C2590,0
012797_80796A900,0
012797_8079ACD10,0
012797_807C1C540,0
012797_807C1F520,0
012797_8089033D0,0
012797_808F38600,0
012797_809476710,0
012797_80A6742C0,0
012797_80A692160,0
012797_80A75A1F0,0
012797_80B423F70,0
012797_80B652830,0
012797_80B8A3CD0,0
012797_80B999C10,0
012797_80B9D1170,0
012797_80BCEA4B0,0
012797_80C30DF70,0
012797_80C549C90,0
012797_80D482230,0
012797_80DEF8390,0
012797_810ADC630,0
012797_8115FC550,0
012797_8124B9020,0
012797_812976BB0,0
0128121_80AC4FC20,0
0128121_80B3E21E0,0
0128121_80B3F5C70,0
0128121_80B6653F0,0
0128121_80B817A70,0
0128121_80C09C380,0
0128121_80C7696B0,0
0128121_80D008BB0,0
0128121_80D11E760,0
0128121_80D2C2B10,0
0128121_80E107100,0
0128121_80E1587E0,0
0128121_80E2B9F50,0
0128121_80E6C14B0,0
0128121_80EB5D650,0
0128121_80EC73B40,0
0128121_8107983E0,0
0128121_810AE6E20,0
0128121_811AB1050,0
0128121_812B0D580,0
0128121_812D4E0D0,0
0128121_812EE0BC0,0
0128121_8133D73C0,0
0128121_813837E10,0
0128684_8078FC3F0,0
0128684_80A93B110,0
0128684_80AB6A7C0,0
0128684_80AB703E0,0
0128684_80B4A7780,0
0128684_80BFEEFA0,0
0128684_80C1617C0,0
0128684_80D18B0B0,0
0128684_80DF66BF0,0
0128684_80E03F630,0
0128684_80E35B010,0
0128684_80F1D5630,0
0128684_813539070,0
0129000_80B0A5E20,0
0129000_80B2274C0,0
0129000_80B9FD8C0,0
0129000_80BAD2860,0
0129000_80BBD9910,0
0129000_80BCF7A80,0
0129000_80C1FFF40,0
0129000_80C54EE10,0
0129000_80DB5B4E0,0
0129000_80DE82080,0
0129000_80DFD6520,0
0129000_80F60CF30,0
0129000_81050A2B0,0
0129000_81178E780,0
0129000_8128D5470,0
0129000_812EF7200,0
0129076_80B526C70,0
0129076_80B9621C0,0
0129076_80B96B6C0,0
0129076_80BA28EC0,0
0129076_80BD4E660,0
0129076_80D299ED0,0
0129076_80D9B4980,0
0129076_80DFFB400,0
0129076_80E3E8510,0
0129076_80E5F03E0,0
0129076_80E7962A0,0
0129076_810479BD0,0
0129076_8106C1010,0
0129076_810CA25A0,0
0129076_811660480,0
0129076_811B08F80,0
0129076_812201190,0
0129076_812537130,0
0129076_8125BC600,0
0129076_812C1B840,0
01292_800174800,0
01292_800188040,0
01292_80018AE80,0
01292_80018F970,0
01292_80018F9C0,0
01292_800194E00,0
01292_80019AAF0,0
01292_8001A5A50,0
01292_8001A6C50,0
01292_8001A9700,0
01292_8001AC2A0,0
01292_8001B5340,0
01292_8001CA830,0
01292_8001D1B40,0
01292_8001DDB60,0
01292_8001DE200,0
01292_8001E0AE0,0
01292_8001E1C50,0
01292_8001E6D40,0
01292_8001E95B0,0
01292_8001F4270,0
01292_8001F4EF0,0
01292_800213AD0,0
01292_8002390F0,0
01292_80025ABD0,0
01292_8002BAB10,0
01292_8002C2DE0,0
01292_8002D6970,0
01292_800300A30,0
01292_800302F00,0
01292_80030A0D0,0
01292_80032B330,0
01292_80038E170,0
01292_800393D40,0
01292_8003AEA10,0
01292_8003BCBB0,0
01292_8003BCF50,0
01292_8003BF640,0
01292_8003C5E60,0
01292_8003CC810,0
01292_8003D3470,0
01292_8003ED680,0
01292_8004030A0,1
01292_8004110B0,0
01292_8004191B0,0
01292_8004203B0,0
01292_800423870,0
01292_800432260,0
01292_800432650,0
01292_80043C730,0
01292_8004572B0,0
01292_8004661C0,0
01292_80046C200,0
01292_800483630,0
01292_8004839B0,0
01292_800484420,0
01292_8004872A0,0
01292_80049C1E0,0
01292_8004AC820,0
01292_8004C6A00,0
01292_8004C7010,0
01292_8004DE870,0
01292_8004E4A00,0
01292_80058A490,0
01292_8005BD570,0
01292_8005C97D0,0
01292_8005CD2C0,0
01292_8005E0460,0
01292_8005E1E60,0
01292_8005F0950,1
01292_8005F9110,0
01292_8006293D0,0
01292_8006452E0,0
01292_80064D0F0,0
01292_80064D1E0,0
01292_8006541B0,0
01292_800659FD0,0
01292_80066C810,0
01292_800681A40,0
01292_80068F0A0,0
01292_8006A3890,0
01292_8006B02A0,0
01292_8006DA840,0
01292_8006DC5F0,0
01292_8006EB310,0
01292_8006EC1E0,0
01292_8006F8520,0
01292_800712830,0
01292_80072A1F0,0
01292_800736870,0
01292_800753A10,0
01292_800758E00,0
01292_80075B730,0
01292_800761C60,0
01292_80076BE80,0
01292_800795C60,0
01292_800796300,0
01292_800804B60,0
01292_80081E1A0,0
01292_800827DE0,0
01292_8008492C0,0
01292_80087CBA0,0
01292_80088A770,0
01292_80093D140,0
01292_800A12610,0
01292_800A69D20,0
01292_800A89B40,0
01292_800A8E2B0,0
01292_800A93710,0
01292_800B13280,0
01292_800B15F30,0
01292_800B1A6A0,0
01292_800B238A0,0
01292_800B2CFF0,0
01292_800B36C10,0
01292_800BB73D0,0
01292_800BB9840,0
01292_800C15270,0
01292_800C38CA0,0
01292_800D1CB70,0
01292_800DAF690,0
01292_800DF7070,0
01292_800E49F10,0
01292_800E8CA10,0
01292_800E91830,0
01292_800EB6380,0
01292_800F14F10,0
01292_800F54790,0
01292_800FBEF60,0
01292_800FFD400,0
01292_8010D3D90,0
01292_80114F920,0
01292_801151640,0
01292_801175E60,0
01292_80118C7C0,0
01292_80118EA80,0
01292_80118EA81,0
01292_801217CD0,0
01292_80124F020,0
01292_8012558D0,0
01292_801287D50,0
01292_8012E3DF0,0
01292_80130A2E0,0
01292_801323B20,0
01292_8013E7270,0
01292_8014F9120,0
01292_8015E0FC0,0
01292_80164AF50,0
01292_801658480,0
01292_8016CDA50,0
01292_80170B9F0,0
01292_80176FCD0,0
01292_80179B370,0
01292_801AA6310,0
01292_801AFB530,0
01292_801B66770,0
01292_801BB6EE0,0
01292_801BFAA70,0
01292_801D0B8A0,0
01292_801F32440,0
01292_801F6FF00,0
01292_801F788B0,0
01292_8021C5660,0
01292_802206590,0
01292_8022594E0,0
01292_8022A7A40,0
01292_8022D1FD0,0
01292_8023DAAF0,0
01292_802550E80,0
01292_8025E9990,0
01292_8026A4D70,0
01292_8026A61D0,0
01292_8027BF5A0,0
01292_8027D3D00,0
01292_802936740,0
01292_802B32FD0,0
01292_802C4BE20,0
01292_8031022D0,0
01292_803120310,0
01292_8032D9B80,0
01292_80330CA10,0
01292_803468C60,0
01292_80346C6D0,0
01292_803487FE0,0
01292_8037200A0,0
01292_803727160,0
01292_803928EB0,0
01292_803C8D290,0
01292_803E18D90,0
01292_804089080,0
01292_8042727B0,0
01292_8042ED0F0,0
01292_804627160,0
01292_80486A250,0
01292_8049442D0,0
01292_804AA85F0,0
01292_804EE86F0,0
01292_8051DFCF0,0
01292_80559FD10,0
01292_805794BA0,0
01292_80601C2C0,0
01292_8062F8EA0,0
01292_806700730,0
01292_806E96100,0
01292_8070CA640,0
01292_807C7C000,0
01292_807CF2B40,0
01292_807F400A0,0
01292_808350F80,0
01292_808997930,0
01292_808B350C0,0
01292_808D34490,0
01292_809322690,0
01292_809926B10,0
01292_809A2AA00,0
01292_80A267AF0,0
01292_80AD5E370,0
01292_80B400E00,0
01292_80BFD9430,0
01292_80C0232B0,0
01292_80C2B8EB0,0
01292_80C7AD330,0
01292_80D4CC390,0
01292_80D506470,0
01292_80D925D20,0
01292_80DB63A50,0
01292_80DFF6590,0
01292_8103A5A00,0
01292_810DAE9E0,0
01292_81170DA70,0
01292_811EFF310,0
01292_81243A3C0,0
01292_8127CDC50,0
01292_812DB8CA0,0
01292_812F09DC0,0
01292_812F0C320,0
0129470_80679FF10,0
0129470_80AE92BB0,0
0129470_80AE9BF40,0
0129470_80AFF1C90,0
0129470_80B3DE020,0
0129470_80B421320,0
0129470_80B62DAD0,0
0129470_80B8F2C20,0
0129470_80BDEC8E0,0
0129470_80C0DA190,0
0129470_80C251870,0
0129470_80C855360,0
0129470_80D155F30,0
0129470_80D2EED60,0
0129470_80D959CE0,0
0129470_80DA3D9C0,0
0129470_80DDD43F0,0
0129470_80DFB1AF0,0
0129470_80E024B60,0
0129470_810F82E80,0
0129470_8111F9090,0
0129470_8113D49D0,0
0129470_8119E4610,0
0129470_8119FAE70,0
0129470_8124D3DD0,0
0129470_81421DA70,0
012963_8011C63D0,0
012963_80123D000,0
012963_801362200,0
012963_8013DF430,0
012963_8013EE640,0
012963_801408D50,0
012963_8014772B0,0
012963_801477A40,0
012963_8014C6340,0
012963_8014CF650,0
012963_8014E5E70,0
012963_801571690,0
012963_8015B4980,0
012963_8016327E0,0
012963_801637C20,0
012963_8016DBE80,0
012963_801746AD0,0
012963_8017B07E0,0
012963_80181BFF0,0
012963_8018BDB80,0
012963_8018CD830,0
012963_8019C92D0,0
012963_8019E0760,0
012963_801A03D90,0
012963_801A29470,0
012963_801B2DAE0,0
012963_801B36E40,0
012963_801BA1830,0
012963_801BA9E90,0
012963_801BAAC80,0
012963_801C6ECC0,0
012963_801D34160,0
012963_801DDC790,0
012963_801DFB650,0
012963_801EAF3E0,0
012963_801EC0260,0
012963_801EC8C00,0
012963_801ED1A80,0
012963_801ED1E30,0
012963_801FD7C60,0
012963_8020426B0,0
012963_80205E9E0,0
012963_8020AA2D0,0
012963_8020AA2D1,0
012963_8020B46E0,0
012963_802114820,0
012963_8021A2210,0
012963_8021B4730,0
012963_8021EC780,0
012963_8022E6E20,0
012963_80233B5D0,1
012963_8023405F0,0
012963_802380DC0,0
012963_8024171B0,0
012963_80282BB00,0
012963_8028396F0,0
012963_8028CF950,0
012963_8028D6500,0
012963_8029579C0,0
012963_80296CA20,0
012963_8029FA140,0
012963_802A0B290,0
012963_802A98CB0,0
012963_802B7E180,0
012963_802C9B290,0
012963_802D4C820,0
012963_802DD14D0,0
012963_802EC6CF0,0
012963_802FA48C0,0
012963_80318A920,0
012963_80335B340,0
012963_80337E330,0
012963_803395D50,0
012963_8041C83F0,0
012963_80425E220,0
012963_8042C9360,0
012963_80487D020,0
012963_804AFB070,0
012963_805598460,0
012963_806791DD0,0
012963_8067E5730,0
012963_8068A4B40,0
012963_8068E5390,0
012963_8068F11A0,0
012963_807341820,0
012963_80779EAD0,0
012963_8077ADA40,0
012963_8077CC110,0
012963_8078C6430,0
012963_807A86BD0,0
012963_807C108D0,0
012963_80806C6A0,0
012963_8083D1510,0
012963_80889F960,0
012963_8088D26F0,0
012963_80890C0E0,0
012963_808F11B80,0
012963_80A7884D0,0
012963_80BCAE780,0
012963_80BFBE870,0
012963_80C88B420,0
012963_80DEC67F0,0
012963_80E394FF0,0
012963_80E61C970,0
012963_80EC13910,0
012963_80FBA78B0,0
012963_8102DC6D0,0
012963_8109745D0,0
012963_810F5F6A0,0
012963_810FE9A30,0
012963_81249DF70,0
012963_8128AE9F0,0
0129974_80B420740,0
0129974_80B616590,0
0129974_80B8E61B0,0
0129974_80B9B13B0,0
0129974_80BC08FA0,0
0129974_80BD6BC20,0
0129974_80BDC23D0,0
0129974_80BF6BBD0,0
0129974_80C131A80,0
0129974_80C438F30,0
0129974_80C6E9A60,0
0129974_80C70BD40,0
0129974_80C7DB2D0,0
0129974_80CD478B0,0
0129974_80D396940,0
0129974_80D93F620,0
0129974_80D9616B0,0
0129974_80DE68D70,0
0129974_80DFA6C30,0
0129974_80E0C9BC0,0
0129974_80E0D4970,0
0129974_80EE27D90,0
0129974_80FEC9A20,0
0129974_81050DCD0,0
0129974_810E94910,0
0129974_810F7BED0,0
0129974_8118C0610,0
0129974_812DE8760,0
0129974_813611B30,0
0129974_8138F85B0,0
0129974_8139F7840,0
012_800043C00,0
012_800054B70,1
012_800056E00,0
012_80005D3B0,1
012_80005E9C0,0
012_80005FED0,0
012_800061510,0
012_800063CE0,0
012_800063D30,1
012_8000658F0,0
012_800066070,0
012_8000674A0,0
012_8000EC280,0
012_8000EE640,0
012_8000F42A0,0
012_8000F5030,0
012_8000F7C60,0
012_8000FCDC0,0
012_8000FFBD0,0
012_800101C40,0
012_800105F00,0
012_800106D00,0
012_8001090A0,0
012_80010C340,0
012_80010D740,1
012_80010E130,0
012_80010EA50,0
012_80010F6E0,0
012_800110F70,0
012_800117590,0
012_80011A010,0
012_80011F990,1
012_8001210E0,0
012_800123970,0
012_8001246D0,0
012_80012A760,0
012_80012FE00,0
012_800131B10,0
012_800132080,0
012_800132EC0,0
012_800135E30,0
012_800137450,0
012_80013BCB0,0
012_800145390,0
012_800146B60,0
012_8001473E0,0
012_80014DFC0,0
012_800150F20,0
012_800151C60,0
012_800166260,0
012_800167320,0
012_800167A40,0
012_8001744E0,0
012_8001783C0,0
012_80017D800,0
012_80017E5B0,0
012_800182030,0
012_800184E30,0
012_800188800,0
012_80018B2C0,0
012_80018EE40,0
012_80019F000,0
012_8001A4020,1
012_8001A4480,0
012_8001A4930,0
012_8001A8CC0,0
012_8001A8EB0,0
012_8001ADC70,0
012_8001B73A0,0
012_8001B8D60,0
012_8001BA510,0
012_8001BAF20,0
012_8001BC0C0,0
012_8001BFCF0,0
012_8001CB7C0,0
012_8001CF680,0
012_8001DAB60,0
012_8001DBE20,0
012_8001E0160,0
012_8001F1B20,0
012_8001F2380,0
012_8001F5E90,0
012_8001F60D0,0
012_8001FB010,0
012_8001FCB30,0
012_8001FF930,0
012_800205030,1
012_80021B2C0,0
012_800220E60,0
012_8002225F0,0
012_800229520,0
012_80022A0B0,0
012_80022A3F0,0
012_80022B750,0
012_80022E0D0,0
012_80022E980,0
012_800230C80,0
012_80023C100,0
012_80023D380,0
012_80023E4F0,0
012_800240F70,0
012_8002430F0,0
012_800246780,0
012_80024D4F0,0
012_800258480,0
012_80025A740,0
012_80025BBB0,0
012_80025CBF0,0
012_80025D320,0
012_80025E2A0,0
012_80025E670,0
012_800268C40,0
012_80026F4F0,0
012_800279820,0
012_80027AB30,0
012_80027D490,0
012_80027F580,0
012_8002807E0,0
012_80028C360,0
012_80028D320,0
012_80028E8C0,0
012_8002964E0,0
012_80029B5D0,0
012_8002B40D0,0
012_8002B7510,0
012_8002B7700,0
012_8002BB390,0
012_8002C2340,0
012_8002C3600,0
012_8002C8CC0,0
012_8002C9600,0
012_8002C97F0,0
012_8002DDCC0,0
012_8002DE740,0
012_8002E1BF0,0
012_8002E2080,0
012_8002E7D80,0
012_8002EAE50,0
012_8002F9BB0,0
012_8002FC5B0,0
012_800303130,0
012_800308AB0,0
012_80030D230,0
012_800314A00,0
012_80031B410,0
012_80031CF00,0
012_80031D1D0,0
012_80033BF20,0
012_80033C880,0
012_8003573C0,0
012_80035E920,0
012_8003754C0,0
012_800388920,0
012_8003A1300,0
012_8003B2BB0,0
012_8003C1FA0,0
012_8003DA180,0
012_8003DFF30,0
012_8003EC930,0
012_8003F6580,0
012_8003FB470,0
012_8003FF960,0
012_800409CB0,0
012_8004169A0,0
012_80042B020,0
012_800443850,0
012_80044C240,0
012_800462E50,0
012_800465CF0,0
012_800473570,0
012_800479D90,0
012_80048CA10,0
012_800499810,0
012_80049E450,0
012_8004B08C0,0
012_8004B9AE0,0
012_8004BD7D0,0
012_8004E2AB0,0
012_8004E7AF0,0
012_800502050,0
012_8005058F0,0
012_800506810,0
012_8005091F0,0
012_80050C280,0
012_80050F970,0
012_800516CA0,0
012_80052F960,0
012_80053AB90,0
012_800542F90,0
012_800545EA0,0
012_800570F70,0
012_800577BD0,0
012_800584DB0,0
012_800585CB0,0
012_80058C030,0
012_8005B8B10,0
012_8005BC1D0,0
012_8005C0F70,0
012_8005D0510,0
012_8005D5930,0
012_8005FB8F0,0
012_80060AB10,0
012_80060C470,0
012_80060E900,0
012_800614F40,0
012_800616F50,0
012_80061FD60,0
012_8006248A0,0
012_8006414E0,0
012_8006455A0,0
012_8006583C0,0
012_800667C50,0
012_800668A80,0
012_800677950,0
012_80068A1B0,0
012_80068A3F0,0
012_8006B5B50,0
012_8006FDC70,0
012_800714220,0
012_800720AA0,0
012_800730020,0
012_80073B850,0
012_80078B2E0,0
012_8007DDDF0,0
012_8007E35A0,0
012_8007E6980,0
012_8007E7F30,0
012_8007F1360,0
012_8007FB340,0
012_8007FC020,0
012_80080F180,0
012_800818510,0
012_800842F00,0
012_800869260,0
012_8008735A0,0
012_800888340,0
012_80088B5B0,0
012_800898410,0
012_8008B1D30,0
012_8008B4550,0
012_8008BE7A0,0
012_8008CB4D0,0
012_8008CC780,0
012_8009224B0,0
012_8009423F0,0
012_800955930,0
012_80095E760,0
012_800965E20,0
012_800970780,0
012_80097FAF0,0
012_800982040,0
012_8009846F0,0
012_80098C740,0
012_80098FAA0,0
012_8009B4EC0,0
012_8009C4960,0
012_8009CB430,0
012_8009DCDA0,0
012_800A008F0,0
012_800A14CA0,0
012_800A15C20,0
012_800A170F0,0
012_800A1ADB0,0
012_800A1E420,0
012_800A498A0,0
012_800AAA910,0
012_800AE1F70,0
012_800AEC1A0,0
012_800AF1430,0
012_800B29740,0
012_800B55F10,0
012_800B5C730,0
012_800B69830,0
012_800B7E1E0,0
012_800BB0640,0
012_800BD1990,0
012_800BD3200,0
012_800BD3201,0
012_800BF7AA0,0
012_800BFA330,0
012_800C050D0,0
012_800C0D250,0
012_800C37E20,0
012_800C3ADD0,0
012_800C54920,0
012_800CA4130,0
012_800CAFA40,0
012_800CB43F0,0
012_800CD02C0,0
012_800D61240,0
012_800D780A0,0
012_800DB82D0,0
012_800DC5CC0,0
012_800DFB210,0
012_800E2D730,0
012_800E42CE0,0
012_800E98F90,0
012_800EBE3E0,0
012_800ED0460,0
012_800EDE720,0
012_800EEECD0,0
012_800EF2420,0
012_800EF8280,0
012_800F26E80,0
012_800F52180,0
012_800F6EC70,0
012_800F81BB0,0
012_800FB5470,0
012_800FDC380,0
012_80101E340,0
012_801076560,0
012_80107DBF0,0
012_8010B15E0,0
012_8010C9D20,0
012_8010DBDB0,0
012_8011018A0,0
012_80113FF20,0
012_80120FDA0,0
012_8012A5E30,0
012_8012AFA10,0
012_801306B60,0
012_801385250,0
012_80141ED50,0
012_801430680,0
012_8014561A0,0
012_8014B5E70,0
012_80150EA80,0
012_80151E940,0
012_8015C1DD0,0
012_8015D6E80,0
012_8015F3210,0
012_8015F3BC0,0
012_801608360,0
012_8016159C0,0
012_80161AAC0,0
012_801683820,0
012_8016A46C0,0
012_8016EC7C0,0
012_8017001D0,0
012_8017F72A0,0
012_80183F730,0
012_80184A560,0
012_8018680A0,0
012_80188FF50,0
012_8018AA9A0,0
012_8018BC6B0,0
012_8019094F0,0
012_8019655F0,0
012_801968850,0
012_801AA67C0,0
012_801AB3430,0
012_801B20B80,0
012_801B4D0D0,0
012_801C78E60,0
012_801C7EFB0,0
012_801CA3730,0
012_801D31DB0,0
012_801DDD4C0,0
012_801E83330,0
012_801EA2110,0
012_801EB69B0,0
012_801EB8770,0
012_801F1B560,0
012_801F45BB0,0
012_801F95330,0
012_801FF2080,0
012_801FF9240,0
012_801FFF090,0
012_802155F60,0
012_80221D440,0
012_80229B7F0,0
012_8022B3680,0
012_802318060,0
012_8023B1D10,0
012_802413E50,0
012_80241B870,0
012_8024EF880,0
012_80257AFC0,0
012_80257C080,0
012_8025DA7E0,0
012_8025E4E20,0
012_80267FD50,0
012_802686050,0
012_80276BEC0,0
012_8027CFF20,0
012_8028A44F0,0
012_8028F72E0,0
012_80290F580,0
012_80299ADF0,0
012_8029CB880,0
012_802B08070,0
012_802B2E670,0
012_802BE25D0,0
012_802D3A9F0,0
012_802D55AE0,0
012_802E78D40,0
012_802EBB9A0,0
012_802F1B7B0,0
012_802F34CB0,0
012_80303A510,0
012_80314BC90,0
012_80315F9B0,0
012_803283D50,0
012_8032F7300,1
012_803369940,0
012_80372E1A0,0
012_803CB2340,0
012_803CF5530,0
012_803EA9830,0
012_80420BAF0,0
012_8042B7640,0
012_804559E20,0
012_8048BA4E0,0
012_804901A10,0
012_804AB2CA0,0
012_804E22280,0
012_804E47810,0
012_804F59300,0
012_8051CDAC0,0
012_805368D00,0
012_8057AA140,0
012_805DE11C0,0
012_805EFAB50,0
012_805F129F0,0
012_806049960,0
012_80606FD30,0
012_8060F5F70,0
012_8066B2B10,0
012_8066D6B60,0
012_8066D6B61,0
012_8068025A0,0
012_806864640,0
012_8069B1BD0,0
012_806CB4680,0
012_806D45B90,0
012_806DCEA60,0
012_806E74390,0
012_807285C10,0
012_807577350,0
012_80760C5C0,0
012_8078EA320,0
012_807984F10,0
012_807A7AEC0,0
012_807C99D80,0
012_807CFCB70,0
012_808317D10,0
012_8086AF430,0
012_8088FBD50,0
012_80938D6E0,0
012_8094790F0,0
012_80974B620,0
012_8097A6440,0
012_809A36720,0
012_80A345170,0
012_80A58FBB0,0
012_80A76F420,0
012_80AB8C7C0,0
012_80ACE3480,0
012_80B495AF0,0
012_80B4B1C60,0
012_80B581F60,0
012_80B6021C0,0
012_80BBDF4C0,0
012_80BED0750,0
012_80C09D410,0
012_80C3077F0,0
012_80C360120,0
012_80CFA8DB0,0
012_80D0E2F30,0
012_80D1E7640,0
012_80D224F50,0
012_80D2532D0,0
012_80D288FD0,0
012_80D2B8090,0
012_80D63DE60,0
012_80DE81950,0
012_80E2F5D60,0
012_80E3AC060,0
012_80E412D90,0
012_80EE7D240,0
012_80FB9C040,0
012_81159A940,0
012_811D32F40,0
012_812630C10,0
012_81275E8E0,0
012_81292DA80,0
012_812BCBB40,0
012_812D08F00,0
012_8131E3430,0
012_813EFDB70,0
012_8143449B0,0
012_8145E4A30,0
012_8147C9720,0
0130169_80B5EE000,0
0130169_80C0FA5D0,0
0130169_80C6C6510,0
0130169_80C70D1D0,0
0130169_80C827F00,0
0130169_80CE9D970,0
0130169_80CE9D971,0
0130169_80D21BC70,0
0130169_80D3B1180,0
0130169_80D7B0340,0
0130169_80D7F6590,0
0130169_80DAE9400,0
0130169_80DC30EA0,0
0130169_80DFC9920,0
0130169_80FB27BA0,0
0130169_810396390,0
0130169_810409890,0
0130169_810511950,0
0130169_8105C1BB0,0
0130169_810C91D80,0
0130169_811471460,0
0130169_811DEBAE0,0
0130169_8121901C0,0
0130169_812699A10,0
0130169_812F99E90,0
0130169_813A62850,0
0130169_814463A50,0
0130169_814716A30,0
0130219_80B3ED0D0,0
0130219_80B83B090,0
0130219_80BD938E0,0
0130219_80BDFD050,0
0130219_80C300F40,0
0130219_80C302B10,0
0130219_80C55FAF0,0
0130219_80C56B610,0
0130219_80C887040,0
0130219_80CB629E0,0
0130219_80CBC8700,0
0130219_80D0A2DB0,0
0130219_80D1F18A0,0
0130219_80D36BD60,0
0130219_80DBCAEA0,0
0130219_80E567790,0
0130219_80E6ED3C0,0
0130219_810B06AD0,0
0130219_810EE7FB0,0
0130219_8116B0C90,0
0130219_812EF9D70,0
0130219_81345CAC0,0
0130219_813ECB310,0
0130342_80B3908B0,0
0130342_80B394DF0,0
0130342_80B433370,0
0130342_80C033610,0
0130342_80CD4B270,0
0130342_80D03B160,0
0130342_80D312C60,0
0130342_80D94AE70,0
0130342_80D982FB0,0
0130342_80E003470,0
0130342_80E14BF00,0
0130342_80E74D9C0,0
0130342_8107016D0,0
0130342_810B4DFC0,0
0130342_81114EA70,0
0130342_811CE0260,0
0130342_811E30A50,0
0130342_811E6D430,0
0130342_812A3BC30,0
0130342_8132F5B00,0
0130342_8136FABB0,0
0130342_813D7A230,0
013037_8011B4700,0
013037_801268320,0
013037_801286470,0
013037_8012B08B0,0
013037_8012BC540,0
013037_8012F00C0,0
013037_801304E80,0
013037_801319F30,0
013037_8013257D0,0
013037_801339E50,0
013037_80133CE20,0
013037_80133DEE0,0
013037_801365500,0
013037_8013DA580,0
013037_801414E60,0
013037_8014400F0,0
013037_801460B00,0
013037_80146F930,0
013037_801486850,0
013037_801486C40,0
013037_80155C390,0
013037_801611F80,0
013037_80163C670,0
013037_80165F1F0,0
013037_8016BA4C0,0
013037_8017833B0,0
013037_8018531C0,0
013037_801873B00,0
013037_8018A61B0,0
013037_80191C2F0,0
013037_80199C3D0,0
013037_8019A9770,0
013037_801A75100,0
013037_801B626C0,0
013037_801B78610,0
013037_801B7B1F0,0
013037_801CF9DE0,0
013037_801CFF760,0
013037_801D01AB0,0
013037_801E41640,0
013037_801EA4B30,0
013037_801FCAB10,0
013037_801FED560,0
013037_8021DB810,0
013037_80228F5F0,0
013037_8022AB6F0,0
013037_8022AE130,0
013037_802309330,0
013037_8024A2830,0
013037_8024AC800,0
013037_8024D12E0,0
013037_80259FF50,0
013037_802753CE0,0
013037_8027CF570,1
013037_802878890,0
013037_8028F5310,0
013037_802AA53E0,0
013037_802C73E40,0
013037_802D2B950,0
013037_802D2B951,0
013037_802DFFC10,0
013037_802E22EC0,0
013037_802E3D480,0
013037_802E45690,0
013037_802E62CC0,0
013037_802EE2C40,0
013037_80317FEC0,0
013037_80321FFD0,0
013037_8032D71C0,0
013037_80338D4F0,0
013037_80350F4A0,0
013037_80360DAD0,0
013037_803718750,0
013037_80388DF40,0
013037_803ADDEF0,0
013037_803B07AA0,0
013037_803C1A7B0,0
013037_803DC64F0,0
013037_803E19AD0,0
013037_8041E9210,0
013037_8042DEB10,0
013037_8042DED30,0
013037_8043B3630,0
013037_8043F7AD0,0
013037_804762CD0,0
013037_80485EDF0,0
013037_8048E3C60,0
013037_804C32B50,0
013037_804D7E440,0
013037_804E560B0,0
013037_805224470,0
013037_8052D81E0,0
013037_8053F3C20,0
013037_8053FA190,0
013037_8058BD9B0,0
013037_805A5EFF0,0
013037_805A97840,0
013037_805B207F0,0
013037_805B34210,0
013037_805CDFBE0,0
013037_805DD05A0,0
013037_805ECE550,0
013037_8066DF260,0
013037_8070D6340,0
013037_8072ACE50,0
013037_807364F60,0
013037_8075BB1D0,0
013037_807622350,0
013037_807988990,0
013037_807C95A20,0
013037_807D95BF0,0
013037_80802E8C0,0
013037_8086E3300,0
013037_80897D130,0
013037_808A75940,0
013037_8098B1740,0
013037_809B67EF0,0
013037_80A034580,0
013037_80A388C40,0
013037_80AA23000,0
013037_80AE93DF0,0
013037_80AEA1AE0,0
013037_80B223950,0
013037_80B3F8380,0
013037_80B8114B0,0
013037_80BDE6570,0
013037_80BDE6571,0
013037_80BFCD280,0
013037_80C6CEA70,0
013037_80C6FD760,0
013037_80CD97860,0
013037_80D0CCBE0,0
013037_80D183B30,0
013037_80D2C84F0,0
013037_80D340230,0
013037_80DB5CB00,0
013037_80DCBB230,0
013037_80DF40A80,0
013037_80E00F300,0
013037_80E8C2F10,0
013037_80EC6A2A0,0
013037_80FCB7610,0
013037_810E38AC0,0
013037_810E434F0,0
013037_8116D3BA0,0
013037_811A54BB0,0
013037_81288B4F0,0
013037_812A30B90,0
013037_812F3B060,0
013037_81333E290,0
013037_813375560,0
013037_813508410,0
013037_8136AF060,0
0130425_80B7EF190,0
0130425_80C0A72A0,0
0130425_80C401250,0
0130425_80CF07410,0
0130425_80D06F650,0
0130425_80D083BF0,0
0130425_80D09DDD0,0
0130425_80D28E590,0
0130425_80D2A5220,0
0130425_80DAE04E0,0
0130425_80E0C5200,0
0130425_80E732EE0,0
0130425_80E99F410,0
0130425_8103A5720,0
0130425_810569930,0
0130425_810C60200,0
0130425_811C04BB0,0
0130425_81253E840,0
0130425_8130E2E80,0
0130425_8136071D0,0
0130425_813AECAE0,0
0130435_80BC2F390,0
0130435_80BFD12F0,0
0130435_80C26B9F0,0
0130435_80CBCDFE0,0
0130435_80D7AFAC0,0
0130435_80DA36CE0,0
0130435_80E1FAB30,0
0130435_80E6622A0,0
0130435_80FBF8E70,0
0130435_81026CDB0,0
0130435_8105959F0,0
0130435_810C7F990,0
0130435_8112C3330,0
0130435_8121A7CF0,0
0130435_812812560,0
0130435_812971FC0,0
0130435_812CE9140,0
0130435_81329EB20,0
0130435_8139423A0,0
0130435_813AABB80,0
0130435_813D0F640,0
0130449_80B7F5E40,0
0130449_80B8B8F80,0
0130449_80C2C2870,0
0130449_80CD081C0,0
0130449_80D0F4E10,0
0130449_80D43EB50,0
0130449_80D8C71C0,0
0130449_80EDA9FD0,0
0130449_80F3D8490,0
0130449_80FEF28D0,0
0130449_80FF3FA10,0
0130449_810C7CD00,0
0130449_811BE0FA0,0
0130449_811C69960,0
0130449_8121F90C0,0
0130449_8126F7980,0
0130449_812807D10,0
0130449_812B7C6A0,0
0130449_812FE6320,0
0130449_8130694F0,0
0130449_8138721A0,0
0130449_8145E1E10,0
013057_800D75170,0
013057_80120CAE0,0
013057_8012296B0,0
013057_8012F8290,0
013057_8013C1900,0
013057_80149FC40,0
013057_8014C9360,0
013057_8014D3180,0
013057_8014F4BC0,0
013057_801515020,0
013057_80151B680,0
013057_8015A8050,0
013057_8015BCA70,0
013057_8015C16E0,0
013057_80168C700,0
013057_8016C3580,0
013057_80174D500,0
013057_8017AB410,0
013057_80185F240,0
013057_8018EFF20,0
013057_8018F4A60,0
013057_801907710,0
013057_801907F70,0
013057_801937B00,0
013057_801A04100,0
013057_801A9FC00,0
013057_801B47000,0
013057_801BDF930,0
013057_801C73260,0
013057_801C94F60,0
013057_801D30B30,0
013057_801D92590,0
013057_801DF5DE0,0
013057_801E01A70,0
013057_801EF2DF0,0
013057_801FAC3B0,0
013057_801FADCB0,0
013057_802004550,0
013057_80207A220,0
013057_802096AF0,0
013057_80211D510,0
013057_802122830,0
013057_8021B39F0,0
013057_8024E8C40,0
013057_802516600,0
013057_8025180A0,0
013057_802578790,0
013057_802615B00,0
013057_8027DB410,0
013057_8028D3370,0
013057_802A8F8C0,0
013057_802B07140,0
013057_802B077F0,0
013057_802B67870,0
013057_802C6A8E0,0
013057_802CA4C60,0
013057_802DD6E70,0
013057_802DE00D0,0
013057_802F0DDF0,0
013057_8031226B0,0
013057_803278D50,0
013057_803D08E70,0
013057_8041C4F10,0
013057_8043309A0,0
013057_8048B4890,0
013057_804BF0640,0
013057_805588510,0
013057_8056DA620,0
013057_805754970,0
013057_8057567F0,0
013057_805792930,0
013057_805817A30,0
013057_8059E95C0,0
013057_8069928C0,0
013057_806A5CA40,0
013057_807CFC050,0
013057_807CFF450,0
013057_8081241B0,0
013057_8088D21B0,0
013057_808976F40,0
013057_8093FCC00,0
013057_80965BC10,0
013057_8097C6CC0,0
013057_80A658010,0
013057_80B30BA10,0
013057_80B829730,0
013057_80B9F57A0,0
013057_80BC9C450,0
013057_80C808510,0
013057_80D0EEDE0,0
013057_80D352690,0
013057_80DCCA250,0
013057_80DED01C0,0
013057_80E1FF5F0,0
013057_80FF12910,0
013057_810320290,0
013057_811010190,0
013057_81105D420,0
013057_8114C99E0,0
013057_812166060,0
013057_812728700,0
013057_81277BC70,0
0130584_80B8C84D0,0
0130584_80BE37AD0,0
0130584_80BF8F0E0,0
0130584_80C2BB010,0
0130584_80C85AD10,0
0130584_80CE68FB0,0
0130584_80CE9FA20,0
0130584_80D051630,0
0130584_80D0E90E0,0
0130584_80F255C80,0
0130584_80F3DC950,0
0130584_8101ED130,0
0130584_8103DBBF0,0
0130584_8111660F0,0
0130584_81172F750,0
0130584_811EA6B40,0
0130584_8121F6400,0
0130584_8121F6401,0
0130584_812B95100,0
0130584_813A8B130,0
0130596_80B85A810,0
0130596_80BFA6570,0
0130596_80C56B850,0
0130596_80D03D190,0
0130596_80D0417E0,0
0130596_80D5593B0,0
0130596_80D6234E0,0
0130596_80D9E7810,0
0130596_80DBB4230,0
0130596_80DCA5CB0,0
0130596_80E2DB260,0
0130596_80E4986A0,0
0130596_80F0C6980,0
0130596_80F29B640,0
0130596_8106B6C50,0
0130596_8107590B0,0
0130596_810868DA0,0
0130596_8113465F0,0
0130596_811785AA0,0
0130596_8118DF510,0
0130596_811C272D0,0
0130596_81281DFA0,0
0130596_812B0E260,0
0130596_812BCA2B0,0
0130596_812C89560,0
0130596_812D83BE0,0
0130596_812D932F0,0
0130596_812DB95B0,0
0130596_8131DFAE0,0
0130637_80BD58C30,0
0130637_80C1229B0,0
0130637_80C2B4150,0
0130637_80C9CCC20,0
0130637_80CD3CB50,0
0130637_80D084220,0
0130637_80D564FC0,0
0130637_80D8ACDD0,0
0130637_80D8BE430,0
0130637_80DCB6510,0
0130637_80E7086F0,0
0130637_81174E9A0,0
0130637_812EB55B0,0
0130637_813143520,0
0130637_8132A81F0,0
0130637_8133D8500,0
013083_801212BB0,0
013083_801216250,0
013083_80122E840,0
013083_801298B60,0
013083_8013315D0,0
013083_8013510B0,0
013083_80135D770,0
013083_80135D7C0,0
013083_8013BBFC0,0
013083_801424CC0,0
013083_8014B5570,0
013083_8014E5170,0
013083_80151C600,0
013083_801576FE0,0
013083_8015F7C30,0
013083_80185FE20,0
013083_801913DD0,0
013083_801A3ED00,0
013083_801B13B90,0
013083_801B8B890,0
013083_801DD4960,0
013083_801DE1740,0
013083_801DEBF60,0
013083_801F48920,0
013083_801FA3BE0,0
013083_80203F160,0
013083_80218DDB0,0
013083_8023C0F40,0
013083_8025A88B0,0
013083_8025EF980,0
013083_8025F3620,0
013083_8026348F0,0
013083_80277ADD0,0
013083_802785B60,0
013083_8028B7DF0,0
013083_802D85CB0,0
013083_802E53530,0
013083_802EFDE20,0
013083_8031D8510,0
013083_8033A2DD0,0
013083_8033C4750,0
013083_80341BCE0,0
013083_803CF0620,0
013083_803D0A5B0,0
013083_803D26E10,0
013083_8041AD980,0
013083_804248FD0,0
013083_8049011C0,0
013083_804944ED0,0
013083_805561740,0
013083_80583D060,0
013083_805874BB0,0
013083_805ECA8C0,0
013083_80679ACF0,0
013083_80689DF90,0
013083_8068C67A0,0
013083_80695EFE0,0
013083_8076309B0,0
013083_8077C4C40,0
013083_807B1B920,0
013083_807BB1390,0
013083_807BF3C00,0
013083_807BFE720,0
013083_808027930,0
013083_808190CD0,0
013083_808239240,0
013083_808277430,0
013083_80831E680,0
013083_8084B8FD0,0
013083_8085C5A70,0
013083_808BB1C00,0
013083_808C21650,0
013083_809809140,0
013083_80983E070,0
013083_80A2D1A40,0
013083_80AD75680,0
013083_80B355300,0
013083_80BA41F40,0
013083_80BAD4E00,0
013083_80BC8F3D0,0
013083_80BC978E0,0
013083_80BD003D0,0
013083_80C236110,0
013083_80C7FEA60,0
013083_80CCB37C0,0
013083_80E5F5D00,0
013083_80ED01B80,0
013083_80F908580,0
013083_8103EC830,0
013083_810E6F2D0,0
013083_8111D2CA0,0
013083_812481650,0
013083_812726500,0
0130864_80C3573B0,0
0130864_80C6EC780,0
0130864_80D2821E0,0
0130864_80DEFDF00,0
0130864_80DF269F0,0
0130864_80DF3F8A0,0
0130864_80E3E2DC0,0
0130864_80EF26DA0,0
0130864_80F2D40B0,0
0130864_80F4F89B0,0
0130864_80F71DEF0,0
0130864_8106A9710,0
0130864_81108DB20,0
0130864_811735A60,0
0130864_8128238F0,0
0130864_81297C7F0,0
0130864_812B48BF0,0
0130864_812F4FBA0,0
0130864_8141B1F50,0
0130902_80B915060,0
0130902_80BA97E30,0
0130902_80BCAED20,0
0130902_80D104D00,0
0130902_80D308790,0
0130902_80D3EF740,0
0130902_80E5F48E0,0
0130902_80FBABBF0,0
0130902_8102DF4B0,0
0130902_8108F8950,0
0130902_811B259F0,0
0130902_811CADF30,0
0130902_8124B9D90,0
0130902_8125A1D00,0
0131167_80B9B3250,0
0131167_80BA0DAD0,0
0131167_80BB10610,0
0131167_80C65E740,0
0131167_80C70C7C0,0
0131167_80DCFAD00,0
0131167_80DDE3F40,0
0131167_80E03BBD0,0
0131167_80E2D9050,0
0131167_80E7AC950,0
0131167_80ECBF310,0
0131167_80F7C3640,0
0131167_8108A7760,0
0131167_81111C640,0
0131167_81259B050,0
0131167_8133A9680,0
0131326_80BC131C0,0
0131326_80C0A03F0,0
0131326_80C361E90,0
0131326_80C711660,0
0131326_80D26DE70,0
0131326_80D333580,0
0131326_80D41C550,0
0131326_80D6D9400,0
0131326_80F2F8A10,0
0131326_81009BCD0,0
0131326_8106FBD00,0
0131326_810DC65A0,0
0131326_811340170,0
0131326_811EAE6E0,0
0131326_81243ED40,0
0131326_81284A540,0
0131326_8129428C0,0
0131326_813329940,0
0131326_8133E3520,0
0131326_813549950,0
0131326_813905510,0
0131380_80BB8C160,0
0131380_80C209910,0
0131380_80CEF6040,0
0131380_80D1E6350,0
0131380_80D38B410,0
0131380_80D3E68E0,0
0131380_80D483F30,0
0131380_80D5359D0,0
0131380_80D657470,0
0131380_80D8F16D0,0
0131380_80DA87A90,0
0131380_80DD4AE70,0
0131380_80E4D7D30,0
0131380_80E5F2170,0
0131380_80E68AC60,0
0131380_80ED3E960,0
0131380_8102CAEB0,0
0131380_8102D3420,0
0131380_8102F47C0,0
0131380_810FAF230,0
0131380_811038FC0,0
0131380_8110ACFF0,0
0131380_811132B80,0
0131380_812301E20,0
0131380_81265E780,0
0131380_812FCDDD0,0
0131380_81324BB10,0
013145_8012902C0,0
013145_8012A4E20,0
013145_8012DB5D0,0
013145_8012E2C10,0
013145_801319860,0
013145_80131EDA0,0
013145_80141B640,0
013145_80146AF70,0
013145_8014F1F90,0
013145_8015AFB90,0
013145_8015DACE0,0
013145_8015E6B80,0
013145_801661A40,0
013145_8016BD850,0
013145_8016D3680,0
013145_80170AC90,0
013145_80199EEB0,0
013145_8019BFC70,0
013145_801A9ED00,0
013145_801B20600,0
013145_801B7CFC0,0
013145_801D206B0,0
013145_801D4C4D0,0
013145_801F8A6E0,0
013145_80225B2E0,0
013145_802261B10,0
013145_802271060,0
013145_8022878A0,0
013145_8022A8460,0
013145_8024363D0,0
013145_80252F5F0,0
013145_802592BA0,0
013145_8025B4960,0
013145_80273D640,0
013145_802768B10,0
013145_8027C12A0,0
013145_802840F70,0
013145_802858A60,0
013145_802C04880,0
013145_802C35910,0
013145_802C5A790,0
013145_802DFE970,0
013145_803171F00,0
013145_803183CF0,0
013145_803195830,0
013145_8033EA9E0,0
013145_803408DD0,0
013145_803484150,0
013145_80349E9E0,0
013145_80351B7F0,0
013145_803784380,0
013145_803D0DA10,0
013145_8040B26A0,0
013145_804400D50,0
013145_804675B00,0
013145_8047EFDB0,0
013145_8049932E0,0
013145_804D5EBD0,0
013145_804D8E710,0
013145_804E24D10,0
013145_8051F4F80,0
013145_8051FB4D0,0
013145_8054AE710,0
013145_8055BF980,0
013145_805B20CF0,0
013145_805C624F0,0
013145_805C624F1,0
013145_805CC9AF0,0
013145_806014910,0
013145_80675FF40,0
013145_8067884C0,0
013145_807571930,0
013145_8078FAFF0,0
013145_807AF5850,0
013145_80805BD40,0
013145_808109CE0,0
013145_808CFEA60,0
013145_808E83A10,0
013145_808EAFC10,0
013145_80979AF40,0
013145_80AAC1FE0,0
013145_80AAE5480,0
013145_80AE684A0,0
013145_80B392D10,0
013145_80BCBD540,0
013145_80BD59020,0
013145_80C0F7CE0,0
013145_80C356950,0
013145_80C814B40,0
013145_80D0CA130,0
013145_80D1DFF70,0
013145_80D2BDDC0,0
013145_80D34ADA0,0
013145_80E0C5FC0,0
013145_80ECAF350,0
013145_810158A80,0
013145_8102B1090,0
013145_81049F6F0,0
013145_8117986A0,0
013145_81207FC70,0
013145_813325720,0
013145_8139668F0,0
013145_814341E10,0
0131466_80BBDD6D0,0
0131466_80BBE96A0,0
0131466_80C633D70,0
0131466_80D1EF290,0
0131466_80D255700,0
0131466_80D470D20,0
0131466_80E674CD0,0
0131466_80ECD0510,0
0131466_80FFE7480,0
0131466_8118EADA0,0
0131466_811B12260,0
0131466_812791AB0,0
0131687_80BB559D0,0
0131687_80D22A330,0
0131687_80DE08090,0
0131687_80E632AF0,0
0131687_80E7B3760,0
0131687_80EBB92E0,0
0131687_80F26CDF0,0
0131687_810A9A2E0,0
0131687_81195FCC0,0
0131687_81199CF80,0
0131687_811B18E70,0
0131800_80C7BBE40,0
0131800_80D4284A0,0
0131800_80DED7A30,0
0131800_80E08CF30,0
0131800_80E7AE130,0
0131800_80ED837B0,0
0131800_80F0B2FC0,0
0131800_80F109720,0
0131800_8102FD5E0,0
0131800_810FE4630,0
0131800_811677330,0
0131800_81214CA90,0
0131800_8126905C0,0
0131808_8000C10B0,0
0132306_80BEDFF60,0
0132306_80BFAC340,0
0132306_80C2A29A0,0
0132306_80C3003D0,0
0132306_80C377CE0,0
0132306_80C3F13B0,0
0132306_80CD82590,0
0132306_80D26AAE0,0
0132306_80D2F85E0,0
0132306_80D7AA930,0
0132306_80DD093F0,0
0132306_80DDBAF50,0
0132306_80E0EA9A0,0
0132306_80E0FC8D0,0
0132306_80EBE8730,0
0132306_80EE5ECF0,0
0132306_80F2D45D0,0
0132306_80F35C910,0
0132306_80F4D6920,0
0132306_810273410,0
0132306_8103952B0,0
0132306_810B410E0,0
0132306_810B44F20,0
0132306_810E8E550,0
0132306_810F7A9D0,0
0132306_812197AF0,0
0132306_81312D9F0,0
0132306_81362D1B0,0
0132306_8138F8890,0
0132306_813ADDAF0,0
0132306_813BD71F0,0
0132306_8147D08D0,0
0132445_80CC4ECB0,0
0132445_80CEDD370,0
0132445_80CFA74F0,0
0132445_80D26CB40,0
0132445_80D949320,0
0132445_80DBA63B0,0
0132445_80DEFC5F0,0
0132445_80DF6E3C0,0
0132445_80E0DEC60,0
0132445_80EDEB440,0
0132445_810293D00,0
0132445_810438F10,0
0132445_81046EEC0,0
0132445_810802520,0
0132445_811C5FDC0,0
0132445_812875870,0
0132445_812876960,0
0132445_812C4AE80,0
0132445_813142A90,0
0132445_8133DBB60,0
0132445_813516530,0
0132445_813836AD0,0
0132445_8139C9C90,0
0132499_80C093830,0
0132499_80C6F27C0,0
0132499_80C9B0870,0
0132499_80D25BEC0,0
0132499_80D379010,0
0132499_80E3D14C0,0
0132499_80ED0DF50,0
0132499_80FF305F0,0
0132499_8103F8270,0
0132499_8105AC140,0
0132499_8106E4000,0
0132499_811038000,0
0132499_811193BE0,0
0132499_811BDF530,0
0132499_812873970,0
0132523_80320B680,0
0132523_80C8555D0,0
0132523_80CA34990,0
0132523_80D12B9D0,0
0132523_80D4F3250,0
0132523_80ECAAC30,0
0132523_81009E5B0,0
0132523_8104490C0,0
0132523_810595660,0
0132523_8105BFEC0,0
0132523_811C228A0,0
0132523_8121A1450,0
0132523_81272D1F0,0
0132523_8129A8B80,0
0132523_812D875B0,0
0132523_812FAA9D0,0
0132523_813934C30,0
0132523_813B065D0,0
0132554_80C113F30,0
0132554_80C260870,0
0132554_80D12A620,0
0132554_80D31F5E0,0
0132554_80D72CDE0,0
0132554_80DC8FBE0,0
0132554_80F762930,0
0132554_810749FD0,0
0132554_810B03FC0,0
0132554_810DE8290,0
0132554_811FC05B0,0
0132554_8121F5320,0
0132554_8123BC350,0
0132554_8126AADE0,0
0132554_81289A9A0,0
0132554_81382E1A0,0
0132554_813AD9540,0
0132554_813FE1BC0,0
0132554_81481FDF0,0
013264_801232090,0
013264_801312FF0,0
013264_80136C2A0,0
013264_80137F860,0
013264_8014196E0,0
013264_801419730,0
013264_801423340,0
013264_801521420,0
013264_80154EDA0,0
013264_80156F160,0
013264_801610570,0
013264_80163A330,0
013264_8016CD030,0
013264_801714CE0,0
013264_8017A7040,0
013264_8017C2DB0,0
013264_801888BF0,0
013264_801929EF0,0
013264_8019DA150,0
013264_801A8DCE0,0
013264_801B4C860,0
013264_801BDF030,0
013264_801D020E0,0
013264_801D27120,0
013264_801E40E80,0
013264_801F8CC60,0
013264_80208B270,0
013264_8021B6DD0,0
013264_80220EBE0,0
013264_802246480,0
013264_80224EEB0,0
013264_802255860,0
013264_8022A0330,0
013264_8023DDE90,0
013264_802457770,0
013264_80254F0E0,0
013264_80274A600,0
013264_8027BDB10,0
013264_802840B40,0
013264_802873E40,0
013264_802BD2060,0
013264_802C14F90,0
013264_802C38120,0
013264_802C932F0,0
013264_802CD9E50,0
013264_802E6E0A0,0
013264_802F31DA0,0
013264_8030CAA20,0
013264_803134A50,0
013264_8031972D0,0
013264_8034D7770,0
013264_80374BCD0,0
013264_803B7FD70,0
013264_803CBADB0,0
013264_803D0EB90,0
013264_803E136C0,0
013264_8045CF730,0
013264_8046DAFF0,0
013264_80475DEE0,0
013264_8051EA490,0
013264_80520A910,0
013264_8052F35A0,0
013264_8055B8D70,0
013264_805A3D500,0
013264_805B77D80,0
013264_8060515E0,0
013264_80678BBE0,0
013264_806B90610,0
013264_806C785B0,0
013264_806E92C90,0
013264_8071AEC70,0
013264_80735DD20,0
013264_80749A0A0,0
013264_80755B0B0,0
013264_8075FDEB0,0
013264_807B86D70,0
013264_807C96D10,0
013264_807D17DB0,0
013264_8083E5D60,0
013264_808558690,0
013264_808A3C1E0,0
013264_808B9FE10,0
013264_8093268D0,0
013264_8093CF8F0,0
013264_809B06D70,0
013264_809B0B7A0,0
013264_80B2F7FC0,0
013264_80B485F60,0
013264_80B5C0D70,0
013264_80BDBF420,0
013264_80BDD8020,0
013264_80BF5DDC0,0
013264_80BFB8190,0
013264_80C208360,0
013264_80C544A20,0
013264_80C8FF7F0,0
013264_80D2A3C10,0
013264_80D2FA470,0
013264_80D30CE50,0
013264_80D4C2DE0,0
013264_80D51A660,0
013264_80D56B200,0
013264_80D7BF170,0
013264_80E37C3C0,0
013264_80EC5D5D0,0
013264_80F360380,0
013264_80F7D5CC0,0
013264_81086A4D0,0
013264_810B446A0,0
013264_812CD3550,0
013264_8130B18A0,0
013264_8130B4A20,0
013264_813F86A90,0
013265_801311D10,0
013265_801353830,0
013265_8014C86F0,0
013265_8014D2B90,0
013265_8014D77B0,0
013265_8014F42D0,0
013265_801519B90,0
013265_8016164D0,0
013265_801689650,0
013265_8016C21E0,0
013265_8017FE460,0
013265_8018AE5C0,0
013265_8019119F0,0
013265_8019132C0,0
013265_801971490,0
013265_801971491,0
013265_801A03390,0
013265_801B7A0F0,0
013265_801B81AB0,1
013265_801C17780,0
013265_801C7E740,0
013265_801CA3480,0
013265_801F9A920,0
013265_801FC07B0,0
013265_801FC95E0,0
013265_80209E3B0,0
013265_8020B5050,0
013265_802122510,0
013265_8021771E0,0
013265_802540890,0
013265_80257DD80,0
013265_8025C2FB0,0
013265_8026549B0,0
013265_8026B9670,0
013265_8026EA850,0
013265_802728C80,0
013265_8027AAFD0,0
013265_802A4AF40,0
013265_802AF9970,0
013265_802B7D2E0,0
013265_802C0EE60,0
013265_802CF9940,0
013265_802D9C480,0
013265_802F19170,0
013265_802F63A20,0
013265_8030BDF40,0
013265_80322C630,0
013265_80326BEE0,0
013265_803E8A780,0
013265_80425D360,0
013265_8048F10D0,0
013265_805A0F860,0
013265_806071830,0
013265_8062C4110,0
013265_8068F2BD0,0
013265_80692FAF0,0
013265_806CC5400,0
013265_80708B300,0
013265_8075E6300,0
013265_807789D50,0
013265_807BCBAF0,0
013265_8082DDA90,0
013265_808AD8CB0,0
013265_808E99C30,0
013265_809103A10,0
013265_809419160,0
013265_80948DD80,0
013265_80954DF40,0
013265_80A666DE0,0
013265_80ABD6D10,0
013265_80AEB81A0,0
013265_80AF3FDD0,0
013265_80B400800,0
013265_80B96FD70,0
013265_80C54EB90,0
013265_80D258590,0
013265_80D4BCB90,0
013265_80F2756B0,0
013265_81028C3D0,0
013265_8110AD630,0
013265_8113D5DC0,0
013265_811D3FF70,0
013265_8144A2FB0,0
0132722_80C2C1B50,0
0132722_80CBD9470,0
0132722_80CD8EEA0,0
0132722_80E0E42A0,0
0132722_80E1CCF30,0
0132722_80E618AD0,0
0132722_80EC380D0,0
0132722_80ED23640,0
0132722_80F7BC7A0,0
0132722_80F95C690,0
0132722_80FF2FE50,0
0132722_8103B9200,0
0132722_8105AF800,0
0132722_8113449A0,0
0132722_811D51450,0
0132722_8120B8140,0
0132722_812425430,0
0132722_814157A50,0
0132725_80CD92BE0,0
0132725_80CD93A30,0
0132725_80D0A7BD0,0
0132725_80D0AC9E0,0
0132725_80D4A37C0,0
0132725_80D552940,0
0132725_80D7C90A0,0
0132725_80DBA5910,0
0132725_80DFC3870,0
0132725_80E057660,0
0132725_80E7A37E0,0
0132725_8103C1AC0,0
0132725_810439870,0
0132725_81114B050,0
0132725_811162410,0
0132725_8113E61E0,0
0132725_811E2AA70,0
0132725_812FB3A10,0
0132725_812FFE590,0
0132725_81307DF30,0
0132725_813829BA0,0
0132725_8140FE090,0
0132725_8142C2B00,0
0132921_80C340AA0,0
0132921_80C43A2D0,0
0132921_80C829770,0
0132921_80CD45260,0
0132921_80CEAABC0,0
0132921_80D5EC840,0
0132921_80DFCD940,0
0132921_80E41CCB0,0
0132921_80F3CFD30,0
0132921_80FEF37D0,0
0132921_8104728D0,0
0132921_810F76660,0
0132921_811790710,0
0132921_8117945A0,0
0132921_8122ED5F0,0
0132921_813A619B0,0
0132921_813AA1610,0
0132923_80C33B420,0
0132923_80C3EEC80,0
0132923_80D32FF90,0
0132923_80D4998B0,0
0132923_80D568470,0
0132923_80D653190,0
0132923_80D738190,0
0132923_80D766E10,0
0132923_80DF5B790,0
0132923_80E41F860,0
0132923_80EC5CFA0,0
0132923_80EC87860,0
0132923_80F7A3D10,0
0132923_80FB864C0,0
0132923_811E20640,0
0132923_812C5B170,0
0132923_812F0D210,0
0132923_81301FAF0,0
0132923_8132DFA20,0
0132923_8133F0B90,0
0132923_8134F9980,0
0132923_8135BB990,0
0132923_8135C6400,0
0132958_80C84A470,0
0132958_80D23D4A0,0
0132958_80D2919C0,0
0132958_80D8F1EE0,0
0132958_80DAAD190,0
0132958_80FBB7960,0
0132958_810F5E300,0
0132958_8110CEEF0,0
0132958_8124AA3B0,0
0132958_81264C4F0,0
0132958_8128C1ED0,0
013327_8013EA470,0
013327_801416C40,0
013327_801464C50,0
013327_8014F0730,0
013327_8015636B0,0
013327_801563700,0
013327_801565A50,0
013327_801567530,0
013327_8015F1670,0
013327_8015F18C0,0
013327_8016BA470,0
013327_801706FF0,0
013327_801770A90,0
013327_801833320,0
013327_801976DC0,0
013327_8019D8990,0
013327_801C4CFA0,0
013327_801C53340,0
013327_801CBAB50,0
013327_801D1E330,0
013327_801D63BD0,0
013327_801E8E850,0
013327_801EA3410,0
013327_8021BC810,0
013327_80221A8A0,0
013327_80242FB30,0
013327_802486FE0,0
013327_8024B73A0,0
013327_802632740,0
013327_80273E290,0
013327_802933E10,0
013327_802B5A350,0
013327_802BB9EC0,0
013327_802C423C0,0
013327_802CACC00,0
013327_802E3F640,0
013327_802F18350,0
013327_803044CB0,0
013327_803069C30,0
013327_803194190,0
013327_8032A3E00,0
013327_8034060B0,0
013327_8034856E0,0
013327_80351FB80,0
013327_803C225D0,0
013327_803CAF6B0,0
013327_804251BF0,0
013327_804755780,0
013327_8047A65B0,0
013327_8047EB220,0
013327_804893AC0,0
013327_804C49A80,0
013327_804E38D00,0
013327_805299F40,0
013327_805B26960,0
013327_805CF09D0,0
013327_805EBFB70,0
013327_805ECB250,0
013327_805FBF160,0
013327_806003920,0
013327_8063EFE10,0
013327_8064195D0,0
013327_8064E5240,0
013327_806A01E80,0
013327_806C709E0,0
013327_80755E440,0
013327_807561530,0
013327_807A0B370,0
013327_80866A060,0
013327_808F89C20,0
013327_809C682E0,0
013327_809FC9D50,0
013327_80A3C5870,0
013327_80A782F40,0
013327_80AAD75B0,0
013327_80AAEFCF0,0
013327_80B477640,0
013327_80B54E3A0,0
013327_80BACCF70,0
013327_80BDAEC10,0
013327_80BE263A0,0
013327_80C25BCE0,0
013327_80C708070,0
013327_80D4205C0,0
013327_80D55FD30,0
013327_80D8B24D0,0
013327_80EB531D0,0
013327_810503FE0,0
013327_8105C9AB0,0
013327_810AE26E0,0
013327_810B0FB40,0
013327_810B22730,0
013327_81148A090,0
013327_8116AEE50,0
013327_8118D8040,0
013327_81268FA90,0
013327_8138486F0,0
013327_813A2BE30,0
013327_813BD53B0,0
013345_801235C70,0
013345_8013BFDF0,0
013345_801424C20,0
013345_8014D2040,0
013345_8014EA710,0
013345_80150B170,0
013345_801522B70,0
013345_8016912E0,0
013345_80169BCD0,0
013345_8016A37F0,0
013345_8016D0A70,0
013345_8017BB1F0,0
013345_8018446E0,0
013345_80189D4E0,0
013345_80190BC90,0
013345_80190F810,0
013345_801937610,0
013345_8019A1A00,0
013345_801B89400,0
013345_801BC49D0,0
013345_801D86A50,0
013345_801D8BB40,0
013345_801D93630,0
013345_801DCD680,0
013345_801DFB2A0,0
013345_801E26C80,0
013345_801E465F0,0
013345_801E6C910,0
013345_801EF72B0,0
013345_801F02E20,0
013345_801F9CC10,0
013345_801F9EF60,0
013345_801FFB830,0
013345_8020CB1A0,0
013345_802181180,0
013345_802210BB0,0
013345_80237EB70,0
013345_80247BB70,0
013345_8025756F0,0
013345_8026072A0,0
013345_80266FA30,0
013345_8026C4C30,0
013345_8026D6F80,0
013345_80280B1F0,0
013345_80284A210,0
013345_8029AD630,0
013345_8029EE3C0,0
013345_802A125C0,0
013345_802A27150,0
013345_802A5A7D0,0
013345_802C29980,0
013345_802C9F260,0
013345_802CB6800,0
013345_802D78EF0,0
013345_803193B50,0
013345_8033C5070,0
013345_803644530,0
013345_803731BC0,0
013345_803E9D430,0
013345_803EAC090,0
013345_804391250,0
013345_805261F40,0
013345_8056D51C0,0
013345_805AEA0F0,0
013345_8068C8340,0
013345_806982470,0
013345_8069E3BD0,0
013345_806CC3BF0,0
013345_807204030,0
013345_8077CCDE0,0
013345_80796DD80,0
013345_80796DDD0,0
013345_807B46F10,0
013345_807FFA440,0
013345_808041F70,0
013345_80823E0F0,0
013345_80830E970,0
013345_8086F21E0,0
013345_80912D1B0,0
013345_8093D3720,0
013345_80942C2E0,0
013345_809444610,0
013345_809BC4F30,0
013345_809BC6940,0
013345_80A395D80,0
013345_80ABBF0D0,0
013345_80ABD2530,0
013345_80AE013B0,0
013345_80B511220,0
013345_80B855120,0
013345_80B9981A0,0
013345_80B9992F0,0
013345_80B9DC120,0
013345_80C37AE00,0
013345_80CDF99A0,0
013345_80DB5BFC0,0
013345_80DCD4BE0,0
013345_80DCF9430,0
013345_80E48D260,0
013345_80E68E190,0
013345_80ED50F10,0
013345_80FB535F0,0
013345_810378740,0
013345_810574A80,0
013345_810DCC580,0
013345_810E14AC0,0
013345_8120F2E50,0
013345_81214BFA0,0
013345_8124FF320,0
013345_812788A10,0
013345_81290CE80,0
0133490_80C7DB7F0,0
0133490_80D490190,0
0133490_80D4E70E0,0
0133490_80DEDD0C0,0
0133490_80DF288D0,0
0133490_80E013B70,0
0133490_80E322FD0,0
0133490_80ECEBF70,0
0133490_80F2C8120,0
0133490_80F7CE650,0
0133490_80FB87F30,0
0133490_80FBCDE30,0
0133490_80FC66FF0,0
0133490_810098F70,0
0133490_8108694D0,0
0133490_810A40FB0,0
0133490_8113D2CF0,0
0133490_811464750,0
0133490_811BE0300,0
0133490_8134FDCC0,0
0133490_8136BC900,0
0133490_8139798A0,0
0133490_813ACB820,0
0133540_80D0CFFB0,0
0133540_80D626C40,0
0133540_80DCD8E20,0
0133540_80DDFEF80,0
0133540_80DE34890,0
0133540_80E2EE520,0
0133540_80E3CF7F0,0
0133540_80E4DCDF0,0
0133540_810282190,0
0133540_81071DED0,0
0133540_811F5B110,0
0133540_812476500,0
0133540_812514F10,0
0133540_812591C30,0
0133540_8126674A0,0
0133540_81281CE70,0
0133826_80C819510,0
0133826_80D05B020,0
0133826_80D4C5420,0
0133826_80D5405C0,0
0133826_80E357F30,0
0133826_8100AE740,0
0133826_81083E810,0
0133826_810B1CFA0,0
0133826_810EE8FF0,0
0133826_8111C8D90,0
0133826_8126210A0,0
0133826_8139559E0,0
0134132_80DCA1020,0
0134132_80E08CDA0,0
0134132_80F2A4B70,0
0134132_80F362CF0,0
0134132_810285620,0
0134132_810FB2F20,0
0134132_8110BFC80,0
0134140_80D2F13E0,0
0134140_80D41CF60,0
0134140_80D5B2550,0
0134140_80DC87790,0
0134140_80DE36000,0
0134140_80DEEB990,0
0134140_80DF42F30,0
0134140_80DFA2F00,0
0134140_80DFEF930,0
0134140_81058F3A0,0
0134140_8105ACF90,0
0134140_8107007E0,0
0134140_81083D860,0
0134140_811159B80,0
0134140_811725110,0
0134140_811CA3940,0
0134140_8126F0BE0,0
0134140_812F0C640,0
0134140_813A58080,0
0134140_813E11600,0
013516_8014C7D10,0
013516_8014D1CF0,0
013516_8014D63F0,0
013516_8014E9D90,0
013516_8014FA230,1
013516_801626D70,0
013516_8016695E0,0
013516_8016878F0,0
013516_801688470,0
013516_8017F7700,0
013516_8017F7750,0
013516_801822E10,0
013516_8018D0FA0,0
013516_801A37D40,0
013516_801B24260,0
013516_801B2DEA0,0
013516_801B36F30,0
013516_801B4DCD0,0
013516_801D35420,0
013516_801DD3170,0
013516_801EE0330,0
013516_802038200,0
013516_802082B80,0
013516_8020EBF90,0
013516_8023EC4B0,0
013516_8024132D0,0
013516_802413720,0
013516_80269F230,0
013516_8026EDCA0,0
013516_802727F10,0
013516_802792E60,0
013516_8027DCAD0,0
013516_80282E160,0
013516_8029A8DE0,0
013516_802DC70C0,0
013516_8030B4E30,0
013516_8030BF660,0
013516_80354CDF0,0
013516_80372A370,0
013516_803A57DB0,0
013516_803C44D40,0
013516_8041C4E20,0
013516_80438AB90,0
013516_8048EAAB0,0
013516_8048FCB80,0
013516_8049579C0,0
013516_806071290,0
013516_8061C09A0,0
013516_8063BC5A0,0
013516_8068BD400,0
013516_80692A080,0
013516_8075F7820,0
013516_8076F50E0,0
013516_8077A22F0,0
013516_80787CA20,0
013516_807A547B0,0
013516_807AD7630,0
013516_807AFCCD0,0
013516_807CC9300,0
013516_808196420,0
013516_80820CE30,0
013516_8089FE090,0
013516_808F9FF90,0
013516_809722270,0
013516_809B8BAB0,0
013516_80A770DF0,0
013516_80A775E20,0
013516_80AA2AA40,0
013516_80B35C720,0
013516_80B50BDB0,0
013516_80B5BBB50,0
013516_80B77D070,0
013516_80BA35D50,0
013516_80BA80960,0
013516_80BC92EF0,0
013516_80BF4E8E0,0
013516_80C0CB640,0
013516_80C2184A0,0
013516_80C8AEA90,0
013516_80D35C3E0,0
013516_80DDF97B0,0
013516_80DE75AB0,0
013516_80E090AB0,0
013516_80ED78680,0
013516_80F7A4920,0
013516_80FFA23E0,0
013516_810BDEC40,0
013516_812319440,0
013516_8124E0E40,0
013516_812586510,0
013516_8125993F0,0
013516_812667590,0
013516_812766880,0
013516_8127794E0,0
013516_8131914A0,0
0135290_80D0D9C00,0
0135290_80D1126A0,0
0135290_80D157950,0
0135290_80D180730,0
0135290_80D456820,0
0135290_80D4B9AB0,0
0135290_80E0C3A60,0
0135290_80E1CA5D0,0
0135290_80EFDD3E0,0
0135290_80FB8CCB0,0
0135290_8116AFF20,0
0135290_811850850,0
0135290_811FBEB70,0
0135290_812A406D0,0
0135290_8131339B0,0
0135290_8133D9330,0
0135290_813459C40,0
0135290_814716450,0
0135403_80D3B0990,0
0135403_80DC78EF0,0
0135403_80E1BB4E0,0
0135403_80ED042B0,0
0135403_80F2C0DE0,0
0135403_80FE26480,0
0135403_81039EA40,0
0135403_81117B080,0
0135403_811C70350,0
0135490_80D4EC640,0
0135490_80D7DE590,0
0135490_80DC86A90,0
0135490_80E334A90,0
0135490_80E5403F0,0
0135490_80F4476B0,0
0135490_80FE16960,0
0135490_810B575C0,0
0135490_811E6F270,0
0135490_8128C2B90,0
0135490_813251980,0
013554_8014D7F70,0
013554_8014E85C0,1
013554_801502BD0,0
013554_8015038C0,0
013554_801517A10,0
013554_801666F30,0
013554_8016890B0,0
013554_8016B8990,0
013554_80178ED40,0
013554_80181FB20,0
013554_8018B1F50,0
013554_8018B9AC0,0
013554_8018FD390,0
013554_8019C66F0,0
013554_801A7C480,0
013554_801AE28F0,0
013554_801C74DE0,0
013554_801C82F10,0
013554_801CBFD70,0
013554_801D314B0,0
013554_801E491E0,0
013554_801E6F640,0
013554_801E8C270,0
013554_801ED61A0,0
013554_801FE89B0,0
013554_80203F360,0
013554_802047C30,0
013554_80204E090,0
013554_8020682E0,0
013554_802130CE0,0
013554_802175010,0
013554_80217CC10,0
013554_802182080,0
013554_802302FB0,0
013554_80237A8E0,0
013554_8024E8770,0
013554_802620DF0,0
013554_8028057F0,0
013554_8028FC8F0,0
013554_802998030,0
013554_802A3A8B0,0
013554_802A59F10,0
013554_802A907A0,0
013554_802B1E020,0
013554_802BD3EE0,0
013554_802D52830,0
013554_802D5ED90,0
013554_802DBFDE0,0
013554_802F09C00,0
013554_802F5CD60,0
013554_803208AE0,0
013554_80333E150,0
013554_803355390,0
013554_8034B4510,0
013554_803757D30,0
013554_803D7C060,0
013554_80437FF50,0
013554_804E3CB20,0
013554_80525B8F0,0
013554_8052761B0,0
013554_8068B3DB0,0
013554_806C33D20,0
013554_806E6A840,0
013554_80781DAA0,0
013554_807862B90,0
013554_8079A86C0,0
013554_807A76D50,0
013554_807AFDE50,0
013554_8080BB980,0
013554_8088E5680,0
013554_8088FB980,0
013554_8089FAA90,0
013554_8093E4F10,0
013554_809BFE0B0,0
013554_80AB9FCC0,0
013554_80AE647F0,0
013554_80BB8CB60,0
013554_80C37B290,0
013554_80C8F2390,0
013554_80DA6ACC0,0
013554_80DCD6D20,0
013554_80DF2FC10,0
013554_80DFD6D90,0
013554_80E4DBA50,0
013554_80E4DBC50,0
013554_80E7BB340,0
013554_80EBCB1E0,0
013554_80ECD4EC0,0
013554_80ECD6200,0
013554_80F7EDDB0,0
013554_810576B00,0
013554_81077DA00,0
013554_812162F80,0
0135981_80D4B3D40,0
0135981_80D5EFD00,0
0135981_80D7ACA70,0
0135981_80D953AE0,0
0135981_80DE6EDE0,0
0135981_80DEB9C20,0
0135981_80E1C87C0,0
0135981_80E9CA420,0
0135981_80ED25880,0
0135981_80FF32C30,0
0136012_80D63B100,0
0136012_80DA755B0,0
0136012_810196DC0,0
0136012_81068F440,0
0136012_811A20C30,0
0136012_8121E2B90,0
0136012_812473810,0
0136012_812BC5BC0,0
0136012_812C57FA0,0
0136012_812EB8BA0,0
0136012_8138C3330,0
0136012_813EF1A10,0
0136012_8147D1310,0
0136014_80D4D8390,0
0136014_80DE307C0,0
0136014_80DE65F50,0
0136014_80E30BBB0,0
0136014_80E3832A0,0
0136014_80E3860D0,0
0136014_80E48ACD0,0
0136014_80E6CD620,0
0136014_80ECF4410,0
0136014_80F10AF20,0
0136014_80F3278B0,0
0136014_8103C3F00,0
0136014_810953C70,0
0136014_81101F6D0,0
0136014_8118B2360,0
0136014_81201E970,0
0136014_812143920,0
0136014_812646DA0,0
0136110_80D7CFE60,0
0136110_80DAC33D0,0
0136110_80DC6FE20,0
0136110_80E5666D0,0
0136110_80E6C4F70,0
0136110_80EC814D0,0
0136110_811171A30,0
0136110_8111A7A80,0
0136110_812835420,0
0136110_812EE4420,0
0136110_81303F5A0,0
0136110_8133765C0,0
0136110_813829260,0
0136262_80DF7FDC0,0
0136262_80E2FCF60,0
0136262_80EEB24A0,0
0136262_812EC05C0,0
0136262_8132DBF10,0
0136262_8133756F0,0
0136262_813454380,0
0136262_813D45AC0,0
0136262_8143B1A70,0
01362_8001BD900,0
01362_8001E0F10,0
01362_8001E3BE0,0
01362_8001EDB30,0
01362_80021BEC0,0
01362_80024FAA0,0
01362_800252EE0,0
01362_800256180,0
01362_8002589A0,0
01362_80025B860,0
01362_80025B861,0
01362_800261150,0
01362_80026ADF0,0
01362_8002BCA10,0
01362_8002C6620,0
01362_8002D6440,0
01362_800306200,0
01362_800306AA0,0
01362_800307690,0
01362_80030A870,0
01362_8003278E0,0
01362_800335010,0
01362_800337730,0
01362_80033B380,0
01362_800345B50,0
01362_80034C6F0,0
01362_80034D670,0
01362_80034DF70,0
01362_80038CCB0,0
01362_80039D420,0
01362_8003A2200,0
01362_8003D3C10,0
01362_8003D80B0,0
01362_8003F78C0,0
01362_800425BD0,0
01362_800428E90,0
01362_800431800,0
01362_800451AB0,0
01362_80045DF20,0
01362_80046D850,0
01362_800473DC0,0
01362_800477940,0
01362_800485CA0,0
01362_800493750,0
01362_8004CA3C0,0
01362_80053C0B0,0
01362_800546BD0,0
01362_80056AB60,0
01362_80056DCD0,0
01362_8005A7AA0,0
01362_8005BA810,0
01362_8005C4490,0
01362_8005DBC30,0
01362_8005F6B00,0
01362_8005FE140,0
01362_800656AB0,0
01362_80066D000,0
01362_800685560,0
01362_80068B350,0
01362_800696660,0
01362_8006A9110,0
01362_8006B40D0,0
01362_8006C9D30,0
01362_800700060,0
01362_800734630,0
01362_800750030,0
01362_80075BC80,0
01362_80075DF40,0
01362_80075FF90,0
01362_80076DF70,0
01362_800771340,0
01362_8007869B0,0
01362_80078DB00,0
01362_8007ACE10,0
01362_8007D5520,0
01362_800807BC0,0
01362_80081D8B0,0
01362_800826BA0,0
01362_80083DB40,0
01362_800847EC0,0
01362_80088FF00,0
01362_80089D390,0
01362_80089E640,0
01362_8008B3330,0
01362_8008FEA00,0
01362_800918FB0,0
01362_8009521F0,0
01362_800994F60,0
01362_800A73EF0,0
01362_800AC8FC0,0
01362_800AE7970,0
01362_800AFDD50,0
01362_800BB6560,0
01362_800BDDBD0,0
01362_800C0B710,0
01362_800C4CD90,0
01362_800C7E850,0
01362_800CB9F30,0
01362_800CCABE0,0
01362_800CEA850,1
01362_800D35590,0
01362_800D996E0,0
01362_800E512B0,0
01362_800EAF8F0,0
01362_800F297D0,0
01362_800F43E10,0
01362_800FB3940,0
01362_800FB5B40,0
01362_8010D7100,0
01362_8010D9850,0
01362_8010EEE20,0
01362_8011A9730,0
01362_8012432B0,0
01362_8012C6C60,0
01362_8013016F0,0
01362_801314930,0
01362_8013CFCD0,0
01362_801496870,0
01362_80152BD10,0
01362_8015322B0,0
01362_8015F0C10,0
01362_801619BC0,0
01362_801673220,0
01362_801725AF0,0
01362_8017A3170,0
01362_801856980,0
01362_80192EC10,0
01362_801984B10,0
01362_801992620,0
01362_8019A9EF0,0
01362_8019FB070,0
01362_801A3B820,0
01362_801B74710,0
01362_801B75120,0
01362_801CB42A0,0
01362_801D181B0,0
01362_801E523D0,0
01362_80201EE50,0
01362_8021C6370,0
01362_80221D630,0
01362_8022BB680,0
01362_8022D0F40,0
01362_8023CBD20,0
01362_8024A1AC0,0
01362_8024B6280,0
01362_8025564C0,0
01362_8025B1BB0,0
01362_80266A9D0,0
01362_802B44190,0
01362_802C21B70,0
01362_80311F720,0
01362_803246AF0,0
01362_8032DA720,0
01362_8033EE730,0
01362_803467200,0
01362_80348F1A0,0
01362_80349CAF0,0
01362_8034AB8B0,0
01362_803796BB0,0
01362_80379FFA0,0
01362_803ADD200,0
01362_803F05450,0
01362_80400E7F0,0
01362_80418C3C0,0
01362_8041DE6F0,0
01362_80426E840,0
01362_8045CA960,0
01362_80463F660,0
01362_804753950,0
01362_80491B210,0
01362_804C2EE60,0
01362_804D27BE0,0
01362_805106CA0,0
01362_8051FD300,0
01362_8057CBDE0,0
01362_805A71B90,0
01362_806263100,0
01362_806329C20,0
01362_80640CB70,0
01362_80641D2F0,0
01362_806D85950,0
01362_8070CEFD0,0
01362_807254870,0
01362_8073569E0,0
01362_8079C9D20,0
01362_807B89910,0
01362_8081FC580,0
01362_80857ED90,0
01362_808757320,0
01362_808997360,0
01362_80935F3F0,0
01362_809628D50,0
01362_809AF6B90,0
01362_809F195F0,0
01362_809FC1AA0,0
01362_80A368A30,0
01362_80ACBB980,0
01362_80AEDA9A0,0
01362_80B6C1D90,0
01362_80B8C5470,0
01362_80BB3DC50,0
01362_80BE079F0,0
01362_80BE2B2C0,0
01362_80C146710,0
01362_80C546D30,0
01362_80CAD2800,0
01362_80CBC2500,0
01362_80CEF9330,0
01362_80D0BCDA0,0
01362_80D43C080,0
01362_80DA61270,1
01362_80DB5D140,0
01362_80DCC7310,0
01362_80E1AC940,0
01362_80E79D9A0,0
01362_80ED9C240,0
01362_8103C6E60,0
01362_810D7B190,0
01362_812EAF920,0
01362_813503050,0
01362_813573F80,0
0136301_80D67FF20,0
0136301_80D7BC000,0
0136301_80D887B20,0
0136301_80DAF9890,0
0136301_80DB56A10,0
0136301_80DD28F00,0
0136301_80DF17A60,0
0136301_80E118770,0
0136301_80E13E2C0,0
0136301_80F964E70,0
0136301_80FE16770,0
0136301_80FE8FF50,0
0136301_81045DF10,0
0136301_8106DB8B0,0
0136301_810889ED0,0
0136301_810E843E0,0
0136301_8126C1160,0
0136301_812EBA360,0
0136301_81334FCA0,0
0136301_813A52E30,0
0136519_80E038EB0,0
0136519_80E5BBAF0,0
0136519_80FD90460,0
0136519_80FE8C1D0,0
0136519_810381DD0,0
0136519_8107594A0,0
0136519_8116CB9A0,0
0136519_81303A540,0
0136519_81311C180,0
0136519_8139B88E0,0
0136519_813C0A010,0
0136519_813E6CB50,0
0136519_81444C270,0
0136519_8148166F0,0
0136651_80DA3FE00,0
0136651_80E16A4E0,0
0136651_80E3252A0,0
0136651_810386690,0
0136651_810511BE0,0
0136651_810F4A1F0,0
0136651_81122DFF0,0
0136651_811528890,0
0136651_811721850,0
0136651_81215EF80,0
0136731_80E632640,0
0136731_80E770F80,0
0136731_80FAC57C0,0
0136731_81030A400,0
0136731_810501ED0,0
0136731_810E34510,0
0136731_8111539C0,0
0136731_811970F80,0
0136823_80DFFEEC0,0
0136823_80E658CF0,0
0136823_80E6B61D0,0
0136823_80E6C5B40,0
0136823_80EE52EA0,0
0136823_80F254DC0,0
0136823_80F6FCF80,0
0136823_80FAB49A0,0
0136823_80FD856C0,0
0136823_80FEE2530,0
0136823_810586D40,0
0136823_81195C640,0
0136823_812B63020,0
0136823_812D56620,0
0136823_812F0C5A0,0
0136823_8130D5380,0
0136823_81332E890,0
0136823_8139D1290,0
0136823_813AA6C10,0
0136973_809727EA0,0
0136973_80F24D0D0,0
0136973_80F5B2720,0
0136973_80FE82A40,0
0136973_810384190,0
0136973_81045F880,0
0136973_810B02B20,0
0136973_810F83100,0
0136973_811C83020,0
0136973_812C840B0,0
0136973_8130A46E0,0
0136973_813130640,0
0136973_813608660,0
0137002_80DC8A620,0
0137002_80DD6DEE0,0
0137002_80DF7F160,0
0137002_80E1CAB00,0
0137002_80EC78150,0
0137002_8104F3A50,0
0137002_810F435E0,0
0137002_811147C30,0
0137002_811CF62C0,0
0137002_813254400,0
0137002_813287930,0
0137002_8132ED9C0,0
0137002_813517900,0
0137002_813549080,0
0137002_8136BB6D0,0
0137024_80DC7ADE0,0
0137024_80DF53A50,0
0137024_80DF72E40,0
0137024_80E099B80,0
0137024_80E1284C0,0
0137024_80E6F40F0,0
0137024_80E96FFD0,0
0137024_80FE99740,0
0137024_81048A780,0
0137024_810568BE0,0
0137024_811523B40,0
0137024_8116BC5E0,0
0137024_811E693C0,0
0137024_812175F90,0
0137024_8126B7A90,0
0137024_812822810,0
0137024_8133146B0,0
0137024_813514BA0,0
0137079_80F00EA30,0
0137196_80E1B67F0,0
0137196_80E310510,0
0137196_80E7F37A0,0
0137196_80EFE2200,0
0137196_810BBABF0,0
0137196_8117230F0,0
0137196_811BDC160,0
0137196_811C5CDB0,1
0137196_81252A520,0
0137196_812A37620,0
0137196_812CD07F0,0
0137196_812F581F0,0
0137273_80DF44290,0
0137273_80E014C60,0
0137273_80E0DA050,0
0137273_80E3A0520,0
0137273_80F2F4C40,0
0137273_8102EDD80,0
0137273_8105F0530,0
0137273_810A63250,0
0137273_812198F10,0
0137273_81232B640,0
0137273_812FA0390,0
0137273_813672770,0
0137273_814228650,0
0137273_81467FA10,0
0137335_80DE52FF0,0
0137335_80E045B10,0
0137335_80E0CD7A0,0
0137335_80E14FC40,0
0137335_80E7EC830,0
0137335_80F447330,0
0137335_80FE8E8A0,0
0137335_810CBBBC0,0
0137335_81144BD90,0
0137335_811786480,0
0137335_8129BEC40,0
0137335_812EBBC80,0
0137335_812FB4CB0,0
0137335_813F1B580,0
0137335_814756AF0,0
0137357_80E4A0080,0
0137357_80E550120,0
0137357_80E6588A0,0
0137357_80ECEA9D0,0
0137357_80F2515B0,0
0137357_80FEDE490,0
0137357_810D0CCB0,0
0137357_810EF5A30,0
0137357_810EFB8C0,0
0137357_811DB2620,0
0137357_8121B2250,0
0137357_812EE2E70,0
0137357_812FBDCD0,0
0137357_81353F050,0
0137357_813598320,0
0137357_81359B180,1
0137357_813A4A000,0
0137357_813F392A0,0
0137357_81482CC90,0
0137446_80DDBBBC0,0
0137446_80DDDB630,0
0137446_80E82B5E0,0
0137446_8116B4700,0
0137446_8117656E0,0
0137446_811B21EF0,0
0137446_811CE19B0,0
0137446_811E6F360,0
0137446_811E70C70,0
0137446_812CCACE0,0
0137446_812D83B40,0
0137446_8139AAB40,0
0137766_80E79D080,0
0137766_80E89CF40,0
0137766_80F248A10,0
0137766_80FCC77F0,0
0137766_811218000,0
0137766_811A2D780,0
0137766_811A5C8D0,0
0137766_811B1FB40,0
0137766_8129D0540,0
0137766_812F7DBC0,0
0137766_812FA65A0,0
0137766_8135E2FB0,0
0137766_8135F2460,0
0137766_8136B6F80,0
0137888_80E02AB20,0
0137888_80E3177B0,0
0137888_80E680B60,0
0137888_80E6B8A20,0
0137888_80FBF6C00,0
0137888_80FC677E0,0
0137888_810E7BDD0,0
0137888_811B230A0,0
0137888_8133EFB00,0
0137888_813A8E260,0
0137888_8144BA720,0
0137888_8147202D0,0
0137897_80E3F6CF0,0
0137897_81077D490,0
0137897_810A94250,0
0137897_8115F3F20,0
0137897_811BD79A0,0
0137897_812207D60,0
0137897_81263E940,0
0137897_812B1A4A0,0
0137897_812F1CBA0,0
0137917_80E04A040,0
0137917_80EC47A40,0
0137917_80EE777E0,0
0137917_80F332F00,0
0137917_80FBF56C0,0
0137917_810847320,0
0137917_810D58CD0,0
0137917_8122F4D70,0
0137917_813035CE0,0
0137917_81311F360,0
0137917_81356F4A0,0
0137917_8135B3AF0,0
0137917_8141EEC30,0
0137972_80E062F70,0
0137972_80E32B840,0
0137972_80F2BDDF0,0
0137972_80F90F3C0,0
0137972_81016D7F0,0
0137972_810A80320,0
0137972_811CC6ED0,0
0137972_81258FCA0,0
0137972_812D51940,0
0137972_8134862D0,0
0137972_813685580,0
0137972_8138511F0,0
0138010_80EBEA750,0
0138010_80ECD1FD0,0
0138010_80F7EFBE0,0
0138010_80F7F5EF0,0
0138010_80FE6B7A0,0
0138010_81084F810,0
0138010_810E90690,0
0138010_810F5C360,0
0138010_81103C3D0,0
0138010_811738EC0,0
0138010_811987D70,0
0138010_812518640,0
0138016_80EB912E0,0
0138016_8103F8590,0
0138016_810F770A0,0
0138016_811A302F0,0
0138016_811C784D0,0
0138016_81220DDA0,0
0138016_812461F40,0
0138016_812EABC60,0
0138016_813416BC0,0
0138101_80E467600,0
0138101_80E4AC7A0,0
0138101_80E4AEC20,0
0138101_80EC56FB0,0
0138101_80ECE0D60,0
0138101_80ED09DB0,0
0138101_80FD9F270,0
0138101_8104D7E60,0
0138101_810AE8100,0
0138101_810E651C0,0
0138101_8116BF990,0
0138101_811A975E0,0
0138101_811C5DFD0,0
0138101_812173E40,0
0138101_812343D50,0
0138101_8131B2FD0,0
0138101_8139A9D40,0
0138101_813A0F480,0
0138101_8144DFEC0,0
0138103_80E1B3FE0,0
0138103_80E9BDA50,0
0138103_80F3C3640,0
0138103_80FE18320,0
0138103_80FE6C620,0
0138103_811724820,0
0138103_8118D3E10,0
0138103_8142779E0,0
0138105_80E325FE0,0
0138105_80E66B020,0
0138105_80EC4B670,0
0138105_80EF25A80,0
0138105_80F7D22D0,0
0138105_8103DE0E0,0
0138105_8103F6190,0
0138105_8108F7C00,0
0138105_810AC8C30,0
0138105_810E92C30,0
0138105_8118A1C70,0
0138105_812CEA420,0
0138133_80B4302B0,0
0138133_80E12F8E0,0
0138133_80E458590,0
0138133_80E4585E0,0
0138133_80E481BD0,0
0138133_80E70F480,0
0138133_810426B60,0
0138133_8104D7370,0
0138133_810BD3C80,0
0138133_810E882A0,0
0138133_811796980,0
0138133_811B210D0,0
0138133_813010D50,0
0138133_8135CB510,0
0138133_813927390,0
0138133_813A224D0,0
0138133_8141BBEA0,0
0138167_80E65AB40,0
0138167_80F4DA030,0
0138167_80F95C3D0,0
0138167_80FE6C850,0
0138167_81110AC10,0
0138167_811A1C700,0
0138167_811C71300,0
0138167_811EABE60,0
0138167_812829450,0
0138167_812C81E90,0
0138349_802501FF0,0
0138349_80FBB0860,0
0138349_810B51F30,0
0138349_810E6AC50,0
0138349_810F8A9F0,0
0138349_810FADB30,0
0138349_811658A20,0
0138349_811ABC360,0
0138349_81242F030,0
0138349_812725730,0
0138349_812761290,0
0138395_80E5E3060,0
0138498_80F2A25A0,0
0138498_8103E0DF0,0
0138498_8107651D0,0
0138498_81177BA10,0
0138498_8122FA6D0,0
0138498_812439170,0
013858_8016C65D0,0
013858_8016DC750,0
013858_8017E1260,0
013858_801814F00,0
013858_801828770,0
013858_801829A00,0
013858_8018BD190,0
013858_801C77690,0
013858_801D343A0,0
013858_801D7C380,0
013858_801F38BA0,0
013858_801F93E00,0
013858_801FEEED0,0
013858_80201FBA0,0
013858_80203A510,0
013858_80217F4C0,0
013858_8022E5E60,0
013858_802379830,0
013858_802518490,0
013858_802578990,0
013858_8025C9500,0
013858_8025E6650,0
013858_8026170E0,0
013858_80264FA40,0
013858_8026FC520,0
013858_80285F530,0
013858_8028ABAC0,0
013858_802905390,0
013858_8029176F0,0
013858_8029B7D50,0
013858_8029D76F0,0
013858_802A4F0C0,0
013858_802B03F30,0
013858_802C0BC10,0
013858_802CEAFE0,0
013858_802DD7310,0
013858_8031C8770,0
013858_8042A95A0,0
013858_80496C620,0
013858_805071CF0,0
013858_805140EB0,0
013858_8052623E0,0
013858_805322500,0
013858_805769F40,0
013858_805827320,0
013858_8058BC2F0,0
013858_805AB7620,0
013858_8062C4680,0
013858_8067D7E60,0
013858_8068BD5E0,0
013858_8072EFA80,0
013858_80789A850,0
013858_807AAAB00,0
013858_807AB09C0,0
013858_807B93FC0,0
013858_80806D080,0
013858_8080AD950,0
013858_8080C7B10,0
013858_808119D50,0
013858_808125670,0
013858_80821FD60,0
013858_8082E9E40,0
013858_808A49480,0
013858_808DEBD10,0
013858_809406320,0
013858_809432850,0
013858_80A625380,0
013858_80B372A10,0
013858_80B50DD10,0
013858_80B62FA90,0
013858_80B97D050,0
013858_80BA823B0,0
013858_80BB29460,0
013858_80BC9A7A0,0
013858_80C497EA0,0
013858_80C8988C0,0
013858_80D4B4BA0,0
013858_80E3EABD0,0
013858_80E4B2300,0
013858_80E9A1AC0,0
013858_80EBEE130,0
013858_80FA55EF0,0
013858_81040E0D0,0
013858_81047B6F0,0
013858_810F65290,0
013858_81101BD60,0
013858_81103CA80,0
013858_81109ED60,0
013858_811678560,0
013858_811D2DA10,0
013858_812599D70,0
013858_8126516A0,0
013858_812729680,0
013858_812B22330,0
013858_8131768E0,0
013862_8012364A0,0
013862_80123C6C0,0
013862_8016C9130,0
013862_801750720,0
013862_801750721,0
013862_8017AE780,0
013862_8017B4A00,0
013862_8018037A0,0
013862_80183FCE0,0
013862_80193A3F0,0
013862_8019ADD20,0
013862_8019C46D0,0
013862_8019CC4C0,0
013862_801AA8940,0
013862_801B2FD90,0
013862_801B3BAA0,0
013862_801B85060,0
013862_801BA1120,0
013862_801BA1121,0
013862_801BAB310,0
013862_801BBF270,0
013862_801BC6B20,0
013862_801C14860,0
013862_801C55AF0,0
013862_801C60EB0,0
013862_801C72220,0
013862_801C7B880,0
013862_801CEB990,0
013862_801E34A70,0
013862_801EDB1E0,0
013862_801F0C0E0,0
013862_801F385C0,0
013862_8020DCF00,0
013862_8021AB940,0
013862_8022146B0,0
013862_802214FA0,0
013862_8022FC040,0
013862_80237B260,0
013862_8024193E0,0
013862_8024EBED0,0
013862_80256A670,0
013862_802578A80,0
013862_80257EEC0,0
013862_802623E50,0
013862_8026627E0,0
013862_8027070F0,0
013862_8028143F0,0
013862_8029164A0,0
013862_80298FA70,0
013862_802A2CA20,0
013862_802A3E340,0
013862_802A8A8F0,0
013862_802B4FEF0,0
013862_802C1AAC0,0
013862_802CA25A0,0
013862_802D389C0,0
013862_802E526C0,0
013862_802F40840,0
013862_803262600,0
013862_8033CE2F0,0
013862_80383B150,0
013862_803CEFF00,0
013862_803D7DFC0,0
013862_803E7AFF0,0
013862_8042C4C10,0
013862_80432E530,0
013862_8043347F0,0
013862_8049371E0,0
013862_804AFC550,0
013862_805330D20,0
013862_80579AAB0,0
013862_805A93E50,0
013862_8067B2080,0
013862_80693D8B0,0
013862_8069C9250,0
013862_806A5E440,0
013862_806E66F20,0
013862_8070980D0,0
013862_8071FD3E0,0
013862_807357EB0,0
013862_807463890,0
013862_8077A2340,0
013862_8078B15C0,0
013862_8078EE9C0,0
013862_807AD2870,0
013862_807B3FF30,0
013862_807BEE3F0,0
013862_807FFC140,0
013862_8080B3000,0
013862_808325A60,0
013862_80857F710,0
013862_8089E3460,0
013862_808F427F0,0
013862_809804A90,0
013862_809A3BB30,0
013862_80AC4CBA0,0
013862_80AE37FC0,0
013862_80AFDB230,0
013862_80B9CFE10,0
013862_80BBC3A70,0
013862_80C12F110,0
013862_80D55C730,0
013862_80D55DB00,0
013862_80DA901E1,0
013862_80E40D170,0
013862_80EBFA660,0
013862_80F7A20B0,0
013862_80FA52A00,0
013862_80FBB0130,0
013862_8110EC4E0,0
013862_8111A3300,0
013862_811B057C0,0
013862_812C32E50,0
0138630_80E4933E0,0
0138630_80E4A9350,0
0138630_80ED09E00,0
0138630_80FE2EA50,0
0138630_80FEA4B90,0
0138630_81025D920,0
0138630_81146C0A0,0
0138630_81177C830,0
0138630_811C22EE0,0
0138630_812662580,0
0138630_81282DC40,0
0138630_813050B40,0
0138630_813B96A30,0
0138630_8141B91C0,0
0138832_80ED81460,0
0138832_80F2603D0,0
0138832_80FB770E0,0
0138832_80FBE8BB0,0
0138832_80FC1DE00,0
0138832_811074610,0
0138832_8134488C0,0
0138832_813582790,0
0139216_80EBD0C20,0
0139216_80FC8E500,0
0139216_81059A780,0
0139216_810D89600,0
0139216_811002360,0
0139216_811697E50,0
0139216_811A91160,0
0139216_8126BAE00,0
0140020_80ECDCF40,0
0140020_80F113560,0
0140020_81041BDB0,0
0140020_810482670,0
0140020_810B030E0,0
0140020_8118D5620,0
0140020_811BD8A20,0
0140020_811CED4A0,0
0140020_81216DDD0,0
0140020_8122F2590,0
0140020_8132536E0,0
0140020_813683F50,0
014011_800F05CD0,0
014011_80178FFF0,0
014011_8018B2590,0
014011_8018FF6D0,0
014011_8019109A0,0
014011_801ABA960,0
014011_801ADE170,0
014011_801AE1C20,0
014011_801B0DB30,0
014011_801B1CEC0,0
014011_801B353B0,0
014011_801BA01E0,0
014011_801C66610,0
014011_801EB0720,0
014011_801EC2430,0
014011_801EC87A0,0
014011_801FCCDE0,0
014011_802048450,0
014011_802055E70,0
014011_802124AB0,0
014011_80212C7E0,0
014011_8022105A0,0
014011_802386DF0,0
014011_80256D3A0,0
014011_802574340,0
014011_8025CD460,0
014011_802600960,0
014011_802638F80,0
014011_802702B50,0
014011_802706550,0
014011_802716B30,0
014011_8028C4000,0
014011_8028D1550,0
014011_8029AF4B0,0
014011_8029D13A0,0
014011_802A23300,0
014011_802C11330,0
014011_802C79370,0
014011_802DC7B40,0
014011_802E53A10,0
014011_8033AE150,0
014011_8041C49C0,0
014011_804EE9D70,0
014011_805137C80,0
014011_805411FC0,0
014011_805561F20,0
014011_805AF47A0,0
014011_806057B10,0
014011_8066D6300,0
014011_8068A9F70,0
014011_806966FE0,0
014011_8070C1A60,0
014011_8075C5FA0,0
014011_80785D680,0
014011_807949C00,0
014011_807AEF9E0,0
014011_8080BA420,0
014011_808910F10,0
014011_808A58ED0,0
014011_8091122A0,0
014011_80A2CF320,0
014011_80AB96B50,0
014011_80AC1BA90,0
014011_80B311880,0
014011_80B4F27F0,0
014011_80B511270,0
014011_80B62F650,0
014011_80BCC36E0,0
014011_80BD05CB0,0
014011_80CD87CC0,0
014011_80CDA3860,0
014011_80D3858A0,0
014011_80D9EA670,0
014011_80DAE0CE0,0
014011_80DE49A00,0
014011_80E755A20,0
014011_80E78C9B0,0
014011_80ECF29E0,0
014011_810E90AC0,0
014011_810F6B210,0
014011_811D0BBE0,0
014011_8124BEE40,0
0140561_80F082190,0
0140561_80FFADDE0,0
0140561_810158290,0
0140561_8103D1FC0,0
0140561_8109FF5C0,0
0140561_8111C2EC0,0
0140561_8112C5890,0
0140561_8116D14F0,0
0140561_8119D9190,0
0140561_811A2CCB0,0
0140561_811CF5420,0
0140561_811EB6AC0,0
0140561_8132D0270,0
0140561_813667290,0
014077_800EE7A90,0
014077_801230AC0,0
014077_8017F9300,0
014077_801805B30,0
014077_8018A3F90,0
014077_801964B20,0
014077_80197BBF0,0
014077_8019E64E0,0
014077_8019FE840,0
014077_801A883F0,0
014077_801A89590,0
014077_801AB5350,0
014077_801B781B0,0
014077_801CA87E0,0
014077_801DA3E20,0
014077_802088C50,0
014077_80221E8C0,0
014077_8022320F0,0
014077_8022BECD0,0
014077_802533E40,0
014077_802535880,0
014077_8025B9660,0
014077_80272C640,0
014077_802747E40,0
014077_8028F5F60,0
014077_802A69B00,0
014077_802B879D0,0
014077_802E5D500,0
014077_80304D280,0
014077_8030D6640,0
014077_80318E9D0,0
014077_80322E030,0
014077_80331A950,0
014077_8033335E0,0
014077_803474B30,0
014077_80347E550,0
014077_803530130,0
014077_8039F4060,0
014077_803A918E0,0
014077_803CB8180,0
014077_803E4BA20,0
014077_803F00E30,0
014077_8040BB580,0
014077_80427C2C0,0
014077_804582190,0
014077_804755F40,0
014077_8047EAEF0,0
014077_8048B6910,0
014077_804BA2670,0
014077_804DACF40,0
014077_80508C2C0,0
014077_8051E8A30,0
014077_8052E3EA0,0
014077_805396FE0,0
014077_80556F540,0
014077_805613480,0
014077_80564C110,0
014077_805DE0970,0
014077_80601BFE0,0
014077_8068639D0,0
014077_806D338A0,0
014077_806D84780,0
014077_80728C6E0,0
014077_8075548F0,0
014077_8075613F0,0
014077_8075C34D0,1
014077_807624470,0
014077_807D1B220,0
014077_807D80C80,0
014077_80899D8F0,0
014077_808F0FD40,0
014077_80932D980,0
014077_809C41AF0,0
014077_809EF80E0,0
014077_80A0F1690,0
014077_80A3F2E60,0
014077_80A413850,0
014077_80ADF6CC0,0
014077_80AFD52E0,0
014077_80B346430,0
014077_80B6B8C00,0
014077_80C253700,0
014077_80C61B160,0
014077_80C711A10,0
014077_80CDFD470,0
014077_80D225CE0,0
014077_80D3441E0,0
014077_80DDF03C0,0
014077_80DFED5B0,0
014077_810774F90,0
014077_811E330E0,0
014077_812996890,0
014077_812DF6450,0
014077_812FC10E0,0
014077_8130980C0,0
014077_8132AF9E0,0
014077_813309A90,0
014077_813447650,0
014099_8017E0690,0
014099_801888A00,0
014099_80188E930,0
014099_8018A89C0,0
014099_8018A8A10,0
014099_80192B0B0,0
014099_8019DB1F0,0
014099_801A66B50,0
014099_801A98340,0
014099_801AD8290,0
014099_801CA83D0,0
014099_801CEFD30,0
014099_801D66C10,0
014099_801DA2DA0,0
014099_801DC75F0,0
014099_802105D40,0
014099_8021FD2A0,0
014099_8023E1BD0,0
014099_8024CC250,0
014099_8024CCC50,0
014099_80258DB40,0
014099_802684880,0
014099_80279ADF0,0
014099_8027D1D90,0
014099_802869840,0
014099_8029F6160,0
014099_802C334D0,0
014099_802CD6840,0
014099_802F5AE40,0
014099_8030CD900,0
014099_803135040,0
014099_8032EC110,0
014099_803322B20,0
014099_80350B1D0,0
014099_803569CF0,0
014099_803CB2D10,0
014099_803D5B340,0
014099_803E2CA20,0
014099_803FF5A10,0
014099_804457F30,0
014099_804858FA0,0
014099_804E21A40,0
014099_804F51040,0
014099_8051C07D0,0
014099_8057E0420,0
014099_80590E790,0
014099_805BA4DA0,0
014099_805FFE680,0
014099_80620A390,0
014099_80624AAC0,0
014099_80632F420,0
014099_8064FF5D0,0
014099_8066CC7D0,0
014099_80677F460,0
014099_8070CFE60,0
014099_8075AD7F0,0
014099_807C0CC20,0
014099_807D24B90,0
014099_8085298C0,0
014099_80855A9B0,0
014099_8088A8D20,0
014099_808A235C0,0
014099_808BA14D0,0
014099_808CF8890,0
014099_808D31280,0
014099_808EC1730,0
014099_80A046220,0
014099_80A3A0020,0
014099_80A6D5280,0
014099_80A9BEF10,0
014099_80B3479C0,0
014099_80BAFFB60,0
014099_80BC2B520,0
014099_80BE22570,0
014099_80BFFED90,0
014099_80C51BBE0,0
014099_80CBC7E70,0
014099_80D18C3A0,0
014099_80D34C130,0
014099_80D404810,0
014099_80D464580,0
014099_80D63C580,0
014099_80D978370,0
014099_80D983BC0,0
014099_80DACEE80,0
014099_80E0C3D80,0
014099_80E373780,0
014099_80F292FC0,0
014099_8104F1EE0,0
014099_810ACFA00,0
014099_8111B3580,0
014099_8119C88E0,0
014099_811A2C230,0
014099_8124615B0,0
014099_812F048C0,0
0141045_80F4D9CB0,0
0141045_80F636F50,0
0141045_80FBEF580,0
0141045_81089C7D0,0
0141045_810D0A2B0,0
0141045_8116CFB90,0
0141045_811C9B8D0,0
0141045_8130F11B0,0
0141045_81312FD10,0
0141045_813903CE0,0
0141045_8139351A0,0
0141045_814754930,0
0141690_80EDA9A50,0
0141690_810220D10,0
0141690_810E66D10,0
0141690_811126E00,0
0141690_811A45B80,0
0141690_811CDC9B0,0
0141690_8122F1410,0
0141690_812597290,0
0141690_812A74DE0,0
0141690_81333BBA0,0
0141690_81376A740,0
0141690_813E12ED0,0
0141690_8143EF2B0,0
01420_80024CDE0,0
01420_800251370,0
01420_800251BB0,0
01420_80025AF90,0
01420_800263F10,0
01420_80026BC20,0
01420_8002B8320,0
01420_8002B9DE0,0
01420_8002ED740,0
01420_8002FD7B0,0
01420_8003053E0,0
01420_8003093C0,0
01420_8003093C1,0
01420_8003223B0,0
01420_80032AC90,0
01420_800335730,0
01420_80033FC50,0
01420_80038B700,0
01420_80038DF80,0
01420_80039DBE0,0
01420_8003A9EB0,0
01420_8003AB740,0
01420_8003AD860,0
01420_8003B8750,0
01420_8003BA850,0
01420_8003C1000,0
01420_8003CCBA0,0
01420_8003CF480,0
01420_8003D0D20,0
01420_8003D4A30,0
01420_8003D51D0,0
01420_8003D7720,0
01420_8003DBCB0,0
01420_8003E3C00,0
01420_8003F1520,0
01420_8003F3510,0
01420_8003F8690,0
01420_800404E00,0
01420_80042A430,0
01420_8004330D0,0
01420_80044D100,0
01420_8004503C0,0
01420_80045DBA0,0
01420_800465FE0,0
01420_800474A90,0
01420_80047EA20,0
01420_800491CA0,0
01420_80049EB50,0
01420_8004ACF20,0
01420_8004B5AB0,0
01420_8004B8260,0
01420_8004DA780,0
01420_8004E3590,0
01420_800543910,0
01420_800596F80,0
01420_8005987F0,0
01420_8005AEAC0,0
01420_8005BD8D0,0
01420_8005DFEB0,0
01420_8005F12B0,0
01420_8005F2D30,0
01420_8005F4D50,0
01420_8005F7590,0
01420_8005FD390,0
01420_80060FEE0,0
01420_8006199D0,0
01420_8006223B0,0
01420_8006308C0,0
01420_800632040,0
01420_80064AB30,0
01420_8006524E0,0
01420_800655190,0
01420_8006551E0,0
01420_800661420,0
01420_80066BB90,0
01420_80066E0D0,0
01420_800685230,0
01420_8006A3840,0
01420_8006AB1D0,0
01420_8006B19B0,0
01420_8006CCCD0,0
01420_8006E7F10,0
01420_8006FB970,1
01420_8006FE210,0
01420_800736020,0
01420_800782AB0,0
01420_8007AA7A0,0
01420_8007AAC90,0
01420_8007AB850,0
01420_8008110D0,0
01420_80081B350,0
01420_8008202D0,0
01420_800832520,0
01420_80083CDE0,0
01420_80087FBA0,0
01420_8008D6F70,0
01420_800919A90,0
01420_80096EA40,0
01420_8009D3CA0,0
01420_800A688B0,0
01420_800A70E10,0
01420_800AC5E20,0
01420_800AFD270,0
01420_800B1B500,0
01420_800BC58A0,0
01420_800C55A10,0
01420_800CE7540,0
01420_800D30C40,0
01420_800D6B660,0
01420_800DB1BE0,0
01420_800DC2660,0
01420_800DD6EE0,0
01420_800DEE270,0
01420_800E73D00,0
01420_800E73F90,1
01420_800EDFCE0,0
01420_800F131B0,0
01420_800FF5FC0,0
01420_8010003E0,0
01420_801008520,0
01420_8010098B0,0
01420_80108F260,0
01420_801164150,0
01420_801166720,0
01420_801181ED0,0
01420_8011B6FB0,0
01420_8011E0880,0
01420_8011EE3C0,0
01420_8011FFFD0,0
01420_801251E00,0
01420_801267E00,0
01420_801337D60,0
01420_801485B70,0
01420_801566090,0
01420_8015E0B60,0
01420_8015F01A0,0
01420_8016021D0,0
01420_801612640,0
01420_801643F20,0
01420_8016D1830,0
01420_801702EB0,0
01420_801708BF0,0
01420_8017155B0,0
01420_801721790,0
01420_80175A080,0
01420_80175A4D0,0
01420_801763600,0
01420_8017B9790,0
01420_8017FB7A0,0
01420_801847600,1
01420_80187D410,0
01420_80187E9A0,0
01420_801A6EDE0,0
01420_801A9AFD0,0
01420_801B97C50,0
01420_801BD74E0,0
01420_801C35F70,0
01420_801CB5890,0
01420_801D02A20,0
01420_801F380A0,0
01420_8020AEA40,0
01420_802351640,0
01420_8023CD7D0,0
01420_8024CB330,0
01420_8025099A0,0
01420_8027A8630,0
01420_8027B3EE0,0
01420_80293A7C0,0
01420_80293AE40,0
01420_802A6CD40,0
01420_802C20250,0
01420_802C20251,0
01420_802CE26A0,0
01420_802EADBA0,0
01420_802F86C00,0
01420_8031F0A70,0
01420_803241D90,0
01420_803443390,0
01420_803496FF0,0
01420_8034B17D0,0
01420_8034EC160,0
01420_80351F7D0,0
01420_80352DEA0,0
01420_803631B40,0
01420_8037496B0,0
01420_803AC7250,0
01420_803E1C210,0
01420_803F09250,0
01420_8041F4EE0,0
01420_8046761C0,0
01420_804A8C5F0,0
01420_804B931A0,0
01420_804E8B820,0
01420_804EC0860,0
01420_8052CF710,0
01420_8054B0150,0
01420_805B62BF0,0
01420_805B6EB10,1
01420_805F35CE0,0
01420_806049280,0
01420_8070FAAC0,0
01420_807803E60,0
01420_807B9BBF0,0
01420_808163750,0
01420_808786B10,0
01420_808A1DF60,0
01420_808A3A160,0
01420_808D32DD0,0
01420_8090FF570,0
01420_8091ED360,0
01420_809431220,0
01420_809466890,0
01420_809F4A770,0
01420_80A2B83F0,0
01420_80A3C41B0,0
01420_80AA0FD10,0
01420_80AA806C0,0
01420_80ADFD6A0,0
01420_80AEDBDE0,0
01420_80B4BCF60,0
01420_80BD52110,0
01420_80C0028E0,0
01420_80C2AEB80,0
01420_80C3FAF20,0
01420_80CBC7170,0
01420_80D014EA0,0
01420_80D016D80,0
01420_80D325EB0,0
01420_80E7F35B0,0
01420_80ED99970,0
01420_80FAA4420,0
01420_810438E20,0
01420_8106FA370,0
01420_8106FC2A0,0
01420_810ACF220,0
01420_811A969F0,0
01420_811E14980,0
01420_813038EC0,0
01420_813F84790,0
0142501_8103024C0,0
0142501_8104ECF80,0
0142501_810D8F8D0,0
0142501_810FC0300,0
0142501_811085060,0
0142501_8117988E0,0
0142501_8125BE510,0
0142501_8126667C0,0
0142501_8131D7950,0
0142553_8101FA7E0,0
0142553_810431270,0
0142553_811623EF0,0
0142553_8121A0250,0
0142553_812BB63D0,0
0142553_812F04390,0
0142553_812FE62D0,0
0142553_8130CA620,0
0142553_813BB0C50,0
0142553_8149616D0,0
0142574_8105CDE90,0
0142574_8110D9A10,0
0142574_811153FC0,0
0142574_81124CAA0,0
0142574_81152EFB0,0
0142574_81211BC00,0
0142574_81327DB40,0
014290_8018F0AE0,0
014290_8018FB920,0
014290_801901590,0
014290_8019C90F0,0
014290_801AF6050,0
014290_801B9EF60,0
014290_801D35B40,0
014290_801D59310,0
014290_801D7D280,0
014290_801E08920,0
014290_801E5E0B0,0
014290_801EC16B0,0
014290_801FA6540,0
014290_801FEFC90,0
014290_802060820,0
014290_80207B200,0
014290_8020C0A90,0
014290_802178860,0
014290_8023B1B40,0
014290_80257B3B0,0
014290_80266F9E0,0
014290_802718CA0,0
014290_80281D270,0
014290_80289D4E0,0
014290_80289F130,0
014290_8028A7810,0
014290_802972060,0
014290_802A556A0,0
014290_802A8C130,0
014290_802BF0170,0
014290_802D0AA60,0
014290_802D2F4F0,0
014290_802D439A0,0
014290_802D8ADC0,0
014290_802DDFAD0,0
014290_802EB4830,0
014290_802EBA8C0,0
014290_802F4C490,0
014290_8031A4F00,0
014290_8031AC120,0
014290_8032345A0,0
014290_8033D8030,0
014290_803BD6FA0,0
014290_803BDBF40,0
014290_803E924A0,0
014290_80432D540,0
014290_8045C1C20,0
014290_805130760,0
014290_80525AD90,0
014290_805276200,0
014290_8052D6670,0
014290_80557D930,0
014290_805A2CDB0,0
014290_805AF7F20,0
014290_805AFA570,0
014290_805EFBE70,0
014290_806881C00,0
014290_807A59AD0,0
014290_808087A60,0
014290_80810E4D0,0
014290_8082B6FB0,0
014290_80831CAB0,0
014290_80853A980,0
014290_8089BB010,0
014290_8093AC590,0
014290_809407760,0
014290_80941C050,0
014290_8096D21D0,0
014290_8098035F0,0
014290_80A65ADE0,0
014290_80A82A2F0,0
014290_80AF10800,0
014290_80AF34CA0,0
014290_80B63C750,0
014290_80BCDD930,0
014290_80C7A2E00,0
014290_80C895870,0
014290_80E04B8A0,0
014290_80E424000,0
014290_80E61C490,0
014290_80F267EC0,0
014290_811684EC0,0
014290_811E0C920,0
014290_812573200,0
014290_812667B90,0
014290_812F531C0,0
014290_813F0DFC0,0
0142973_809B99830,0
0142973_81048FB40,0
0142973_810BD3E80,0
0142973_810E84430,0
0142973_810F9A180,0
0142973_8110BC990,0
0142973_8139383B0,0
0142973_81419D6D0,0
0142973_81447C6F0,0
014325_801A10B90,0
014325_801A56BD0,0
014325_801AB6BE0,0
014325_801AE58D0,0
014325_801B34240,0
014325_801C31720,0
014325_801C34950,0
014325_801DA1E20,0
014325_801E8D760,0
014325_801E94F80,0
014325_80200A780,0
014325_802099420,0
014325_802116F80,0
014325_80214AC10,0
014325_8021C7300,0
014325_80220E170,0
014325_8022D0D50,0
014325_8023173C0,0
014325_802342C80,0
014325_8023E0DB0,0
014325_8023EF4A0,0
014325_802422010,0
014325_8024A6F10,0
014325_802896460,0
014325_8028FC4F0,0
014325_802A07CA0,0
014325_802AC51C0,0
014325_802B469E0,0
014325_802B66FD0,0
014325_802C2DF10,0
014325_802E20B10,0
014325_802F18490,0
014325_8030ABEC0,0
014325_803168870,0
014325_8032E41B0,0
014325_80330FBD0,0
014325_80333CBB0,0
014325_803401D70,0
014325_803551760,0
014325_803746950,0
014325_80378A9A0,0
014325_803A5D760,0
014325_803D5D630,0
014325_80439AAE0,0
014325_804411810,0
014325_804456DC0,0
014325_80445C070,0
014325_8045B9090,0
014325_8045D1BE0,0
014325_804858070,0
014325_804BA8090,0
014325_805317F00,0
014325_805360670,0
014325_8053DA160,0
014325_8053DA161,0
014325_8055433D0,0
014325_805550090,0
014325_8059395E0,0
014325_805B5FBD0,0
014325_805B756C0,0
014325_805BCF2D0,0
014325_805EE4030,0
014325_805F0CFE0,0
014325_8060242F0,0
014325_8063F21C0,0
014325_8066AED80,0
014325_8066B35D0,0
014325_80672F9A0,0
014325_8067791C0,0
014325_8067AF070,0
014325_8067B9C80,0
014325_806A196D0,0
014325_807561BC0,0
014325_8076EE300,0
014325_807AE34F0,0
014325_807CA8550,0
014325_807DD2CB0,0
014325_80805ADD0,0
014325_8089851E0,0
014325_808D14B70,0
014325_80968C020,0
014325_809B819B0,0
014325_809BF19B0,0
014325_809BF88B0,0
014325_809F22080,0
014325_809F96CC0,0
014325_80A04A8B0,0
014325_80AA6B030,0
014325_80B69DEB0,0
014325_80BCEC310,0
014325_80BD23E20,0
014325_80BE22FB0,0
014325_80C1041A0,0
014325_80C4ECCF0,0
014325_80C53AAE0,0
014325_80CB63960,0
014325_80CD8EC30,0
014325_80D04BA00,0
014325_80E042900,0
014325_80E0E8A50,0
014325_80EBA72F0,0
014325_80F2506C0,0
014325_80F2A1ED0,0
014325_80FCB90C0,0
014325_80FE8F260,0
014325_81086E7B0,0
014325_810C91A50,0
014325_812AB15B0,0
014325_81359A4D0,0
014325_813613570,0
014325_8139777C0,0
014325_813ADEA90,0
0143508_810216160,0
0143508_810DFA910,0
0143508_8118CB9B0,0
0143508_8121D8D10,0
0143508_812682080,0
0143508_812B0E6D0,0
0143508_812F0D030,0
0143508_812FCC950,0
0143508_8132C60D0,0
0143508_8137AD610,0
0143508_8141ED990,0
0143947_810E7E980,0
0143947_810E7E9D0,0
0143947_811AD3EE0,0
0143947_811C26210,0
0143947_811C5C450,0
0143947_811ECA530,0
0143947_812D5F210,0
0143947_81327A250,0
0143947_8134FE110,0
0143947_813B05CB0,0
0143947_814198020,0
0143947_814694DA0,0
0143995_810CBC530,0
0143995_8111B3330,0
0143995_811E17A20,0
0143995_811FBD990,0
0143995_81232FC70,0
0143995_812D98930,0
0143995_8133F3DE0,0
0143995_81353C670,0
0143995_813600910,0
0143995_813961ED0,0
0143995_81471FA00,0
0144098_8116CA3D0,0
0144098_8116CA420,0
0144098_811B04CD0,0
0144098_8126D7CE0,0
014433_801B6ED50,0
014433_801CA7940,0
014433_801D0A140,0
014433_801D4D550,0
014433_801DB4D90,0
014433_801E8AB80,0
014433_801EC29F0,0
014433_801F85240,0
014433_80221E130,0
014433_802250040,0
014433_8023328B0,0
014433_802360600,0
014433_802368E70,0
014433_8023B9740,0
014433_8024F5C40,0
014433_802935840,0
014433_802A1F120,0
014433_802C59FB0,0
014433_80304C9E0,0
014433_80305E6B0,0
014433_80329FDA0,0
014433_8033720E0,0
014433_803417F80,0
014433_8034EA260,0
014433_8034F3B10,0
014433_80371C650,0
014433_8037844C0,0
014433_803872DA0,0
014433_803C65380,0
014433_803EC9860,0
014433_80408E700,0
014433_80424E0E0,0
014433_804847D90,0
014433_805117C50,0
014433_8051CF530,0
014433_8052325E0,0
014433_8052CFD90,0
014433_8052FF030,0
014433_8054BBA70,0
014433_806005EE0,0
014433_8060466B0,0
014433_8063E9070,0
014433_806950F70,0
014433_806C6FD20,0
014433_806D1A110,0
014433_806E74B20,0
014433_807107720,0
014433_807594A00,0
014433_807CBB290,0
014433_807F44700,0
014433_808205060,0
014433_808225C60,0
014433_8082CF870,0
014433_8084F88F0,0
014433_808569270,0
014433_8086C39B0,0
014433_809E8D930,0
014433_80A267010,0
014433_80AEB8A80,0
014433_80B224D10,0
014433_80BF855F0,0
014433_80CFD9230,0
014433_80D13B1A0,0
014433_80D1ACB40,0
014433_80DF7C780,0
014433_80E671820,0
014433_80FE8E300,0
014433_810266CF0,0
014433_8103955C0,0
014433_810AC0710,0
014433_810ED4960,0
014433_8113DDA50,0
014433_811717FA0,0
014433_811E1DB80,0
014433_812FEF650,0
014433_8130E1D10,0
014433_81313C420,0
014433_81331ED40,0
014433_813E6D000,0
0145175_810C99F60,0
0145175_810E2BD20,0
0145175_811112DA0,0
0145175_8118CAD00,0
0145175_811B16230,0
0145175_811CECE30,0
0145175_8126F34F0,0
0145175_812FB1F90,0
0145175_813285F50,0
0145200_812697CB0,0
0145200_813012B00,0
0145200_8135C6850,0
0145200_81391B1D0,0
0145200_813BF0B90,0
0145217_811047280,0
0145217_8110B0460,0
0145217_8110D0900,0
0145386_81122E0B0,0
0145386_811AA7260,0
0145386_811FBC7B0,0
0145386_8124CA8F0,0
0145386_8126F5B20,0
0145386_813070D70,0
0145386_813141480,0
0145386_8139F69D0,0
0145386_8145D79C0,0
014549_801A92D30,0
014549_801B60340,0
014549_801C39FF0,0
014549_801CC5920,0
014549_801D08580,0
014549_801D48420,0
014549_801E18190,0
014549_801E84150,0
014549_801E90280,0
014549_801F6CDB0,0
014549_8022AD420,0
014549_8022E1410,0
014549_80244C280,0
014549_8024CD9C0,0
014549_8025612B0,0
014549_8027A6D90,0
014549_8027C3F30,0
014549_8027FE360,0
014549_802A71170,0
014549_802AC04C0,0
014549_802B42DA0,0
014549_802BA59A0,0
014549_802BC0740,0
014549_802BD56A0,0
014549_802EE07B0,0
014549_8032520E0,0
014549_80326D260,0
014549_8032F4D60,0
014549_80333F6C0,0
014549_803342110,0
014549_803416870,0
014549_803442580,0
014549_803465CE0,0
014549_8035813D0,0
014549_803A264B0,0
014549_803AE18E0,0
014549_803C32610,0
014549_804088E90,0
014549_8040A5660,0
014549_80416A7D0,0
014549_8041BB890,0
014549_8041DD290,0
014549_8045D15B0,0
014549_80482D6F0,0
014549_804943330,0
014549_80494B6B0,0
014549_804BFE990,0
014549_805090ED0,0
014549_80510CD60,0
014549_805B3F8A0,0
014549_805E8EFE0,0
014549_8060F71A0,0
014549_806523370,0
014549_8069F0D30,0
014549_8072C5FC0,0
014549_8074E1FD0,0
014549_807600B90,0
014549_807C976A0,0
014549_807F5B130,0
014549_8081A7000,0
014549_808341140,0
014549_8086FC0E0,0
014549_80935E7F0,0
014549_809A84EF0,0
014549_809F91FB0,0
014549_80AADFB90,0
014549_80AEBC790,0
014549_80B6F3180,0
014549_80C6C75D0,0
014549_80CB83C60,0
014549_80E14B3D0,0
014549_80E3273E0,0
014549_810B569A0,0
014549_8129D3450,0
014549_812F17CB0,0
014549_813091170,0
014549_81356C2E0,0
014549_81360D720,0
0146122_811980550,0
0146122_811AB08E0,0
0146122_811D31130,0
0146122_81319AA50,0
0146167_811C7F320,0
0146167_811E6B860,0
0146167_812457940,0
0146167_812A57E10,0
0146167_813291B30,0
0146167_81394E830,0
0146265_8111473A0,0
0146265_8121A3E40,0
0146265_812620DE0,0
0146265_812A26D50,0
0146265_812BA4500,0
0146265_8131A7280,0
0146330_8114667A0,0
0146330_811784C00,0
0146330_8126ECF20,0
0146330_813253D40,0
0146330_813320DB0,0
0146330_8141B6410,0
014650_80189A690,0
014650_801B1BC60,0
014650_801C0F580,0
014650_801C729E0,0
014650_801D57140,0
014650_801D59ED0,0
014650_801DF88F0,0
014650_801E01810,0
014650_801E4E870,0
014650_801EA1CE0,0
014650_801EF93D0,0
014650_801F2B0C0,0
014650_801F445E0,0
014650_801F98330,0
014650_801F9F3C0,0
014650_801FFD870,0
014650_80207C350,0
014650_8020FE780,0
014650_802113D80,0
014650_80212E0C0,0
014650_80218F060,0
014650_802198D20,0
014650_8022F83A0,0
014650_802415800,0
014650_802585590,0
014650_802599600,0
014650_8025C6170,0
014650_8025FB5A0,0
014650_80264AA60,0
014650_8026595F0,0
014650_80268C870,0
014650_8026BB260,0
014650_80271EB40,0
014650_802808CE0,0
014650_8028A1370,0
014650_8028B4F20,0
014650_8029064C0,0
014650_80293FEA0,0
014650_802B23E90,0
014650_802C127C0,0
014650_802C29550,0
014650_802CE7BF0,0
014650_802F3F4E0,0
014650_8031A00F0,0
014650_803391B50,0
014650_803392780,0
014650_803499600,0
014650_803BB3580,0
014650_8040B0BB0,0
014650_8048D6EF0,0
014650_80513C890,0
014650_80576E080,0
014650_80583A020,0
014650_805A2F760,0
014650_805AB9030,0
014650_8067F1F10,0
014650_80688EAE0,0
014650_8068CC0E0,0
014650_8077B3120,0
014650_8077C25E0,0
014650_8078538B0,0
014650_80785E590,0
014650_8078EE7A0,0
014650_807993280,0
014650_8084C3170,0
014650_8097C6EA0,0
014650_8097FEE50,0
014650_809801650,0
014650_80A8E4A60,0
014650_80A900100,0
014650_80AEFB010,0
014650_80B408310,0
014650_80B5687B0,0
014650_80B78BBD0,0
014650_80B86D720,0
014650_80C23F610,0
014650_80D4B4D80,0
014650_80E10F390,0
014650_80E370100,0
014650_80ED6EDB0,0
014650_810B3E890,0
014650_810FE4AC0,0
014650_811003080,0
014650_8116004D0,0
014650_811601CA0,0
014650_81214AB00,0
014650_813F13770,0
014663_801D56BE0,0
014663_801E0C4D0,0
014663_801EC62F0,0
014663_801ED2A60,0
014663_801EF22D0,0
014663_801F1F670,0
014663_801F2BFC0,0
014663_801F58930,0
014663_801FBC320,0
014663_801FE37C0,0
014663_80207B450,0
014663_8020A3B70,0
014663_8020DF2A0,0
014663_8023CA4F0,0
014663_8025F86B0,0
014663_8026416B0,0
014663_8026BDE90,0
014663_802714320,0
014663_8027E2E10,0
014663_8028D0090,0
014663_8028D1190,0
014663_8029847F0,0
014663_8029B99C0,0
014663_802A91380,0
014663_802C96380,0
014663_802DF78B0,0
014663_8031F39E0,0
014663_80335ADB0,0
014663_8033DE360,0
014663_803676CC0,0
014663_803BAFDE0,0
014663_803D1E1E0,0
014663_803D27A50,0
014663_803E98720,0
014663_8041C9F80,0
014663_804247D90,0
014663_804332410,0
014663_804907720,0
014663_804EB9150,0
014663_805A134B0,0
014663_806047980,0
014663_80644D9D0,0
014663_8068F9B40,0
014663_80696A1E0,0
014663_8069EAD30,0
014663_806A80BA0,0
014663_806C33440,0
014663_807315DA0,0
014663_807474DE0,0
014663_807970630,0
014663_807C1C8E0,0
014663_807F24DD0,0
014663_807FEA220,0
014663_80803E200,0
014663_80808B9F0,0
014663_80832FDB0,0
014663_80832FFE0,0
014663_808DF5180,0
014663_80A2F42A0,0
014663_80A3F7350,0
014663_80B5C6AB0,0
014663_80B691480,0
014663_80BAC2A40,0
014663_80BF41DC0,0
014663_80C893BD0,0
014663_80DCCA560,0
014663_8102D6C30,0
014663_8102E66C0,0
014663_810979930,0
014663_810A91C00,0
014663_8116030D0,0
014663_811630F40,0
014663_811974F50,0
014663_8125B7440,0
014663_81278F990,0
014663_812B5ECA0,0
0146713_81296F8E0,0
0146713_81327EC20,0
01467_8001ED3D0,0
01467_80025F3B0,0
01467_80025F840,0
01467_800268E80,0
01467_80027F1C0,0
01467_8002D6C00,0
01467_80032BCD0,0
01467_80032E240,0
01467_80038D0D0,0
01467_8003ADF40,0
01467_8003BD2B0,0
01467_8003C8AE0,0
01467_8003CC3A0,0
01467_8003D6C70,0
01467_8003E2010,0
01467_8003E6470,0
01467_8003F6C80,0
01467_8003F71E0,0
01467_800407B10,0
01467_8004130C0,0
01467_800414A40,0
01467_80041A5A0,0
01467_80041C090,0
01467_80042B850,0
01467_80045CF90,0
01467_80045E690,0
01467_80045F040,0
01467_80046F5C0,0
01467_800485140,0
01467_80049D890,0
01467_8004AAD20,0
01467_8004B0D10,0
01467_8004DF350,0
01467_800534CB0,0
01467_80058F390,0
01467_800596880,0
01467_8005B1AC0,0
01467_8005B60B0,0
01467_8005CA160,0
01467_8005CC8D0,0
01467_8005DC930,0
01467_8005F2F80,0
01467_80064E6A0,0
01467_800689960,0
01467_8006DBEC0,0
01467_800712050,0
01467_800714800,0
01467_8007594B0,0
01467_80076B320,0
01467_8008204D0,0
01467_800836A50,0
01467_80083C580,0
01467_800873CD0,0
01467_80088E300,0
01467_8008A1840,0
01467_8008C3BE0,0
01467_8008C7770,0
01467_8008D8970,0
01467_8009465F0,0
01467_800955EE0,0
01467_8009A9EA0,0
01467_8009B7650,0
01467_800A5A020,0
01467_800A8BEB0,0
01467_800A9AF40,0
01467_800B16C80,0
01467_800B906E0,0
01467_800BAAB00,0
01467_800BE2B60,0
01467_800C3FED0,0
01467_800CA37B0,0
01467_800CCE480,0
01467_800D10B40,0
01467_800D21E00,0
01467_800D32BB0,0
01467_800D99200,0
01467_800DCDD30,0
01467_800DF3690,0
01467_800E4EEB0,0
01467_800E7F270,0
01467_800EC1C90,0
01467_800EDE170,0
01467_800F123C0,0
01467_800F5F1E0,0
01467_8010015D0,0
01467_801008340,0
01467_801082A70,0
01467_801083870,0
01467_8010D59C0,0
01467_8010F1670,0
01467_8011A1610,0
01467_801227620,0
01467_80122A230,0
01467_8012CE0F0,0
01467_8012CEFE0,0
01467_801306E90,0
01467_8013707F0,0
01467_80165E160,0
01467_80175D830,0
01467_8017D8FD0,0
01467_80183D000,0
01467_801895250,0
01467_8018B9D00,0
01467_801A1D830,0
01467_801A518B0,0
01467_801AD9DE0,0
01467_801B21A40,0
01467_801CE1380,0
01467_801CEAAB0,0
01467_801CEF900,0
01467_801CFA790,0
01467_801CFA791,0
01467_801D43090,0
01467_801D4A330,0
01467_801D64EB0,0
01467_801DA23B0,0
01467_801E416E0,0
01467_801E9C920,0
01467_801F84BA0,0
01467_8020AFCC0,0
01467_80211B1E0,0
01467_80220B5D0,0
01467_8022D8850,0
01467_802428600,0
01467_8024AAF00,0
01467_8024F7A00,0
01467_80262C0F0,0
01467_8026A7D70,0
01467_8027440F0,0
01467_80287BAB0,0
01467_802CE4830,0
01467_802E1C5F0,0
01467_80327ADA0,0
01467_80363F4A0,0
01467_80364CB50,0
01467_80369D510,0
01467_8038BA630,0
01467_803A070E0,0
01467_803C578E0,0
01467_803D448B0,0
01467_803EE3170,0
01467_804168950,0
01467_80426FBE0,0
01467_80428F350,0
01467_804949BD0,0
01467_804C33650,0
01467_804E80FD0,0
01467_804E98D40,0
01467_804ED2270,0
01467_805111EC0,0
01467_8051B5440,0
01467_8051C2B10,0
01467_8057D3BD0,0
01467_8057F2870,0
01467_805F89810,0
01467_806755EE0,0
01467_80675C660,0
01467_8069DFB50,0
01467_806A88A40,0
01467_806D10000,0
01467_806E913A0,0
01467_8073F1BF0,0
01467_80744EF00,0
01467_807C92700,0
01467_808462EA0,0
01467_80858B5B0,0
01467_808939C40,0
01467_80898AF40,0
01467_808D1F340,0
01467_808DE8020,0
01467_808F93E30,0
01467_80911B9F0,0
01467_809AEC560,0
01467_80A90C3B0,0
01467_80A9C7D80,0
01467_80AC9B8D0,0
01467_80ACCEB50,0
01467_80BD6BEB0,0
01467_80BDC59B0,0
01467_80BF93AE0,0
01467_80C0F21E0,0
01467_80C0F7F20,0
01467_80C6FB830,0
01467_80DAB3480,0
01467_80DB5FB90,0
01467_80DC67390,0
01467_80DF64E30,0
01467_80E6FA7A0,0
01467_80EC57DC0,0
01467_810B0DCF0,0
01467_810DB8F80,0
01467_810E84150,0
01467_81117CD40,0
01467_811CDDEB0,0
01467_811F42A90,0
01467_81276A970,0
01467_812994F60,0
01467_813061E90,0
01467_8141D5F80,0
01467_814220DD0,0
01467_8143BE0C0,0
0147042_81175E4F0,0
0147042_8118FE940,0
0147042_811F92000,0
0147042_8121C7250,0
0147042_812538A50,0
0147042_8125A0CC0,0
0147042_8128D7CB0,0
0147042_81290B6F0,0
0147085_811672D00,0
0147085_811738230,0
0147085_812562D50,0
0147241_8118AB900,0
0147241_811CE0940,0
0147241_812822BC0,0
0147241_812ADDB60,0
0147241_812B67740,0
0147241_8130C1EF0,0
0147241_8132B6C00,0
0147241_813A4B2F0,0
0147241_813FEA6C0,0
0147241_8141F2700,0
0147241_814723190,0
0147252_8123F1610,0
0147252_813F8B4D0,0
0147267_811FE8510,0
0147267_8135F3F90,0
0147267_8139F8450,0
0147267_814942AD0,0
0147497_812B66FC0,0
0147725_8126E8980,0
0147725_812EAB130,0
0147725_8130DC6F0,0
0147725_8132BBB40,0
0147725_814079600,0
0147833_811AD3CA0,0
0147833_811CBE090,0
0147833_811F60C90,0
0147833_812843EA0,0
0147833_812DB9540,0
0147833_812EDD450,0
0147833_812F4FB50,0
0147833_81366B900,0
0147833_8138DF270,0
0147833_813BF07D0,0
0147833_814258B10,0
0147863_811F96E90,0
0147863_8128AF5D0,0
0147863_813BDA2E0,0
0147863_81448ACF0,0
0147885_811D488C0,0
0147885_8121446D0,0
0147885_812643A80,0
0147885_81396E820,0
0148159_81267C010,0
0148159_812A35290,0
0148159_812C5BCB0,0
0148159_812F03DA0,0
0148159_81301FF00,0
0148159_81337EE70,0
0148159_813EEF480,0
0148159_81482CEF0,0
0148212_812451700,0
0148212_812B77870,0
0148212_81391BE80,0
0148543_8135C5B50,0
0148543_8139FD0F0,0
0148543_813F38240,0
0148937_812212430,0
0148937_8124A3BA0,0
0148937_812507620,0
0148937_8132806D0,0
0149012_812220670,0
0149012_8124774B0,0
0149012_812B0D1B0,0
0149012_813457E60,0
0149012_814187140,0
0149030_812623FB0,0
0149030_812AAC330,0
0149030_813070BF0,0
0149030_8131881C0,0
0149030_8133C08F0,0
0149030_8139032A0,0
0149030_8139F98F0,0
0149030_8143AF510,0
0149089_8126779E0,0
0149089_81361C280,0
0149089_8142116C0,0
01490_80027EB70,0
01490_800280140,0
01490_800280B40,0
01490_8002906E0,0
01490_800293C00,0
01490_800296B10,0
01490_80029E4F0,0
01490_8002AA540,0
01490_8002AEA60,0
01490_8002B1CF0,0
01490_8002B4560,0
01490_8002B5170,0
01490_8002BCF50,1
01490_8002D0010,0
01490_8002EB370,0
01490_8002F0720,0
01490_8002F2860,0
01490_800325390,0
01490_800351DC0,0
01490_800351DC1,0
01490_800352AE0,0
01490_800355BD0,0
01490_80035F1E0,0
01490_80037D9E0,0
01490_80043D460,0
01490_800443F30,0
01490_8004E20A0,0
01490_8004F9E10,0
01490_8005021E0,0
01490_80050CBF0,0
01490_8005263C0,0
01490_800552800,0
01490_800554B00,0
01490_80056CE80,0
01490_8005C5780,0
01490_800632860,0
01490_8006350C0,0
01490_8006368F0,0
01490_80064B990,0
01490_8006C2090,0
01490_80070E4B0,0
01490_800744410,0
01490_8007531F0,0
01490_8007F4680,0
01490_80080B040,0
01490_8008448D0,0
01490_8008648B0,0
01490_800897400,0
01490_8008B42E0,0
01490_80090BD40,0
01490_800924C60,0
01490_800977740,0
01490_800997D30,0
01490_8009ABB60,0
01490_8009C6F50,0
01490_8009CE300,0
01490_8009E1ED0,0
01490_8009ECAB0,0
01490_8009FFE10,0
01490_800A0D130,0
01490_800A16D10,0
01490_800A25490,0
01490_800A721A0,0
01490_800AAD5B0,0
01490_800B4AA80,0
01490_800B91780,0
01490_800B9CF90,0
01490_800BE1A40,0
01490_800C37380,0
01490_800C56620,0
01490_800CA62A0,0
01490_800E1FAF0,0
01490_800E3E550,0
01490_800E66AC0,0
01490_800EB8300,0
01490_801068A40,0
01490_80106A350,0
01490_80106B020,0
01490_80106EB30,0
01490_801075420,0
01490_8010886A0,0
01490_8010C3FC0,0
01490_8010FAD00,0
01490_801107A00,0
01490_80113FA40,0
01490_801141260,0
01490_8012184E0,0
01490_80122D870,0
01490_801299250,0
01490_8012FFF70,0
01490_801330460,0
01490_801362070,0
01490_8013BE680,0
01490_8013FC8C0,0
01490_801421C40,0
01490_8014E9DE0,0
01490_8014FA840,0
01490_801594EE0,0
01490_8015B54E0,0
01490_8015C29D0,0
01490_80174C000,0
01490_8018F9960,0
01490_80193E830,0
01490_801A04460,0
01490_801A28620,0
01490_801ADF370,0
01490_801B29BB0,0
01490_801BC5080,0
01490_801C88990,0
01490_801D7BED0,0
01490_801DE2680,0
01490_801DE4400,0
01490_801E26A50,0
01490_801E4DFC0,0
01490_801E5B860,0
01490_801FF7AC0,0
01490_802003F80,0
01490_8021B0100,0
01490_8022FB640,0
01490_802321E70,0
01490_802409B30,0
01490_80258D8A0,0
01490_8025EEB70,0
01490_802619EE0,0
01490_802693270,0
01490_8026D8F40,0
01490_8026E3070,0
01490_80278C940,0
01490_802988F70,0
01490_802D0D690,0
01490_802D87680,0
01490_80337E520,0
01490_8034C5700,0
01490_803CF7D30,0
01490_803DD59B0,0
01490_8041CAB70,0
01490_8056D5660,0
01490_80590D0C0,0
01490_806952D50,0
01490_8069A8040,0
01490_806CC9310,0
01490_807243000,0
01490_80745A880,0
01490_80778B290,0
01490_8078A6F80,0
01490_807977410,0
01490_807AF14D0,0
01490_807B72C70,0
01490_807CE2490,0
01490_807D75320,0
01490_8080BA970,0
01490_80818B8C0,0
01490_80A676B00,0
01490_80ACB3950,0
01490_80B1B7FF0,0
01490_80B54F0D0,0
01490_80B639DF0,0
01490_80B8416F0,0
01490_80BA86800,0
01490_80BBD80B0,0
01490_80C21B980,0
01490_80C8B27B0,0
01490_80C8F1170,0
01490_80CA272D0,0
01490_80D2700F0,0
01490_80D91B250,0
01490_80DD7D570,0
01490_80DE6F8B0,0
01490_80DE857F0,0
01490_80E48D4B0,0
01490_80E56D3F0,0
01490_80F7B5160,0
01490_812481410,0
01490_81257FB00,0
01490_8125BF5E0,0
01490_812F86900,0
01490_81451B150,0
0149488_812D99850,0
0149488_812DACFB0,0
0149488_812EFC090,0
0149488_812F0DE30,0
0149488_812F135F0,0
0149488_813A8A1F0,0
0149706_8144B87D0,0
0149758_812BC8C30,0
0149758_813478610,0
0149758_813AD0A30,0
0149758_813E30440,0
014_801AAC1F0,0
014_8031EA330,0
015010_801DDB8D0,0
015010_801DE5F80,0
015010_801DFE7B0,0
015010_801E26D70,0
015010_801E29300,0
015010_801E2EC90,0
015010_801E50780,0
015010_801EE80A0,0
015010_801EEA040,0
015010_801EF0FC0,0
015010_801F2BD80,0
015010_801F383D0,0
015010_801F5A0B0,0
015010_801FC9060,0
015010_80201B220,0
015010_80209AA70,0
015010_8021148C0,0
015010_80218CC40,0
015010_8021BF9C0,0
015010_8022E9D40,0
015010_8023BE710,0
015010_8023C9700,0
015010_8025E6C50,0
015010_80279D130,0
015010_8028A0B70,0
015010_8028A7A40,0
015010_802963820,0
015010_8029B01C0,0
015010_802A8C700,0
015010_802AA4310,0
015010_802BEE700,0
015010_802CE9BD0,0
015010_802D77FB0,0
015010_802F245B0,0
015010_80336CB70,0
015010_803399B10,0
015010_803CFE0F0,0
015010_8048D2E90,0
015010_804E6AAD0,0
015010_80510D800,0
015010_805790600,0
015010_806513C80,0
015010_80651E1D0,0
015010_8065A8810,0
015010_806C0D9C0,0
015010_807758D30,0
015010_8077C72F0,0
015010_80787E230,0
015010_807A77630,0
015010_807ADEAC0,0
015010_807D57720,0
015010_808185B60,0
015010_80A3FE2D0,0
015010_80B6773A0,0
015010_80B8C8F50,0
015010_80BAB42C0,0
015010_80D3F5970,0
015010_80D480920,0
015010_80D78B650,0
015010_80E34DAD0,0
015010_80EBD9480,0
015010_80FC11220,0
015010_8110D6A70,0
015010_8119670A0,0
015010_81248F990,0
01502_8002926D0,0
01502_800292DB0,0
01502_800297330,0
01502_8002A2410,0
01502_8002A6520,0
01502_8002A8160,0
01502_8002D2480,0
01502_8002D3BD0,0
01502_8002D41C0,0
01502_8002DE210,0
01502_8002E60D0,0
01502_8002EE390,0
01502_8003119E0,0
01502_8003142E0,0
01502_800318CA0,0
01502_8003544A0,0
01502_800355FF0,0
01502_800379CA0,0
01502_8003AA9A0,0
01502_8003C54B0,0
01502_800441340,0
01502_8004466F0,0
01502_800446CB0,0
01502_800477B90,0
01502_8004EDDD0,0
01502_8004F2AC0,0
01502_8004F42A0,0
01502_800502850,0
01502_80050A5C0,0
01502_80050AC10,0
01502_800525160,0
01502_800528E60,0
01502_80053D3E0,0
01502_80055E260,0
01502_8005686E0,0
01502_800585610,0
01502_800587160,0
01502_8005882D0,0
01502_800607100,0
01502_800634CE0,0
01502_800637C70,0
01502_800641B80,0
01502_8006822A0,1
01502_800690280,0
01502_8006BF8A0,0
01502_8006DEAC0,0
01502_800740750,0
01502_800798B00,0
01502_8007F8B70,0
01502_800912EE0,0
01502_8009167C0,0
01502_80096AF90,0
01502_80097CA50,0
01502_80099EED0,0
01502_8009A4370,0
01502_8009ABF50,0
01502_8009C6700,0
01502_8009D7900,0
01502_800A06D50,0
01502_800A07B20,0
01502_800A3D950,0
01502_800B6FE90,0
01502_800C7F240,0
01502_800C9F880,0
01502_800CA76A0,0
01502_800D5A1B0,0
01502_800D72800,0
01502_800D85430,0
01502_800E11520,0
01502_800E4B800,0
01502_800E507D0,0
01502_800E51D30,0
01502_800E59CB0,0
01502_800EBB400,0
01502_800ECD620,0
01502_800EF1ED0,0
01502_800F2C070,0
01502_800FD1AF0,0
01502_800FF4C00,0
01502_801060E30,0
01502_8010CB280,0
01502_8011482A0,0
01502_8011CE6F0,0
01502_801251050,0
01502_801380770,0
01502_8013A1F10,0
01502_8013AFAC0,0
01502_8013B6AD0,0
01502_8013BCCF0,0
01502_8013FBB10,0
01502_8014063B0,0
01502_8014BDB00,0
01502_8015695C0,0
01502_8016B8550,0
01502_8016F46A0,0
01502_80181FF50,0
01502_8018423F0,0
01502_8018FB0A0,0
01502_801967C10,0
01502_801B19820,0
01502_801B876D0,0
01502_801C02560,0
01502_801C82950,0
01502_801C89620,0
01502_801D9B200,0
01502_801DD7030,0
01502_801E750B0,0
01502_801F5A2A0,0
01502_801FD08E0,0
01502_801FD7DE0,0
01502_802045C30,0
01502_802347450,0
01502_80237F190,0
01502_8023B8F20,0
01502_8024FEAA0,0
01502_802508370,0
01502_802538DB0,0
01502_8025A5760,0
01502_802633E40,0
01502_802674710,0
01502_8026B6710,0
01502_8026B7E10,0
01502_8026BA5E0,0
01502_8027C7EA0,0
01502_802808E70,0
01502_802866260,0
01502_8028DCC20,0
01502_802949520,0
01502_8029EA1C0,0
01502_802A0AFD0,0
01502_802A7EB30,0
01502_802ECE550,0
01502_8031A0AB0,0
01502_8037B56E0,0
01502_803C467F0,0
01502_803CE1910,0
01502_804208FD0,0
01502_804396BF0,0
01502_8043C91F0,0
01502_8043F9B40,0
01502_805266A70,0
01502_805276530,0
01502_805331F10,0
01502_8063FEFB0,0
01502_8068A7660,0
01502_807340F10,0
01502_8077ACF50,0
01502_807955980,0
01502_8079BF470,0
01502_807B18600,0
01502_807B26040,0
01502_807B6DE60,0
01502_807C1E540,0
01502_808EA5490,0
01502_809765580,0
01502_8098436C0,0
01502_809FF1DF0,0
01502_80A09C0E0,0
01502_80A0DC850,0
01502_80A1C62A0,0
01502_80A82A9B0,0
01502_80ABCD6A0,0
01502_80B354970,0
01502_80B689120,0
01502_80BA7B1D0,0
01502_80BB9A070,0
01502_80C8D4D40,0
01502_80D352050,0
01502_80D96CA90,0
01502_80DCE4830,0
01502_80DEC3EB0,0
01502_80DF58BD0,0
01502_80DFD0950,0
01502_80EBE3D50,0
01502_80F7F5F40,0
01502_80FB9F3B0,0
01502_810F54F40,0
01502_810F67600,0
01502_811004290,0
01502_8110707F0,0
01502_811078220,0
01502_811617850,0
01502_8119A9670,0
0150363_812E88A10,0
015055_801E275C0,0
015055_801F1F450,0
015055_801F86940,0
015055_801FBE5A0,0
015055_801FE5AE0,0
015055_801FE8D20,0
015055_80211CFC0,0
015055_802176B60,0
015055_802185D00,0
015055_8021A4B50,0
015055_802350DC0,0
015055_80237C990,0
015055_80240CF00,0
015055_80255AAE0,0
015055_80258A7F0,0
015055_802594E00,0
015055_802665000,0
015055_802745A60,0
015055_8027E12A0,0
015055_8028C4B90,0
015055_8029DFED0,0
015055_802B7DF10,0
015055_802DE2230,0
015055_803381400,0
015055_803E7C8C0,0
015055_8048C87F0,0
015055_805562440,0
015055_8056CD1E0,0
015055_805AF1150,0
015055_8069B3C90,0
015055_806C135F0,0
015055_807242F20,0
015055_8077A0110,0
015055_807AA1A00,0
015055_807B4A150,0
015055_807BAFF40,0
015055_807BBB020,0
015055_807BDE8D0,0
015055_807C1BFD0,0
015055_807CDE350,0
015055_808606D40,0
015055_8088BB0A0,0
015055_80A0A5590,0
015055_80B364BC0,0
015055_80B7901E0,0
015055_80B922680,0
015055_80B952C30,0
015055_80BA22940,0
015055_80BA84B20,0
015055_80D3C9F00,0
015055_80D8A8C40,0
015055_80F7A0460,0
015055_80FF05E30,0
015055_810512040,0
015055_810F89A50,0
015055_81263B410,0
015055_8127190A0,0
0150580_812FFA850,0
0150674_812BE1140,0
0150674_81349EE30,0
0150674_8141EACD0,0
0150675_812C31B50,0
0150675_812FB7EB0,0
0150675_81450A550,0
0150945_812DEAF50,0
0150995_80BDA6230,0
0150995_812EDB290,0
0151255_813391000,0
0151255_8135D5D20,0
0151338_813F0B580,0
0151338_813F0FF00,0
0151777_8133156C0,0
015180_801F06300,0
015180_801F989D0,0
015180_801FFE1E0,0
015180_80204C2E0,0
015180_8020A31C0,0
015180_8020AD6C0,0
015180_8020B8D80,0
015180_8020BE220,0
015180_802172ED0,0
015180_8021DD910,0
015180_8023AFA50,0
015180_8023B6DB0,0
015180_802408F50,0
015180_80263D250,0
015180_802664FB0,0
015180_8026C1550,0
015180_8026ECA90,0
015180_802722DF0,0
015180_8027EC980,0
015180_802888A90,0
015180_80295C3F0,0
015180_802ADB720,0
015180_802B20020,0
015180_802C08060,0
015180_802E949F0,0
015180_802EBA1B0,0
015180_8031CD250,0
015180_80338BF20,0
015180_80377CC40,0
015180_803E8AC20,0
015180_80478A950,0
015180_8048F4790,0
015180_804BF1380,0
015180_805286860,0
015180_805338500,0
015180_8057AEA40,0
015180_805A69430,1
015180_8068A17D0,0
015180_8068DD0D0,0
015180_80697EAA0,0
015180_80729C560,0
015180_807602870,0
015180_807BF53A0,0
015180_807FD9D10,0
015180_808147AE0,0
015180_80848A6B0,0
015180_808602BE0,0
015180_8088D3AF0,0
015180_809743F90,0
015180_80AE0CC40,0
015180_80B35A1F0,0
015180_80B511DE0,0
015180_80BA546C0,0
015180_80BA603D0,0
015180_80C03FE10,0
015180_80D296730,0
015180_80D427F50,0
015180_80DE7FF70,0
015180_80EBE9AC0,0
015180_80ED017E0,0
015180_81037ADB0,0
015180_8104A7DF0,0
015180_8125A3B50,0
015180_8131BF540,0
0151849_8141B68C0,0
0151971_81393FE30,0
0151971_8139D9680,0
0152078_8144D3160,0
0152202_8139E8D60,0
01522_80021DC50,0
01522_8002D4710,0
01522_8002D8A20,0
01522_8002DFFE0,0
01522_8002E2AB0,0
01522_8002F4050,0
01522_800315CA0,0
01522_800316D50,0
01522_80031BA50,0
01522_80031E760,0
01522_800354540,0
01522_80035B1E0,0
01522_80035B620,0
01522_80035CCE0,0
01522_8004183F0,0
01522_80043E760,0
01522_800453560,0
01522_80048DCF0,0
01522_80048E330,0
01522_80048E740,0
01522_8004F28D0,0
01522_8004F81D0,0
01522_80051C330,0
01522_80051D960,0
01522_800520330,0
01522_800528510,0
01522_800533260,0
01522_800554D50,0
01522_8005621A0,0
01522_800585040,0
01522_800596640,0
01522_8005ED550,0
01522_800602990,0
01522_800609B00,0
01522_80060B770,0
01522_8006425C0,0
01522_800643220,0
01522_8006823E0,1
01522_80069D110,0
01522_8006AEEC0,0
01522_80070F810,0
01522_800720FF0,0
01522_800749A00,0
01522_800757510,0
01522_800798580,0
01522_8007E2890,0
01522_8007EAAE0,0
01522_8007FAD70,0
01522_800862020,0
01522_800862C30,0
01522_8008662D0,0
01522_8008AE340,0
01522_8008BA160,0
01522_800917AB0,0
01522_80091D750,0
01522_80091FAE0,0
01522_8009C77C0,0
01522_8009C88F0,1
01522_8009CEBA0,0
01522_8009D19D0,0
01522_8009E3C10,0
01522_800A02040,0
01522_800A1B820,0
01522_800A3DDD0,0
01522_800AB44C0,0
01522_800AB9D50,0
01522_800AE71E0,0
01522_800AEE000,0
01522_800B57440,0
01522_800B75370,0
01522_800B757B0,0
01522_800B83E10,0
01522_800B85120,0
01522_800B8E220,0
01522_800BCD300,0
01522_800C05510,0
01522_800C68D20,0
01522_800C78E20,0
01522_800D4E050,0
01522_800D794B0,0
01522_800D85770,0
01522_800E4F3A0,0
01522_800E6E080,0
01522_800EB8D00,0
01522_800ED6210,0
01522_800F116A0,0
01522_800FE1270,0
01522_80104F420,0
01522_8010C5760,0
01522_8010C7800,0
01522_8010CA940,0
01522_80113E090,0
01522_8011CCCD0,0
01522_801205FF0,0
01522_801452620,0
01522_8014D87C0,0
01522_80154F700,0
01522_8015951F0,0
01522_8015CA370,0
01522_8016E81B0,0
01522_801746B20,0
01522_8017B00D0,0
01522_8018B8200,0
01522_801937380,0
01522_8019A64D0,0
01522_801A11B40,0
01522_801A33CE0,0
01522_801A962A0,0
01522_801B0D7C0,0
01522_801CCAF30,0
01522_801DE2D00,0
01522_801E4EE10,0
01522_801ED7D80,0
01522_801F30DA0,0
01522_802071680,0
01522_8020B7490,0
01522_8020CC0F0,0
01522_802132A60,0
01522_8021A13F0,0
01522_8022B4400,0
01522_802349580,0
01522_80234A500,0
01522_802353220,0
01522_802578C50,0
01522_8025FB7B0,0
01522_8025FEC00,0
01522_8026340B0,0
01522_802661170,0
01522_8026DC700,0
01522_80283A1B0,0
01522_80284BF80,0
01522_80299B2B0,0
01522_802ACB080,0
01522_802BB88B0,0
01522_802BF3090,0
01522_802C05260,0
01522_802C71190,0
01522_802CE65D0,0
01522_802D0FB40,0
01522_802D2F240,0
01522_802D77230,0
01522_802D8A130,0
01522_802EA03F0,0
01522_80337EAC0,0
01522_80360F390,0
01522_80427A690,0
01522_804BFB020,0
01522_804E19D70,0
01522_8056F0980,0
01522_8057FD660,0
01522_80593A590,0
01522_8059DE740,0
01522_805F0D780,0
01522_80690DB80,0
01522_806E61D60,0
01522_80708F6B0,0
01522_80787C9D0,0
01522_8078B7CB0,0
01522_807B80A30,0
01522_807F22B10,0
01522_80831EF60,0
01522_8085BD810,0
01522_8093C08E0,0
01522_80976AD10,0
01522_809FEFD10,0
01522_80B9C1A10,0
01522_80C2A8F70,0
01522_80D249830,0
01522_80DDF7DD0,0
01522_80ECBABE0,0
01522_80FCD67F0,0
01522_810F64BA0,0
01522_810FF2B60,0
01522_811615390,0
01522_811AAE150,0
01522_812109020,0
01522_8126433F0,0
01522_812B78940,0
01522_81306C690,0
01522_814727680,0
015231_801236BA0,0
015231_801236E30,0
015231_801237530,0
015231_80123BC20,0
015231_801F252F0,0
015231_801F371B0,0
015231_801F4DF10,0
015231_802030F60,0
015231_8020445C0,0
015231_802078D80,0
015231_802381080,0
015231_8023BBAA0,0
015231_8023BC0A0,0
015231_802575CE0,0
015231_8025CDDC0,0
015231_802614620,0
015231_80266F490,0
015231_8027B2C00,0
015231_8028C7E00,0
015231_80296E290,0
015231_802ADDE30,0
015231_802B1FC80,0
015231_802EFC2A0,0
015231_803499E40,0
015231_803D310A0,0
015231_803D85B80,0
015231_803E85E50,0
015231_8042604F0,0
015231_80530FD70,0
015231_8056DA9B0,0
015231_805791520,0
015231_806C33200,0
015231_80720BFB0,0
015231_80761C8E0,0
015231_807B100C0,0
015231_807B2FD20,0
015231_807BCBFF0,0
015231_808307DF0,0
015231_8085B98E0,0
015231_8085C0E20,0
015231_8088B7BC0,0
015231_8088D26A0,0
015231_808E9E830,0
015231_808F16E00,0
015231_80965AF80,0
015231_8097689D0,0
015231_80A672430,0
015231_80AA0AA00,0
015231_80AE2B590,0
015231_80B1D8060,0
015231_80B67C890,0
015231_80B684910,0
015231_80BA7C5C0,0
015231_80BC86640,0
015231_80D390EC0,0
015231_80D480CA0,0
015231_80D9B3FC0,0
015231_80E2E34A0,0
015231_80EBDFC10,0
015231_810D8F6B0,0
015231_810F48080,0
015231_81106D040,0
015231_81231A1A0,0
015231_812744170,0
0152802_813A43C10,0
0152802_8142162E0,0
0152802_8145E51F0,0
0152980_813A239B0,0
0152980_813ECE6E0,0
0152980_813FE9B60,0
0152980_8140702D0,1
0153403_81418F2E0,0
01547_800286410,0
01547_8002D7A80,0
01547_8002D9A30,0
01547_8002F3260,0
01547_8002F4E80,0
01547_8002F5400,0
01547_80030CCD0,0
01547_800315BB0,0
01547_8003541A0,0
01547_80035FC10,0
01547_800375070,0
01547_800378700,0
01547_8003790D0,0
01547_8003D1FC0,0
01547_800444120,0
01547_8004479C0,0
01547_800448D80,0
01547_8004780A0,0
01547_80048B140,0
01547_80048D380,0
01547_80048D9D0,0
01547_80048EA10,0
01547_8004E6D10,0
01547_8004ED4F0,0
01547_8004F99A0,0
01547_8004FDF60,0
01547_8005044F0,0
01547_800533AD0,0
01547_80054FC20,0
01547_80055A000,0
01547_80055ADB0,0
01547_800567090,0
01547_8005E5B90,0
01547_80062F610,0
01547_800630390,0
01547_800639BD0,0
01547_80063BB80,0
01547_80063D6D0,0
01547_800642A20,0
01547_8006BE800,0
01547_80070C1F0,0
01547_800746100,0
01547_80074CE00,0
01547_8007D1D80,0
01547_8007D5BA0,0
01547_8007DD3E0,0
01547_8007F4220,0
01547_80080EF30,0
01547_80090C290,0
01547_800910CC0,0
01547_800915220,0
01547_8009228B0,0
01547_8009295B0,0
01547_800974A90,0
01547_800989F70,0
01547_80098D050,0
01547_8009A11E0,0
01547_8009C4450,0
01547_8009C6170,0
01547_8009D7330,0
01547_8009DA010,0
01547_8009DBFE0,0
01547_8009E34E0,0
01547_8009E4040,0
01547_800A11D30,0
01547_800A18370,0
01547_800A20040,0
01547_800A7C350,0
01547_800B57CB0,0
01547_800B65E80,0
01547_800B6D700,0
01547_800B85080,0
01547_800C3ACE0,0
01547_800CED2C0,0
01547_800D50EB0,0
01547_800D51B00,0
01547_800D52060,0
01547_800D5C0A0,0
01547_800D832D0,0
01547_800D8A050,0
01547_800D8AE90,0
01547_800DEEF30,0
01547_800E01FE0,0
01547_800E03990,0
01547_800E47A80,0
01547_800E7B590,0
01547_800F86970,0
01547_800F96430,0
01547_800FCA7B0,0
01547_800FF0E80,0
01547_801019EB0,0
01547_801035AD0,0
01547_8010F5D50,0
01547_801100FF0,0
01547_8011F7BC0,0
01547_80120B810,0
01547_801350330,0
01547_80147D7A0,0
01547_8014B34A0,0
01547_80150DC70,0
01547_8015946F0,0
01547_8016C7D80,0
01547_80174B910,0
01547_801819490,0
01547_8018414D0,0
01547_8018FD630,0
01547_801904960,0
01547_8019C42B0,0
01547_8019CFF00,0
01547_8019DDA30,0
01547_801AA9140,0
01547_801AE6E00,0
01547_801B32A70,0
01547_801BA2D70,0
01547_801D33D10,0
01547_801D3B8A0,0
01547_801D7FD20,0
01547_801DCE2B0,0
01547_801DD5D10,0
01547_801DD5D11,0
01547_801DE2490,0
01547_801DFF1A0,0
01547_801E059E0,0
01547_801E4AA30,0
01547_801E4B360,0
01547_801EAEE90,0
01547_801EB1E30,0
01547_801EB4830,0
01547_801ED1890,0
01547_801EFD190,0
01547_801EFFCD0,0
01547_801FFFF60,0
01547_8020543A0,0
01547_80207C520,0
01547_8020963B0,0
01547_8020CE380,0
01547_802177A40,0
01547_8021A6FD0,0
01547_8021F82C0,0
01547_802316090,0
01547_8023870B0,0
01547_8023F4960,0
01547_8024E12F0,0
01547_8026E5930,0
01547_80279A390,0
01547_802802E90,0
01547_8028D0E60,0
01547_802949240,0
01547_802992860,0
01547_802A94990,0
01547_802B49420,0
01547_802CEDB50,0
01547_802D4E570,0
01547_802D5E9C0,0
01547_802D79080,0
01547_802E94A90,0
01547_802F08EB0,0
01547_803262AB0,0
01547_8033C3410,0
01547_803BCE770,0
01547_803CE1600,0
01547_803CEB440,0
01547_803CEF260,0
01547_8048B30A0,0
01547_804DE6020,0
01547_80555E230,0
01547_8067A95D0,0
01547_8068070F0,0
01547_806951550,0
01547_806961350,0
01547_80698F460,0
01547_806996D10,0
01547_8077FCB70,0
01547_807A043A0,0
01547_807AA2150,0
01547_807BF6200,0
01547_808AD90E0,0
01547_80965A950,0
01547_809B51170,0
01547_809F865D0,0
01547_809FB8CF0,0
01547_80A483320,0
01547_80AB9AA00,0
01547_80B34F680,0
01547_80BA70C50,0
01547_80BCCFEA0,0
01547_80D13CC40,0
01547_80D280F70,0
01547_80D91E770,0
01547_80DE0B190,0
01547_80E582560,0
01547_80E653D90,0
01547_80E6968D0,0
01547_8102F53C0,0
01547_8104EDA40,0
01547_811085A80,0
01547_811639660,1
01547_812B04460,0
015643_8021A7200,0
015643_8022FAA20,0
015643_80234A180,0
015643_80240F960,0
015643_802416FF0,0
015643_802507710,0
015643_802577A40,0
015643_802596D30,0
015643_80261ED60,0
015643_802628950,0
015643_8026631D0,0
015643_802673240,0
015643_8026BA960,0
015643_8026D9430,0
015643_8027CA400,0
015643_8028EAF40,0
015643_802906710,0
015643_802A19A40,0
015643_802A3AC10,0
015643_802A55230,0
015643_802A6E670,0
015643_802BF4C20,0
015643_802D56CE0,0
015643_802D77EC0,0
015643_802E30F20,0
015643_8048CC9D0,0
015643_805269960,0
015643_8056DADA0,0
015643_805EDA480,0
015643_805EFBE20,0
015643_80625E530,0
015643_806B212B0,0
015643_806C1F900,0
015643_80778D8E0,0
015643_8079314B0,0
015643_8079ADC50,0
015643_807BEC0C0,0
015643_8085BB230,0
015643_8093A7230,0
015643_80946E7C0,0
015643_80A0BD2E0,0
015643_80B3DB780,0
015643_80B52DF70,0
015643_80B5AC480,0
015643_80B6B4600,0
015643_80B987790,0
015643_80B9BF370,0
015643_80BA77390,0
015643_80C7C1EA0,0
015643_80C8B0240,0
015643_80D242B70,0
015643_80D627110,0
015643_80D768CB0,0
015643_80F260790,0
015643_80F4FA940,0
015643_80F511690,0
015643_80F7EEA70,0
015643_80F82DAB0,0
015643_80FBA3390,0
015643_8102F4460,0
015643_81100F290,0
015643_811065260,0
015643_8110A7AA0,0
015643_811655900,0
015643_8116A06A0,0
015643_8124DBE30,0
015643_8127886C0,0
015723_802201130,0
015723_80223A630,0
015723_80226F6C0,0
015723_8022C2DE0,0
015723_8022EA720,0
015723_80241DCA0,0
015723_802445CA0,0
015723_8024954C0,0
015723_8025CE740,0
015723_802652730,0
015723_802873A40,0
015723_8028F16E0,0
015723_80291BB00,0
015723_802AE3B40,0
015723_802BC51F0,0
015723_802E15430,0
015723_802E841B0,0
015723_80318CB50,0
015723_80329B2B0,0
015723_8032F6380,0
015723_80339CAB0,0
015723_80341F610,0
015723_803532D60,0
015723_80363DEB0,0
015723_803727110,0
015723_80389CB20,0
015723_803A084C0,0
015723_803C709E0,0
015723_803CD4FD0,0
015723_803CF3980,0
015723_803E1A880,0
015723_803E2EA80,0
015723_8040F4B00,0
015723_8044CD040,0
015723_8045D7F10,0
015723_804BA2330,0
015723_804CE6CA0,0
015723_804E661C0,0
015723_805106160,0
015723_8051A3B40,0
015723_8051B9F40,0
015723_8052DAE10,0
015723_805A3EF50,0
015723_805CD3E30,0
015723_805FA2BB0,0
015723_806006760,0
015723_8065002B0,0
015723_806647370,0
015723_80672EF80,0
015723_806747390,0
015723_806C52330,0
015723_807250550,0
015723_80738E830,0
015723_807740F30,0
015723_8079F4E50,0
015723_807A0E500,0
015723_807A176D0,0
015723_807CF2130,0
015723_807F1D650,0
015723_807F60270,0
015723_807F8D980,0
015723_8080160E0,0
015723_8081B7390,0
015723_8084FBA00,0
015723_808C3FCD0,0
015723_808FB8AE0,0
015723_8091FDAB0,0
015723_80946AC10,0
015723_80A032FA0,0
015723_80A264450,0
015723_80A7541C0,0
015723_80AB6BB00,0
015723_80AB6F670,0
015723_80B803FF0,0
015723_80B8AE2E0,0
015723_80BB3BA70,0
015723_80C345280,0
015723_80C967AE0,0
015723_80D4FBB70,0
015723_80D64D000,0
015723_80D7DA3C0,0
015723_80E3DC250,0
015723_80FB8F8B0,0
015723_8100ACE80,0
015723_810226150,0
015723_8113DBE90,0
015723_8117B2FC0,0
015723_811BD9EF0,0
015723_812673330,0
015723_81318C990,0
015723_813201790,0
015730_8022212A0,0
015730_80249BBC0,0
015730_802573B10,0
015730_8025FE340,0
015730_8027A9EA0,0
015730_8027BCC90,0
015730_802934D60,0
015730_80296E4D0,0
015730_802C26190,0
015730_802C5B080,0
015730_802EED360,0
015730_80304F1B0,0
015730_8031982A0,0
015730_803237720,0
015730_803253AA0,0
015730_80325C840,0
015730_8034130E0,0
015730_80348F3E0,0
015730_8034A8C30,0
015730_80357F8D0,0
015730_803ADB8A0,0
015730_803B96B30,0
015730_803CB9E40,0
015730_8047D4170,0
015730_8047F23B0,0
015730_80511BD20,0
015730_805166650,0
015730_8051E6B90,0
015730_8053EC4E0,0
015730_8054B42D0,0
015730_805712E70,0
015730_805AA5190,0
015730_805B73DE0,0
015730_805DA4C70,0
015730_805F93100,0
015730_8063E0F00,0
015730_806502350,0
015730_806760320,0
015730_806B624D0,0
015730_806D37B00,0
015730_807543F60,0
015730_8075EDED0,0
015730_807BA54B0,0
015730_807C969E0,0
015730_807E68CB0,0
015730_807F8DDD0,0
015730_808106860,0
015730_80857DC70,0
015730_808598A90,0
015730_80899DBE0,0
015730_808EB3EC0,0
015730_808F25000,0
015730_80904BC50,0
015730_809594300,0
015730_809C38720,0
015730_80A188C80,0
015730_80B389410,0
015730_80BC2A270,0
015730_80BF91510,0
015730_80BFD1430,0
015730_80CF06ED0,0
015730_80D1104E0,0
015730_80D3C58A0,0
015730_80D3C5E20,0
015730_80DB108C0,0
015730_80DF46810,0
015730_80F0267A0,0
015730_80F3D1F70,0
015730_80F828940,0
015730_80FF1E0A0,0
015730_81040C850,0
015730_810905800,0
015730_811466A60,0
015730_811B1FE80,0
015730_811B5E5C0,0
015730_811C69720,0
015730_811C7D880,0
015730_811F17F10,0
015730_8126E6410,0
015730_812F30330,0
015730_812FAC2B0,0
015730_813A4F140,0
015730_8140295D0,0
015730_814344770,0
015863_80251A020,0
015863_8025910A0,0
015863_8025910F0,0
015863_8025A5570,0
015863_8025BFC10,0
015863_8025E5970,0
015863_8027FA9C0,0
015863_8028DC040,0
015863_802A6B6A0,0
015863_802B49050,0
015863_802D7AD80,0
015863_802DDD8B0,0
015863_8033CB4B0,0
015863_8034024C0,0
015863_803BEF360,0
015863_803EAFEA0,0
015863_8045BC2B0,0
015863_805256DF0,0
015863_805266F30,0
015863_805A0FC20,0
015863_805AE1350,0
015863_8069CA650,0
015863_806C12F50,0
015863_806C43120,0
015863_8076445F0,0
015863_8078584F0,0
015863_8078846C0,0
015863_80796B870,0
015863_807A03580,0
015863_807B21510,0
015863_807B82E70,0
015863_808F330E0,0
015863_809CDC2F0,0
015863_80A2A82E0,0
015863_80AC1F4E0,0
015863_80AF0FFE0,0
015863_80B97DB70,0
015863_80BB8EE80,0
015863_80BBE30E0,0
015863_80BCBDD70,0
015863_80C8BC250,0
015863_80CAB1000,0
015863_80CFFE3C0,0
015863_80D4D76E0,0
015863_80E4221B0,0
015863_80FB9FA40,0
015863_80FBB3BA0,0
015863_8102FC7A0,0
015863_8104DBDD0,0
015863_810712490,0
015863_810FB46E0,0
015863_8110DFD20,0
01588_800325CC0,0
01588_80032D460,0
01588_80032DA20,0
01588_80032E6E0,0
01588_8003387C0,0
01588_80034DC00,0
01588_800389460,0
01588_80038BA70,0
01588_8003A5320,0
01588_8003A7310,0
01588_8003AC470,0
01588_8003AC471,0
01588_8003B64F0,0
01588_8003BEB90,0
01588_8003C0700,0
01588_8003DC060,0
01588_8003E2690,0
01588_8003F1120,0
01588_8004051F0,0
01588_800411380,0
01588_800417450,0
01588_800425D10,0
01588_80043B0A0,0
01588_80045F230,0
01588_80049EBA0,0
01588_8004C73A0,0
01588_800531000,0
01588_800544D40,0
01588_80056E9D0,0
01588_800574B50,0
01588_800579D00,0
01588_80058C170,0
01588_800595E30,0
01588_8005AF480,0
01588_8005B6150,0
01588_8005BDC50,0
01588_8005D0310,0
01588_8005D15C0,0
01588_8005DEEC0,0
01588_8005E29E0,0
01588_8005EA570,0
01588_800616090,0
01588_80064CC00,0
01588_800661560,0
01588_80066E310,0
01588_800687FA0,0
01588_80068DD90,0
01588_800696D50,0
01588_8006D6810,0
01588_8006DDC70,0
01588_8006E4DD0,0
01588_8006E9720,0
01588_8006ECDD0,0
01588_8006FC0B0,0
01588_8007383F0,0
01588_80073EA10,0
01588_80073EE20,0
01588_800782870,0
01588_80079FE70,0
01588_80080E550,0
01588_8008347F0,0
01588_80083A030,0
01588_800853620,0
01588_80085DC30,0
01588_8008A2540,0
01588_8008BFC20,0
01588_8008DA100,0
01588_8008E6680,0
01588_8008F5240,0
01588_800903600,0
01588_80091B250,0
01588_800953F80,0
01588_8009C0C30,0
01588_800A755A0,0
01588_800AC5290,1
01588_800B06A80,0
01588_800B40B60,0
01588_800BA4A50,0
01588_800BC1290,0
01588_800BE5BA0,0
01588_800C627E0,0
01588_800CDE1A0,0
01588_800D3AEB0,0
01588_800D41740,0
01588_800F054F0,0
01588_800F4A8E0,0
01588_800F4B6A0,0
01588_801095090,0
01588_801136960,0
01588_80115D5E0,0
01588_8011750B0,0
01588_8011A3410,0
01588_8011C2440,0
01588_801244990,0
01588_801250B70,0
01588_8012B2D30,0
01588_801382330,0
01588_80149A000,0
01588_8016045A0,0
01588_80160EEB0,0
01588_801651D10,0
01588_80165ECC0,0
01588_8016610F0,0
01588_8016F0E90,0
01588_801728C10,0
01588_801763DC0,0
01588_801770500,0
01588_80183A570,0
01588_80192B4F0,0
01588_80192BFB0,0
01588_801935E90,0
01588_80198ECD0,0
01588_801A872E0,0
01588_801AA53C0,0
01588_801C4E5B0,0
01588_801CE00E0,0
01588_801DA5C90,0
01588_801F5DCA0,0
01588_801F72240,0
01588_802089C10,0
01588_8022464D0,0
01588_802270550,0
01588_802275970,0
01588_8023E5920,0
01588_802875960,0
01588_80291DD00,0
01588_802922840,0
01588_802AAB5E0,0
01588_802AB4C20,0
01588_802CC61E0,0
01588_802E049E0,0
01588_802E8A200,0
01588_802FB1DA0,0
01588_802FBBD20,0
01588_802FE44D0,0
01588_803250D00,0
01588_80341A2B0,0
01588_80360FA10,0
01588_803641680,0
01588_803763960,0
01588_8039302E0,0
01588_803E29FE0,0
01588_804751C70,0
01588_80479D590,0
01588_8047EAE50,0
01588_80493C5E0,0
01588_804D1A000,0
01588_804DD0AB0,0
01588_805223E40,0
01588_80532AAB0,0
01588_8055CCFF0,0
01588_805A04980,0
01588_805EB2490,0
01588_8061DB590,0
01588_806271F80,0
01588_806837C70,0
01588_8069D3690,0
01588_806E76B90,0
01588_8070E6980,0
01588_807280F80,0
01588_8075877D0,0
01588_807A1E170,0
01588_8081EA4D0,0
01588_808233BE0,0
01588_8085A0BD0,0
01588_808705710,0
01588_808745AB0,0
01588_808D22320,0
01588_809BAAA60,0
01588_809F49CD0,1
01588_809F6A2C0,0
01588_80A571930,0
01588_80A598ED0,0
01588_80A714AD0,0
01588_80AE43560,0
01588_80B3F0A40,0
01588_80B4950E0,0
01588_80BCE2620,0
01588_80C10B8C0,0
01588_80CBDA5C0,0
01588_80CDCEEC0,0
01588_80CE6CD70,0
01588_80D928C70,0
01588_80E0580B0,0
01588_80E0C4350,0
01588_80EDA9CC0,0
01588_810226010,0
01588_81147A620,0
01588_81196F170,0
01588_811EEC3A0,0
01588_812184E30,0
01588_812493FA0,0
01588_8126B7580,0
01588_81395D6C0,0
01588_81415BC30,0
01588_8143C5750,0
015916_802467CB0,0
015916_8024A3C10,0
015916_8026B3490,0
015916_80285CE30,0
015916_80298E430,0
015916_802B34670,0
015916_802C2D820,0
015916_802CE3EE0,0
015916_802D2B480,0
015916_802D65010,0
015916_802E66C40,0
015916_802E66C90,0
015916_803177AF0,0
015916_803190C20,0
015916_80323BCD0,0
015916_803284870,0
015916_8032BA090,0
015916_803417D40,0
015916_80350D160,0
015916_8036340B0,0
015916_803A38890,0
015916_804135000,0
015916_804193AA0,0
015916_804272B10,0
015916_804521000,0
015916_8051DD240,0
015916_80544C020,0
015916_8054B9E50,0
015916_805A63EE0,0
015916_805A66560,0
015916_805FAA080,0
015916_806403470,0
015916_8069D3270,0
015916_806B741F0,0
015916_8072C0B10,0
015916_8079B37E0,0
015916_807AE34A0,0
015916_807C92BB0,0
015916_807D9B840,0
015916_807D9D730,0
015916_808360430,0
015916_808463BA0,0
015916_80861A8D0,0
015916_8086FB1B0,0
015916_8087B6440,0
015916_8089F4940,0
015916_80A3C47E0,0
015916_80A8D8670,0
015916_80ACC4990,0
015916_80B19CB10,0
015916_80BAC7D00,0
015916_80BCBF5C0,0
015916_80BE0F4E0,0
015916_80C01B030,0
015916_80C3E0B20,0
015916_80CB65970,0
015916_80D136FC0,0
015916_80D2F6D10,0
015916_80D7F4320,0
015916_80D8B4180,0
015916_80DF491F0,0
015916_80E1B1140,0
015916_80E3CB240,0
015916_80E3DDB10,0
015916_80E7A8500,0
015916_80E971D60,0
015916_80F2C5080,0
015916_80FDA23C0,0
015916_810B00410,0
015916_81118B2C0,0
015916_81202F7A0,0
015916_81217E1A0,0
015916_81331E250,0
015916_81395E9E0,0
015916_813DAC070,0
015916_8142568B0,0
015964_8023C46D0,0
015964_8023C74B0,0
015964_80240F1C0,0
015964_802415350,0
015964_80262A020,0
015964_80267D3B0,0
015964_8026E7B20,0
015964_8027316E0,0
015964_8027A08F0,0
015964_8027EDAA0,0
015964_802825B00,0
015964_80283A740,0
015964_80286A300,0
015964_8029D3C40,0
015964_802A97DA0,0
015964_802D845A0,0
015964_802D9B5B0,0
015964_802ECBDF0,0
015964_8030BF040,0
015964_803350FF0,0
015964_803497BC0,0
015964_80355E7C0,0
015964_803BBA450,0
015964_803C23E80,0
015964_803E8CEC0,0
015964_805259040,0
015964_805331AB0,0
015964_805558720,0
015964_805674980,0
015964_80613CBB0,0
015964_80663E160,0
015964_806885740,0
015964_806D2F230,0
015964_806DEB700,0
015964_80745ADF0,0
015964_80745BBD0,0
015964_8077BA920,0
015964_807CCBCE0,0
015964_808115B30,0
015964_808311A10,0
015964_808D11230,0
015964_809BC16A0,0
015964_80A0A63F0,0
015964_80A795D50,0
015964_80B980FF0,0
015964_80C7964C0,0
015964_80C847880,0
015964_80D246F30,0
015964_80E2EEBA0,0
015964_80E651140,0
015964_80ED72BA0,0
015964_80FBAAE20,0
015964_80FBAF8F0,0
015964_810951BD0,0
015964_8118AC700,0
015964_812201910,0
015964_8124A00F0,0
015980_8024529A0,0
015980_80247FC80,0
015980_802544410,0
015980_802559360,0
015980_8025A1CD0,0
015980_802760450,0
015980_80279BBA0,0
015980_80293CAF0,0
015980_802AD4390,0
015980_802B2A3B0,0
015980_802B843F0,0
015980_802C30FB0,0
015980_802CD7740,0
015980_803161FD0,0
015980_80318EA70,0
015980_803195230,0
015980_8031EC240,0
015980_80347D8C0,0
015980_803766340,0
015980_8037667A0,0
015980_803C1EB90,0
015980_8042943C0,0
015980_8045CACD0,0
015980_8048538A0,0
015980_804AF06D0,0
015980_804C2EC70,0
015980_804E25E20,0
015980_8050FD520,0
015980_80515A5E0,0
015980_805162B50,0
015980_8052A5030,0
015980_80554D210,0
015980_805567EC0,0
015980_80570BC00,0
015980_8057377F0,0
015980_805F98920,0
015980_805F98C90,0
015980_8063BAF80,0
015980_806581F60,0
015980_8066C9470,0
015980_806E729B0,0
015980_807288540,0
015980_807D782C0,0
015980_807DCE1D0,0
015980_807E31620,0
015980_80802EF00,0
015980_80881F0B0,0
015980_8088CB120,0
015980_808ED13C0,0
015980_80968BBC0,0
015980_809896F50,0
015980_809C37270,0
015980_80A749B00,0
015980_80AA67620,0
015980_80AAD6C40,0
015980_80ACBF010,0
015980_80AEC6BE0,0
015980_80B06CCF0,0
015980_80B32DA60,0
015980_80B39E7B0,1
015980_80B406920,0
015980_80BC05D90,0
015980_80C522640,0
015980_80C62C730,0
015980_80D2E6A70,0
015980_80D4FB050,0
015980_80E38A3F0,0
015980_80E52AE60,0
015980_80FF1B8D0,0
015980_80FF28080,0
015980_81044C750,0
015980_8117BB990,0
015980_811A08C90,0
015980_812A3C750,0
015980_812D47360,0
015980_812F0D2B0,0
015980_8131D01D0,0
015980_813A2E7C0,0
015980_813BB43D0,0
015980_813DC5BD0,0
015980_8147C7920,0
015_803037BE0,0
015_8039C6700,0
016011_8025015A0,0
016011_8025E3530,0
016011_802664F40,0
016011_802681150,0
016011_80271F3C0,0
016011_8027D8100,0
016011_80280A540,0
016011_802889BA0,0
016011_8029DD3A0,0
016011_802A63620,0
016011_802BADF60,0
016011_802CF6600,0
016011_8031A5AF0,0
016011_8031A82A0,0
016011_803274D10,0
016011_8040BA0C0,0
016011_804264E60,0
016011_8053325F0,0
016011_805569900,0
016011_80559C710,0
016011_8056D5210,0
016011_8057AB080,0
016011_8057AC3E0,0
016011_805800CB0,0
016011_805801700,0
016011_8059E8420,0
016011_806056030,0
016011_806518870,0
016011_806820D10,0
016011_806963E90,0
016011_8069A1A70,0
016011_80719DBD0,0
016011_807B0DEE0,0
016011_807B4E000,0
016011_807C15660,0
016011_808112230,0
016011_8081777C0,0
016011_808C94730,0
016011_808E9B430,0
016011_809808C90,0
016011_809FEF650,0
016011_80A88CC90,0
016011_80B56FD50,0
016011_80B636380,0
016011_80B7D9500,0
016011_80B84DFC0,0
016011_80B9992A0,0
016011_80BC0E230,0
016011_80C54A430,0
016011_80C88D6F0,0
016011_80C8B4D40,0
016011_80D1F13A0,0
016011_80DD55950,0
016011_80F9CD390,0
016011_8106C2010,0
016011_8118F5BD0,0
016011_811AEBB40,0
016011_811D2E8B0,0
01601_800328040,0
01601_80032AF80,0
01601_800335920,0
01601_800335F60,0
01601_800336AD0,0
01601_80033AD80,0
01601_800347980,0
01601_8003479D0,0
01601_80034BC10,0
01601_80038A310,0
01601_8003A1D30,0
01601_8003AAE90,0
01601_8003AB120,0
01601_8003BE9A0,0
01601_8003C6C40,0
01601_8003E8FC0,0
01601_8003E9590,0
01601_8003EB980,0
01601_8003EFE00,0
01601_800416BA0,0
01601_80041B710,0
01601_8004322B0,0
01601_80044A080,0
01601_800459330,0
01601_800461FF0,0
01601_80046EDB0,0
01601_800472E90,0
01601_800475C10,0
01601_80047DA80,0
01601_800486BD0,0
01601_8004B59C0,0
01601_8004BE850,0
01601_8005323E0,0
01601_800578800,1
01601_800594AD0,0
01601_8005C9020,0
01601_8005F7CD0,0
01601_8005FF320,0
01601_800631890,0
01601_800663B70,0
01601_8006BED00,0
01601_8006FAEB0,0
01601_8006FE260,0
01601_800752750,0
01601_800779630,0
01601_800793180,0
01601_800800030,0
01601_800800DB0,0
01601_800806F60,0
01601_8008182E0,0
01601_800828D60,0
01601_80082DBD0,0
01601_8008473D0,0
01601_80085A200,0
01601_80085B630,0
01601_80088CFA0,0
01601_800949F10,0
01601_8009EFBD0,0
01601_800A46440,0
01601_800A52E00,0
01601_800A61AB0,0
01601_800A64DE0,0
01601_800A7A960,0
01601_800A84E70,0
01601_800AC4930,1
01601_800AC9DD0,0
01601_800AD2A70,0
01601_800B27840,0
01601_800BA6C30,0
01601_800BA8190,0
01601_800BACAD0,0
01601_800BD1C50,0
01601_800BD1EE0,0
01601_800BEFEF0,0
01601_800C4B9D0,0
01601_800CAC570,0
01601_800CB3900,0
01601_800CBBD10,0
01601_800CC1DC0,0
01601_800CD10A0,0
01601_800CD2990,0
01601_800CF9640,0
01601_800CFD260,0
01601_800D0A720,0
01601_800FB7080,0
01601_801095F80,0
01601_8010A7080,0
01601_8010AC9A0,0
01601_8010B6160,0
01601_8010D01B0,0
01601_80111F170,0
01601_80123FB30,0
01601_801252110,0
01601_80136ADB0,0
01601_80137B6B0,0
01601_8014F8260,0
01601_801672670,0
01601_80173AF50,0
01601_8017DD7C0,0
01601_8017EEB80,0
01601_801886BD0,0
01601_80191A4E0,0
01601_801A05FE0,0
01601_801A191D0,0
01601_801ACA000,0
01601_801C3FDF0,0
01601_801E2CFF0,0
01601_801E9CF60,0
01601_80202AA60,0
01601_8022663B0,0
01601_80229F090,0
01601_8022DFF90,0
01601_8023A78B0,0
01601_802427390,0
01601_8024F7E00,0
01601_8027BA7C0,0
01601_802AB2CB0,0
01601_802AB5720,0
01601_802AF96A0,0
01601_802B12480,0
01601_802B24C50,0
01601_802B9A320,0
01601_802C61670,0
01601_802E46610,0
01601_8031663F0,0
01601_803168C30,0
01601_8032188D0,0
01601_80341A170,0
01601_80373FC80,0
01601_8037695E0,0
01601_803ADC160,0
01601_803C528F0,0
01601_803C7EBA0,0
01601_803C95FB0,0
01601_80400E150,0
01601_8040A3950,0
01601_8042010E0,0
01601_80440F9F0,0
01601_804461C10,0
01601_8045258A0,0
01601_8050FE920,0
01601_805123340,0
01601_805207CA0,0
01601_8054B1630,0
01601_8055950F0,0
01601_805B23BF0,0
01601_805FA3210,0
01601_806633800,0
01601_806757E50,0
01601_806787390,0
01601_806AD02E0,0
01601_8073483A0,0
01601_807A1F060,0
01601_807D87120,0
01601_807DC6AB0,0
01601_80834B370,0
01601_8087168B0,0
01601_808EB53E0,0
01601_809055CB0,0
01601_8093536D0,0
01601_8094665A0,0
01601_80979D450,0
01601_809C2ACB0,0
01601_80A40F8F0,0
01601_80A886E20,0
01601_80AECBE40,0
01601_80BDC3010,0
01601_80BFBD060,0
01601_80C0CF8E0,0
01601_80C669CE0,0
01601_80C7B7920,0
01601_80CACDA60,0
01601_80CD822B0,0
01601_80DA963C0,0
01601_80DCCDE00,0
01601_80DD75190,0
01601_80DFA63B0,0
01601_80E052080,0
01601_80EC4B580,0
01601_80EC527F0,0
01601_80EF27B90,0
01601_80F3DE7A0,0
01601_80FDA9CA0,0
01601_81007E8A0,0
01601_8101D42D0,0
01601_8105082F0,0
01601_81097F570,0
01601_810DC4150,0
01601_8111B0750,0
01601_812B7D8A0,0
01601_81364C9B0,0
016031_8024F82C0,0
016031_8026C4EA0,0
016031_8027FDB00,0
016031_8027FDB50,0
016031_8028923A0,0
016031_80290BE90,0
016031_802926280,0
016031_80293BCC0,0
016031_8029F7300,0
016031_802B3F1E0,0
016031_802C20C40,0
016031_802C5EDB0,0
016031_802FA1860,0
016031_8030CC880,0
016031_803178B70,0
016031_803216EC0,0
016031_8032D3D30,0
016031_80344F170,0
016031_8034899C0,0
016031_80348A990,0
016031_8034AAB80,0
016031_80352D150,0
016031_80376A870,0
016031_803A26CD0,0
016031_803D69020,0
016031_804018CC0,0
016031_80419D570,0
016031_80475EE30,0
016031_8055BA0A0,0
016031_8056EDA50,0
016031_805B909D0,0
016031_805BC0470,0
016031_805BDC520,0
016031_805E02A10,0
016031_80603F8A0,0
016031_80606B150,0
016031_806410C80,0
016031_806641C30,0
016031_806A3DA90,0
016031_806D32EC0,0
016031_806E9A940,0
016031_80724F360,0
016031_807D15C70,0
016031_807D34970,0
016031_8088B0C60,0
016031_8088BF1A0,0
016031_808EACA60,0
016031_80932DA20,0
016031_80A0CA3D0,0
016031_80A16D580,0
016031_80A35F290,0
016031_80AAC4DC0,0
016031_80AB1EF70,0
016031_80AC296D0,0
016031_80AE1F640,0
016031_80B26C190,0
016031_80B29C870,0
016031_80B5D0910,0
016031_80BB30C60,0
016031_80BD8B5C0,0
016031_80BFE5C20,0
016031_80C264930,0
016031_80C3663F0,0
016031_80C546320,0
016031_80C8BAC30,0
016031_80D01B5B0,0
016031_80D18ABA0,0
016031_80D336280,0
016031_80D986A30,0
016031_80E00C6A0,0
016031_80E65F880,0
016031_80E675280,0
016031_80E703E40,0
016031_8101F82C0,0
016031_810586CA0,0
016031_810E7DCA0,0
016031_81110A550,0
016031_811C963F0,0
016031_8121E3300,0
016031_812BBF960,0
016031_8139A49C0,0
016031_813E6C6F0,0
016109_8014366A0,0
016109_8025562D0,0
016109_8028736E0,0
016109_802919450,0
016109_8029779B0,0
016109_802CB9CC0,0
016109_802E26A40,0
016109_802E37F40,0
016109_802E84070,0
016109_802FACB70,0
016109_80305F8F0,0
016109_8030DEA50,0
016109_8030F6C90,0
016109_803432F50,0
016109_8034F8B40,0
016109_803771CF0,0
016109_803797A50,0
016109_8039FFF00,0
016109_803A2B8E0,0
016109_803AC01C0,0
016109_803AF6920,0
016109_803C50820,0
016109_803D0EFA0,0
016109_803E47E50,0
016109_804554E70,0
016109_804793480,0
016109_804F75A60,0
016109_8055BFA20,0
016109_8056EC300,0
016109_805A46260,0
016109_805BF6290,0
016109_806037BD0,0
016109_806186240,0
016109_8063F5D60,0
016109_80642ADF0,0
016109_806460E50,0
016109_806CDFF50,0
016109_807544870,0
016109_8075B65A0,0
016109_8076254D0,0
016109_80764B300,0
016109_807AE9AA0,0
016109_807F55CA0,0
016109_80805A830,0
016109_808252DC0,0
016109_8084EC370,0
016109_808AC80A0,0
016109_808F869C0,0
016109_809047950,0
016109_809396FA0,0
016109_80971CBB0,0
016109_8099EB150,0
016109_80A22ECD0,0
016109_80A8CD8F0,0
016109_80AB2ECD0,0
016109_80AB33C70,0
016109_80AD274F0,0
016109_80AE20F50,0
016109_80B2760B0,0
016109_80B58BA50,0
016109_80B69B0E0,0
016109_80BD3DF70,0
016109_80BE63F80,0
016109_80C20A060,0
016109_80C7F6710,0
016109_80D742E30,0
016109_80DA49420,0
016109_80DE97B30,0
016109_80DFB5A50,0
016109_80E2033E0,0
016109_80E6685C0,0
016109_80ED278E0,0
016109_80F63B870,0
016109_80F8D8360,0
016109_80FC06D60,0
016109_80FD8A920,0
016109_80FE2B160,0
016109_8100BA760,0
016109_81042BC10,0
016109_81121B820,0
016109_8119D8E60,0
016109_812241A80,0
016109_812801120,0
016109_813852C70,0
016109_8139DBB20,0
016109_813A9D660,0
016109_813F88580,0
016136_801442F30,0
016136_801CECCA0,0
016136_8024A9F20,0
016136_8024AE810,0
016136_802534E60,0
016136_80276DE80,0
016136_802800080,0
016136_80286B270,0
016136_80286F140,0
016136_802923A20,0
016136_802AA1F90,0
016136_802B75040,0
016136_80310A160,0
016136_803251C10,0
016136_803482C00,0
016136_8034A51D0,0
016136_8034DA610,0
016136_803834B90,0
016136_80396D740,0
016136_803A2BD00,0
016136_803ABC630,0
016136_803EBA020,0
016136_803F0FBE0,0
016136_8041D04F0,0
016136_804241B50,0
016136_8043F1850,0
016136_804834540,0
016136_804DD17D0,0
016136_804E99100,0
016136_805187040,0
016136_8052E1AC0,0
016136_805B1B630,0
016136_805DD77E0,0
016136_806260A40,0
016136_806319660,0
016136_8063D8D90,0
016136_8064F7AF0,0
016136_806CB6700,0
016136_806D35BE0,0
016136_806FE5010,0
016136_807196370,0
016136_8071FC0E0,0
016136_807A28410,0
016136_807CA5410,0
016136_807D46940,0
016136_807F6F920,0
016136_8080AF5D0,0
016136_808794410,0
016136_808E02490,0
016136_8091EFE80,0
016136_809B7F9B0,0
016136_809F9AF30,0
016136_80A2FB790,0
016136_80A68B890,0
016136_80B595630,0
016136_80B839F60,0
016136_80C62CD70,0
016136_80CB62A30,0
016136_80CDCE3A0,0
016136_80D2864C0,0
016136_80DF4CF30,0
016136_80DFF7B40,0
016136_80E0A0DF0,0
016136_80E0BC3C0,0
016136_80E5DCF10,0
016136_80EC74450,0
016136_80EC74451,0
016136_80F2F4A00,0
016136_8103186E0,0
016136_810EED2E0,0
016136_8110925E0,0
016136_81122BFD0,0
016136_8112A3590,0
016136_81141AEA0,0
016136_811A2D9B0,0
016136_8146176F0,0
016163_80250B550,0
016163_80264E440,0
016163_8026679D0,0
016163_802667A20,0
016163_8027B8A60,0
016163_802B37270,0
016163_802BBA540,0
016163_802C013F0,0
016163_802CA6BB0,0
016163_802CAF9A0,0
016163_802E735D0,0
016163_802E840C0,0
016163_802F78670,1
016163_802FEAA20,0
016163_803063570,0
016163_8031311F0,0
016163_80320EDF0,0
016163_803346390,0
016163_80340B660,0
016163_8037219C0,0
016163_80376AF90,0
016163_80376F850,0
016163_803E132B0,0
016163_803E3DE70,0
016163_803E434B0,0
016163_803FBFF40,0
016163_80411A860,0
016163_804175100,0
016163_804291AB0,0
016163_804299060,0
016163_8043B34B0,0
016163_8044109B0,0
016163_80458B540,0
016163_8045E4750,0
016163_80484CF00,0
016163_8048698F0,0
016163_8048716F0,0
016163_804D23AB0,0
016163_804EF1160,0
016163_805307080,0
016163_805319920,0
016163_8056E8970,0
016163_8056F3920,0
016163_8057F2F70,0
016163_805A67A70,0
016163_805EFEC80,0
016163_806034290,0
016163_806119DB0,0
016163_8067CB100,0
016163_80686D720,0
016163_806D99300,0
016163_8070D3AE0,0
016163_8071D44B0,0
016163_8072561C0,0
016163_807639680,0
016163_8082B3B30,0
016163_808CBF210,0
016163_808D60330,0
016163_8093D6BA0,0
016163_8097B6680,0
016163_80A5AC9A0,0
016163_80A821430,0
016163_80B3B1BB0,0
016163_80B574550,0
016163_80B588D30,0
016163_80BF71BC0,0
016163_80C2FC880,0
016163_80C378E50,0
016163_80C7ADFA0,0
016163_80CD7CF30,0
016163_80D03A920,0
016163_80D31EA50,0
016163_80D920E10,0
016163_80DAC4950,0
016163_80DB9A5A0,0
016163_80DBA8D70,0
016163_80E49A210,0
016163_80FEA0EE0,0
016163_811138770,0
016163_81283E650,0
016163_812A40C00,0
016163_812B90E50,0
016163_812C5C720,0
016224_802685AD0,0
016224_8027B8570,0
016224_8027C60F0,0
016224_802860E80,0
016224_8028628A0,0
016224_802962D20,0
016224_8029FCBB0,0
016224_802C257E0,0
016224_802C5C390,0
016224_802CD9070,0
016224_802EDBA30,0
016224_802F5F9B0,0
016224_803346580,0
016224_803427480,0
016224_8034D1BD0,0
016224_80378AD80,0
016224_8037A13A0,0
016224_803D3F120,0
016224_80401C7E0,0
016224_80404C2C0,0
016224_8041A30E0,0
016224_804831B80,0
016224_80484CDC0,0
016224_8048538F0,0
016224_804853CA0,0
016224_805218D60,0
016224_8053E9CC0,0
016224_805ADB2A0,0
016224_805BF15E0,0
016224_80606B650,0
016224_806C374B0,0
016224_806C73D40,0
016224_807104B80,0
016224_807326CF0,0
016224_8074BF010,0
016224_80756DAD0,0
016224_808D4F440,0
016224_808D6E8C0,0
016224_808DE2A20,0
016224_808ED3330,0
016224_809148BA0,0
016224_80921EE60,0
016224_809750270,0
016224_809924660,0
016224_809C34990,0
016224_809E8F160,0
016224_809EB93C0,0
016224_809EBDE50,0
016224_809FFBD70,0
016224_80B0A5020,0
016224_80B480350,0
016224_80B55E9E0,0
016224_80C56CDE0,0
016224_80C74A170,0
016224_80CA26B00,0
016224_80D123310,0
016224_80D964430,0
016224_80DE97850,0
016224_810266890,0
016224_8103826F0,0
016224_8104C6AE0,0
016224_810D7B8C0,0
016224_8111AE310,0
016224_811447CD0,0
016224_812A2AE10,0
016224_812DCCC30,0
016224_812EDFA20,0
016224_8133E4E50,0
016224_8139A5410,0
016224_813AFB840,0
016224_81471E1F0,0
016254_800E77B30,0
016254_802646350,0
016254_80269EDA0,0
016254_8026C40C0,0
016254_8027E37C0,0
016254_80280D0D0,0
016254_80294B260,0
016254_8029B5610,0
016254_802A27560,0
016254_802DCCB00,0
016254_802DE14D0,0
016254_802E53DE0,0
016254_802E55CA0,0
016254_8033FCF10,0
016254_803BB4730,0
016254_8042DAEA0,0
016254_804331930,0
016254_804528040,0
016254_8048DABA0,0
016254_8048DD860,0
016254_804E93250,0
016254_804EDDAF0,0
016254_80513FFC0,0
016254_8055B1270,0
016254_8057FC510,0
016254_805BDF5D0,0
016254_805E07EE0,0
016254_80626F670,0
016254_806381DE0,0
016254_806968640,0
016254_8069BC660,0
016254_806A12530,0
016254_807A85710,0
016254_807BDD940,0
016254_80AF513E0,0
016254_80B495D80,0
016254_80B91EBC0,0
016254_80B9F6D50,0
016254_80BA848E0,0
016254_80BAAEE10,0
016254_80C018640,0
016254_80C8458E0,0
016254_80D5373B0,0
016254_80D617270,0
016254_80E0AE620,0
016254_80F7A7D10,0
016254_80F7BE720,0
016254_81107FF80,0
016254_811DBB110,0
016254_812B17B80,0
016254_8144F91B0,0
016333_80287C8E0,0
016333_80290C380,0
016333_802A00AE0,0
016333_802BBC2F0,0
016333_802BBD0C0,0
016333_802CD6F10,0
016333_802DB4E80,0
016333_802E611B0,0
016333_802E662E0,0
016333_802EE8780,0
016333_802FADA70,0
016333_803166F40,0
016333_8031B1490,0
016333_803473E10,0
016333_8037B7A70,0
016333_803A2F630,0
016333_803A67240,0
016333_803A8C340,0
016333_803C95F60,0
016333_803CA54C0,0
016333_804276F70,0
016333_8045BBA20,0
016333_804785B80,0
016333_80497A590,0
016333_804991820,0
016333_804E37C30,0
016333_804F57C00,0
016333_8052A44D0,0
016333_805715310,0
016333_806DAD200,0
016333_807BA5050,0
016333_807D7BA80,0
016333_807DD0180,0
016333_807DD0F60,0
016333_8086C3910,0
016333_8086F0830,0
016333_8087F6C20,0
016333_808C4B3C0,0
016333_808E85B40,0
016333_809C48190,0
016333_80A355AF0,0
016333_80A596120,0
016333_80A6341F0,0
016333_80AE6E9F0,0
016333_80AE950D0,0
016333_80AEACDF0,0
016333_80B3A9940,0
016333_80C316890,0
016333_80CDCE1B0,0
016333_80D05C860,0
016333_80D806750,0
016333_80DA4DA70,0
016333_80E2D2090,0
016333_80E3E4570,0
016333_80E49EB40,0
016333_80E7C8250,0
016333_80ED5A0C0,0
016333_80EEAFE50,0
016333_80FCBAD60,0
016333_810440020,0
016333_810CB6E70,0
016333_811714810,0
016333_81176B040,0
016333_811A0B060,0
016333_812B739A0,0
016333_8132A9060,0
016333_813385070,0
016333_813660F60,0
016333_813A687B0,0
016333_813EFF610,0
016354_80205FB50,0
016354_8025EA030,0
016354_802680130,0
016354_8026BCC40,0
016354_8026CB8F0,0
016354_802782770,0
016354_8027DB460,0
016354_80281DC10,0
016354_80287D400,0
016354_8028CA730,0
016354_80294EA40,0
016354_80299A760,0
016354_8029DC630,0
016354_802A9B620,0
016354_802B4F370,0
016354_802C72120,0
016354_802C7C8C0,0
016354_802D99CD0,0
016354_802DD00F0,0
016354_802E343B0,0
016354_8033BF310,0
016354_803D15580,0
016354_803D87960,0
016354_80421F930,0
016354_8043995C0,0
016354_8049002F0,0
016354_804A67FE0,0
016354_804BF85D0,0
016354_8052C0C40,0
016354_80595D070,0
016354_805BACA90,0
016354_805BDD960,0
016354_805BDDD50,0
016354_805EB95B0,0
016354_806770F80,0
016354_8067F4CC0,0
016354_8069665C0,0
016354_806C09A50,0
016354_80735A640,0
016354_807B46E20,0
016354_807B793F0,0
016354_807F2D330,0
016354_807FD4580,0
016354_807FD7570,0
016354_8080A3CF0,0
016354_80943C110,0
016354_809547C60,0
016354_809741110,0
016354_80983BDC0,0
016354_80A274990,0
016354_80AA09A10,0
016354_80AB8D000,0
016354_80B640210,0
016354_80B677EE0,0
016354_80B852E70,0
016354_80BA24370,0
016354_80C3F2290,0
016354_80D094E40,0
016354_80DC9B1E0,0
016354_80DE2AE60,0
016354_80E367FF0,0
016354_80ED37050,0
016354_80F7F4700,0
016354_81144D290,0
016354_8120F2980,0
016354_8134BCE00,0
016354_813651C40,0
016388_8026F0EF0,0
016388_802732E60,0
016388_80273A140,0
016388_8027C8C10,0
016388_802814290,0
016388_8028B7320,0
016388_8029E2BB0,0
016388_802BF7700,0
016388_802D012B0,0
016388_802D46AA0,0
016388_802E6E330,0
016388_802EC1F20,0
016388_802F33040,0
016388_8032C7250,0
016388_80397D7C0,0
016388_803BB8970,0
016388_8044FB600,0
016388_80507CBA0,0
016388_805793FC0,0
016388_8057FE090,0
016388_805A03A20,0
016388_805EB55D0,0
016388_8060CB410,0
016388_8064F0560,0
016388_806796460,0
016388_80693F400,0
016388_806E7D830,0
016388_80708B5F0,0
016388_807631DE0,0
016388_8079BF740,0
016388_807BC68B0,0
016388_80811CA90,0
016388_8083000A0,0
016388_80874DD30,0
016388_8096551C0,0
016388_80ABD93B0,0
016388_80AC0D770,0
016388_80B37CBC0,0
016388_80B9CF5C0,0
016388_80BC0E480,0
016388_80C8BE470,0
016388_80D083610,0
016388_80D32F840,0
016388_80E1E1910,0
016388_80E4D4880,0
016388_810FDB4B0,0
016388_81167CDC0,0
016388_811B044B0,0
016388_811C11CC0,0
016388_811CFA010,0
016388_811F5BBF0,0
016388_812AF3220,0
016418_8026332C0,0
016418_80265D520,0
016418_8026F6CB0,0
016418_802784D20,0
016418_802822A70,0
016418_802AF1CF0,0
016418_802D75300,0
016418_802EB2000,0
016418_802EBE5E0,0
016418_802EF98B0,0
016418_802F17AD0,0
016418_803155790,0
016418_803279210,0
016418_803E95F60,0
016418_8041A68A0,0
016418_8043C9610,0
016418_804675900,0
016418_805139050,0
016418_8055ACC40,0
016418_805B38570,0
016418_80651D070,0
016418_8065F65F0,0
016418_8068BCEB0,0
016418_8068EA340,0
016418_806C16B10,0
016418_806CEB560,0
016418_806D41650,0
016418_807870560,0
016418_807A5B830,0
016418_808323C50,0
016418_809402D00,0
016418_809442E80,0
016418_809846FA0,0
016418_80A0AE2C0,0
016418_80A799660,0
016418_80B50FF80,0
016418_80B52E250,0
016418_80B5AF050,0
016418_80B5E68C0,0
016418_80C1FE5D0,0
016418_80DCDAEA0,0
016418_80DDC7E00,0
016418_80DE85570,0
016418_80E27A3A0,0
016418_80FD2FB90,0
016418_810CB2480,0
016418_810D90410,0
016418_810E08F80,0
016418_811044BA0,0
016418_8116761D0,0
016418_8128C33F0,0
016431_801FD7CB0,0
016431_8026D3AC0,0
016431_8026FDB00,0
016431_802705030,0
016431_80281FC60,0
016431_80288F170,0
016431_8028C55E0,0
016431_8028C5E40,0
016431_8028C9210,0
016431_80298F3B0,0
016431_802A11830,0
016431_802A7AB60,0
016431_802B51A10,0
016431_802C9E140,0
016431_802D22810,0
016431_802D4E160,0
016431_802D80B00,0
016431_802EC34C0,0
016431_8031508A0,0
016431_8031A6140,0
016431_803361EF0,0
016431_803ADC580,0
016431_803D1D910,0
016431_803F0CCE0,0
016431_804382D30,0
016431_8052778F0,0
016431_80528F1F0,0
016431_8067F4C70,0
016431_806963B50,0
016431_8077ACFA0,0
016431_8077D4DD0,0
016431_8078B6190,0
016431_80796A9F0,0
016431_807B11D10,0
016431_807B12360,0
016431_8082EC810,0
016431_808484070,0
016431_80882E680,0
016431_808A02E50,0
016431_808A58640,0
016431_80A788520,0
016431_80A7946C0,0
016431_80AA0B960,0
016431_80AB417F0,0
016431_80AB622F0,0
016431_80AF340B0,0
016431_80B923430,0
016431_80BD08C50,0
016431_80C0CC250,0
016431_80C296DF0,0
016431_80C299320,0
016431_80C89E980,0
016431_80C8E6F20,0
016431_80DCF2910,0
016431_80DE6F540,0
016431_80E4243C0,0
016431_8104FB840,0
016431_810FD15A0,0
016431_811646CE0,0
016431_811A9F180,0
016431_8124CEB80,0
016431_8142069E0,0
016450_80268DEF0,0
016450_802691900,0
016450_802789A90,0
016450_802828590,0
016450_802955B80,0
016450_802A64D80,0
016450_802B0A950,0
016450_802D037E0,0
016450_802D1AB10,0
016450_802D87470,0
016450_802DF6B90,0
016450_802E97280,0
016450_802F57C40,0
016450_8030BD3B0,0
016450_803222B30,0
016450_8033A5E50,0
016450_803415030,0
016450_803515DE0,0
016450_803AD1C30,0
016450_803B315A0,0
016450_803CD93E0,0
016450_8041FCF20,0
016450_804904D70,0
016450_80497B730,0
016450_805079D60,0
016450_80510B2E0,0
016450_805140600,0
016450_805283F80,0
016450_805316120,0
016450_805594880,0
016450_805821D70,0
016450_80595B190,0
016450_806379830,0
016450_80657B1B0,0
016450_8067B46A0,0
016450_8067E2FB0,0
016450_8068C20B0,0
016450_806975F50,0
016450_8069A62C0,0
016450_8069AD7B0,0
016450_806C20720,0
016450_80732EE50,0
016450_80761A7E0,0
016450_8077A6DF0,0
016450_807958EE0,0
016450_807A862E0,0
016450_8080045E0,0
016450_80817E020,0
016450_80821E100,0
016450_8082386C0,0
016450_8089F9280,0
016450_808F39E40,0
016450_8093DBE60,0
016450_8093DD700,0
016450_8094C7580,0
016450_80A092050,0
016450_80B357510,0
016450_80B9E3FA0,0
016450_80C22BA90,0
016450_80C8F3530,0
016450_80D23E540,0
016450_80D249330,0
016450_80D3C0960,0
016450_80DAAE430,0
016450_80E3A3780,0
016450_80EBC4950,0
016450_80F0EB0D0,0
016450_80F971080,0
016450_80FB8C260,0
016450_810300E90,0
016450_811043F20,0
016450_811D14BE0,0
016450_811F838F0,0
016450_8128A9F00,0
016450_8132283A0,0
016586_8028F1470,0
016586_802ABCAB0,0
016586_802B64A80,0
016586_802CA86A0,0
016586_802E7EF60,0
016586_802EE8DC0,0
016586_802FAEFF0,0
016586_802FD6C80,0
016586_803069DC0,0
016586_80313FD70,0
016586_80315DF10,0
016586_803414200,0
016586_803661FE0,0
016586_8037BDD00,0
016586_80382F830,0
016586_803AD9620,0
016586_803B6BD50,0
016586_803B97FC0,0
016586_803F26A30,0
016586_804027200,0
016586_8040307D0,0
016586_8041932C0,0
016586_804DE6220,0
016586_8057105D0,0
016586_80571C780,0
016586_805CDC3F0,0
016586_805DF0F30,0
016586_806273070,0
016586_8063D5E10,0
016586_806663B20,0
016586_8066BC230,0
016586_8066DF610,0
016586_80675EC20,0
016586_806783040,0
016586_8069F4340,0
016586_806AE4C90,0
016586_806E8D3A0,0
016586_807274EF0,0
016586_807585CB0,0
016586_808CF6370,0
016586_808FB5FB0,0
016586_809B9AD40,0
016586_80A18ABD0,0
016586_80A52BDD0,0
016586_80A585080,0
016586_80AC13460,0
016586_80ACA65C0,0
016586_80AE086D0,0
016586_80B34A0A0,0
016586_80B4771F0,0
016586_80BC13DE0,0
016586_80BD22DC0,0
016586_80BFE2DA0,0
016586_80C76B0B0,0
016586_80C79D620,0
016586_80D2A9DC0,0
016586_80D7A8DA0,0
016586_80D7E15F0,0
016586_80DF13690,0
016586_80E3AD790,0
016586_80F447FF0,0
016586_80F700BF0,0
016586_80FDAA410,0
016586_80FDFE880,0
016586_81016C790,0
016586_81050BDB0,0
016586_810593CB0,0
016586_810EE12E0,0
016586_812EB52A0,0
016586_812FB4530,0
016586_81336A190,0
016586_813FE4BA0,0
016643_8027A50E0,0
016643_8027E71D0,0
016643_80287DE80,0
016643_8029D4D70,0
016643_802A4F160,0
016643_802A89620,0
016643_802A9BBB0,0
016643_802BAD910,0
016643_802C0F740,0
016643_802CC3570,0
016643_802D23890,0
016643_802DDD9F0,0
016643_802E0BD70,0
016643_802ECCFF0,0
016643_802F63AF0,0
016643_8034B4E60,0
016643_803BC3B10,0
016643_803BC4840,0
016643_803D04BE0,0
016643_8041B54D0,0
016643_8042BE980,0
016643_80438CD80,0
016643_80507F570,0
016643_80529EA30,0
016643_805791A90,0
016643_805807C10,0
016643_805AC6940,0
016643_805F00080,0
016643_80679D370,0
016643_806A92C90,0
016643_8078CBD90,0
016643_80796BAB0,0
016643_807A5C8F0,0
016643_8080091E0,0
016643_808F3C130,0
016643_80A075F00,0
016643_80A9023B0,0
016643_80B91A4C0,0
016643_80BB763A0,0
016643_80BFB8950,0
016643_80C059CA0,0
016643_80C2379D0,0
016643_80DFD3BD0,0
016643_80E422A60,0
016643_80E7907C0,0
016643_80F2A8870,0
016643_80F35AE40,0
016643_80F7A8140,0
016643_8103ABA70,0
016643_810DCB980,0
016643_810E16820,0
016643_811609F00,0
016643_81161E3D0,0
016643_811901DC0,0
016643_81197BB40,0
016643_811B087B0,0
016643_812619420,1
01665_8003A4EA0,0
01665_8003B23D0,0
01665_8003C71D0,0
01665_8003C8000,0
01665_8003CC1B0,0
01665_8003DAEE0,0
01665_8003DC580,0
01665_8003DCC90,0
01665_8003E2340,0
01665_8003E68E0,0
01665_8003F0180,0
01665_8003F8640,0
01665_800413D70,0
01665_80041D420,0
01665_8004252D0,0
01665_800433830,0
01665_800443A90,0
01665_800451140,0
01665_800456A50,0
01665_800471FA0,0
01665_8004727B0,0
01665_80047A380,0
01665_8004A6500,0
01665_8004B1470,0
01665_800548A00,0
01665_80054B110,0
01665_80054CAB0,1
01665_80058A750,0
01665_8005C7860,0
01665_8005E1AF0,0
01665_8005E7B90,0
01665_8005F7780,0
01665_8005FB6B0,0
01665_8006221B0,0
01665_800650D00,0
01665_8006565B0,0
01665_80065C8C0,0
01665_8006668F0,0
01665_80066ABD0,0
01665_8006894C0,0
01665_800690060,0
01665_800696F40,0
01665_8006A4A30,0
01665_8006D5B20,0
01665_8006D7B50,0
01665_800706B70,0
01665_80070E120,0
01665_80071D610,0
01665_800734770,0
01665_80075F960,0
01665_800761870,0
01665_800791240,0
01665_800791241,0
01665_800808C70,0
01665_800827FD0,0
01665_8008AB810,0
01665_8008DF730,0
01665_8008E4240,0
01665_800A6BED0,0
01665_800B0B120,0
01665_800B11980,0
01665_800B1FB30,0
01665_800B42310,0
01665_800B7CE10,0
01665_800B7D7A0,0
01665_800BC8B50,0
01665_800BC9040,0
01665_800BDC940,0
01665_800C09560,0
01665_800C0BEA0,0
01665_800C0F890,0
01665_800C3BC40,0
01665_800C9A4C0,0
01665_800C9C6E0,0
01665_800CE7D50,0
01665_800CF3440,0
01665_800D2F5C0,0
01665_800D3F120,0
01665_800D68200,0
01665_800D6A320,0
01665_800DB9FF0,0
01665_800DC6B20,0
01665_800EC20C0,0
01665_800EE68F0,0
01665_800EFF3F0,0
01665_800F92540,0
01665_800FAFE50,0
01665_801175370,0
01665_8011942A0,0
01665_8011ACC60,0
01665_8011EEE40,0
01665_801245AD0,0
01665_8012C6E40,0
01665_801318500,0
01665_801343030,0
01665_801413D10,0
01665_801416980,0
01665_80152E780,0
01665_801562DF0,0
01665_801562DF1,0
01665_8015B5F00,0
01665_80164F8A0,0
01665_8016CADB0,0
01665_8016DF8B0,0
01665_8016F9050,0
01665_8016FEE50,0
01665_8017B8CA0,0
01665_8017C8E10,0
01665_8019418C0,0
01665_801A05D90,0
01665_801A42B80,0
01665_801A790A0,0
01665_801AD4A70,0
01665_801ADAB50,0
01665_801D056F0,0
01665_801D3FE90,0
01665_802203B40,0
01665_80225C010,0
01665_802469780,0
01665_802509060,0
01665_80259E2F0,0
01665_8027CBF10,0
01665_8028544A0,0
01665_802935F80,0
01665_80293A2E0,0
01665_802C62740,0
01665_802D53FE0,0
01665_802E7E130,0
01665_80305FF30,0
01665_80323D710,0
01665_803241000,0
01665_8032E5230,0
01665_80347D0D0,0
01665_803493A90,0
01665_8034F4BD0,0
01665_8038316F0,0
01665_803930C20,0
01665_803AE3350,0
01665_803D6BB60,0
01665_80400C080,0
01665_8041A0AC0,0
01665_8041EDF10,0
01665_8042269F0,0
01665_8042B6180,0
01665_804797780,0
01665_804872460,0
01665_804D11490,0
01665_804E1F050,0
01665_804EEFAD0,0
01665_805189BC0,0
01665_80539D8E0,0
01665_8055AA8C0,0
01665_8056FC520,0
01665_805881630,0
01665_805E196B0,0
01665_805F98090,0
01665_805FF8330,0
01665_806052950,0
01665_8063D70F0,0
01665_8065C12C0,0
01665_806687E50,0
01665_8066D91E0,0
01665_806A59CA0,0
01665_8075E9370,0
01665_8076D4C10,0
01665_8079F5D00,0
01665_807A18E40,0
01665_807CB36B0,0
01665_807CC2CE0,0
01665_807DC30A0,0
01665_8086728C0,0
01665_808F0FBB0,0
01665_8094644C0,0
01665_809C6A370,0
01665_80A2EE830,0
01665_80A570E50,0
01665_80AC10420,0
01665_80AE17340,0
01665_80B4D3E00,0
01665_80BF99D50,0
01665_80C0F4EC0,0
01665_80D1FC810,0
01665_80D4663E0,0
01665_80D4A6770,0
01665_80D4CA110,0
01665_80D727970,0
01665_80D9767E0,0
01665_80EC2D410,0
01665_81041FDC0,0
01665_81050C000,0
01665_810779F30,0
01665_8111F96E0,0
01665_812A538A0,0
01665_8132E8970,0
01665_81350EC30,0
01665_81392DA00,0
01665_813A577C0,0
01665_813FFAED0,0
01665_81479F3F0,0
01674_8003BB960,0
01674_8003C68B0,0
01674_8003CE940,0
01674_8003D8C40,0
01674_8003D9AA0,0
01674_8003DA460,0
01674_8003DF6C0,0
01674_8003E2AB0,0
01674_8003E5BD0,0
01674_8003EA270,0
01674_800406D80,0
01674_80040D6C0,0
01674_8004178E0,0
01674_800417BE0,0
01674_80041D720,0
01674_800424A10,0
01674_80042F4A0,0
01674_800432D30,0
01674_80044E930,0
01674_80045A8D0,0
01674_8004611E0,0
01674_800463A60,0
01674_800474210,0
01674_80048A490,0
01674_8004B35B0,0
01674_8004C9120,0
01674_80056C190,0
01674_800570160,0
01674_800577DB0,0
01674_80057BB70,0
01674_80058E070,0
01674_800596110,0
01674_8005A2790,0
01674_8005A6C60,0
01674_8005ADE70,0
01674_8005AE2D0,0
01674_8005B7E20,0
01674_8005BBC40,0
01674_8005CD500,0
01674_8005D3FC0,0
01674_8005EE300,0
01674_800618D90,0
01674_8006292E0,0
01674_800629C40,0
01674_800687AC0,0
01674_8006A6CF0,1
01674_800707F60,0
01674_800727000,0
01674_800728A20,0
01674_80072E610,1
01674_80072F450,0
01674_80073C5D0,0
01674_800751F90,0
01674_8007951F0,0
01674_8008150E0,0
01674_8008175A0,0
01674_800818A00,0
01674_8008568B0,0
01674_80088CFF0,0
01674_800895EA0,0
01674_80089B490,0
01674_8008CEC00,0
01674_8008DC100,0
01674_8008E7210,0
01674_8009053A0,0
01674_80093A580,0
01674_800958560,0
01674_8009F5C00,0
01674_800A37B30,0
01674_800AC8E30,0
01674_800AC9660,0
01674_800ADE970,0
01674_800B0ECF0,0
01674_800B11510,0
01674_800B19540,0
01674_800B1B1B0,0
01674_800B1B1B1,0
01674_800BC2F50,0
01674_800BFF190,0
01674_800C42450,0
01674_800C625A0,0
01674_800CB03D0,0
01674_800CC4330,0
01674_800D0D0D0,0
01674_800D66310,0
01674_800DFD6E0,0
01674_800EFEC70,0
01674_800F1FEF0,0
01674_800F4C620,0
01674_800F4F6E0,0
01674_800F707B0,0
01674_800FC8EA0,0
01674_800FFF0B0,0
01674_801009860,0
01674_8010DBBC0,0
01674_8010F0110,0
01674_80113AEB0,0
01674_80114EE50,0
01674_80118A240,0
01674_80119B2B0,0
01674_80122A2D0,0
01674_8012DE550,0
01674_801365550,0
01674_8015B9650,0
01674_8015E9A70,0
01674_801645180,0
01674_8016E4B70,0
01674_80178CF50,0
01674_8017C0B90,0
01674_8017FB3B0,0
01674_801854830,0
01674_8019B5390,0
01674_801BE4A70,0
01674_801D0CAC0,0
01674_801D46260,0
01674_801E8BA00,0
01674_8021DCB10,0
01674_802253D80,0
01674_80238B860,0
01674_802421140,0
01674_8024465D0,0
01674_8024475D0,0
01674_80248D7F0,0
01674_802580770,0
01674_8025B7570,0
01674_80264EB70,0
01674_8028EF590,0
01674_80293ABA0,0
01674_802ACF720,0
01674_802BFE410,0
01674_802C5E5E0,0
01674_802F383C0,0
01674_8031BEA80,0
01674_8034C7EF0,0
01674_8034D56B0,0
01674_8034D8070,0
01674_803532F50,0
01674_80353BC00,0
01674_8036346E0,0
01674_803743750,0
01674_803AC17C0,0
01674_803C151B0,0
01674_804215AD0,0
01674_8042DF7E0,0
01674_8043C5EC0,0
01674_8045B2610,0
01674_8045D66F0,0
01674_80484FF90,0
01674_804E9BDD0,0
01674_80512B6A0,0
01674_805395770,0
01674_8055AF3D0,0
01674_8057DE600,0
01674_805BD0B10,0
01674_805DDB590,0
01674_8062650E0,0
01674_806639030,0
01674_806A36930,0
01674_806D19860,0
01674_806E73900,0
01674_806E90010,0
01674_8071F90C0,0
01674_80743FF30,0
01674_8074DF6B0,0
01674_807576640,0
01674_807D85540,0
01674_807DA7430,0
01674_807F60E60,0
01674_8085462C0,0
01674_808759FD0,0
01674_8088AB480,0
01674_8093CF8A0,0
01674_8094788C0,0
01674_80A0733A0,0
01674_80A3C7CA0,0
01674_80AA18310,0
01674_80AD4A500,0
01674_80B42E6C0,0
01674_80B6B8E90,0
01674_80BD9D740,0
01674_80BDAA0D0,0
01674_80BED2AA0,0
01674_80C13F650,0
01674_80C375800,0
01674_80C3889C0,0
01674_80C4BA0C0,0
01674_80D26D290,0
01674_80DF8C520,0
01674_80E89D5C0,0
01674_80F46AB20,0
01674_81038C180,0
01674_810DC50D0,0
01674_81196A6C0,0
01674_81244FCE0,0
01674_8126F42C0,0
01674_81292A490,0
01674_812A47AA0,0
01674_812FB0E40,0
01674_81367F960,0
01674_81376A340,0
01674_8139BA190,0
01674_813A9C400,0
016788_80290FF70,0
016788_8029394B0,0
016788_802A70DB0,0
016788_802AC2B00,0
016788_802BA4C80,0
016788_802C1E540,0
016788_802E233C0,0
016788_8031EF080,0
016788_8034CF270,0
016788_80355AB00,0
016788_8035CC660,0
016788_8036355A0,0
016788_8037C6670,0
016788_8038DE860,0
016788_803C6E690,0
016788_80401F620,0
016788_8041F5380,0
016788_80426BBB0,0
016788_8042723E0,0
016788_804DBED90,0
016788_804E61630,0
016788_8051E63C0,0
016788_8051EEFB0,0
016788_8052E5060,0
016788_8053046F0,0
016788_8055B5B10,0
016788_805715620,0
016788_805989E30,0
016788_805ADCAC0,0
016788_805AEE2D0,0
016788_805C156F0,0
016788_806038160,0
016788_8064665D0,0
016788_8065F3C70,0
016788_8068597C0,0
016788_80685BFE0,0
016788_806A1A5E0,0
016788_806FE9650,0
016788_8071C31E0,0
016788_807362E60,0
016788_8073C1870,0
016788_807D86500,0
016788_807EC0D90,0
016788_808161F60,0
016788_8084CFB20,0
016788_808A4E440,0
016788_809172890,0
016788_80934EC60,0
016788_809BC4350,0
016788_80A0D1E40,0
016788_80A3A3300,0
016788_80A4CD210,0
016788_80A4D9400,0
016788_80A52FAC0,0
016788_80B5CF660,0
016788_80B6F0AB0,0
016788_80BDD87D0,0
016788_80CC4E810,0
016788_80D0F5EA0,0
016788_80D2B3E00,0
016788_80DA515B0,0
016788_80DD151D0,0
016788_80E0B7B30,0
016788_80E4A7E10,0
016788_80F8D3C10,1
016788_80FBF7600,0
016788_80FEF3910,0
016788_810268550,0
016788_8107787D0,0
016788_810DF8930,0
016788_81110BF80,0
016788_8113D3B10,0
016788_811AB7610,0
016788_812B073E0,0
016788_812F764D0,0
016788_8130A3F20,0
016788_813463BC0,0
016788_813A4D320,0
016847_80205D610,0
016847_802903D40,0
016847_802991D10,0
016847_802A59BA0,0
016847_802B936D0,0
016847_802BCC090,0
016847_802BF6F40,0
016847_802EFA860,0
016847_802F024C0,0
016847_802F26F50,0
016847_8033867E0,0
016847_8033ADB70,0
016847_8033DFDA0,0
016847_803BB0680,0
016847_803BCB260,0
016847_803CE18C0,0
016847_803D5E9F0,0
016847_80425D090,0
016847_804387AE0,0
016847_804E19360,1
016847_804E2CC50,0
016847_804E83C30,0
016847_80526FF70,0
016847_80656D8C0,0
016847_806E70040,0
016847_807474D90,0
016847_807775480,0
016847_8078C7B40,0
016847_807929520,0
016847_807B68770,0
016847_808807560,0
016847_8088A3390,0
016847_80973C940,0
016847_80A76FA60,0
016847_80A8DC460,0
016847_80AFD6660,0
016847_80BB6F4A0,0
016847_80BBBE860,0
016847_80CC65A00,0
016847_80D391300,0
016847_80E12BAA0,0
016847_810F57BB0,0
016847_8110CEA40,0
016847_81275EC10,0
016847_813E8AA80,0
016871_802900070,0
016871_802964C00,0
016871_8029709A0,0
016871_802BC6860,0
016871_802BF39C0,0
016871_802C122F0,0
016871_802CF21F0,0
016871_802D8EAE0,0
016871_8030B3F30,0
016871_8033667A0,0
016871_8034C23B0,0
016871_803E7CEB0,0
016871_8042BDF70,0
016871_8043364E0,0
016871_804D48380,0
016871_80644A6D0,0
016871_8068E8B60,0
016871_806C25350,0
016871_806DE7B80,0
016871_807864860,0
016871_807BDEFD0,0
016871_8087F6570,0
016871_808F3A250,0
016871_80936E7E0,0
016871_8093A1DA0,0
016871_80A8D75E0,0
016871_80A926900,0
016871_80AF31970,0
016871_80B56BA60,0
016871_80B825C90,0
016871_80BF51120,0
016871_80D46FDC0,0
016871_80DE79C40,0
016871_80E76EE40,0
016871_80ED30ED0,0
016871_80FC1CE80,0
016871_8102C25D0,0
016871_810954080,0
016871_81102B290,0
016871_81144B9E0,0
016871_811D7CFF0,0
016871_812574FB0,0
016871_81415FFF0,0
01688_8003EC570,0
01688_8003F3C80,0
01688_8003F93C0,0
01688_800408960,0
01688_800411470,0
01688_800429870,0
01688_800434550,0
01688_8004565C0,0
01688_80045ED80,0
01688_800473C40,0
01688_800481C50,0
01688_8004AD370,0
01688_8004B6320,0
01688_8004B6430,0
01688_8004C82A0,0
01688_8004D6530,0
01688_80052BB00,0
01688_80052CC20,0
01688_800539850,0
01688_80054B290,0
01688_800573490,0
01688_8005FD430,0
01688_8005FE4E0,0
01688_800631650,0
01688_800646380,0
01688_800646381,0
01688_800648E90,0
01688_80065E800,0
01688_80067FFC0,0
01688_8006A8850,0
01688_8006C5000,0
01688_8006CA380,0
01688_8006DD360,0
01688_8006DD361,0
01688_8006E2C50,0
01688_8006E5960,0
01688_8006E5B50,0
01688_8006E7630,0
01688_8006E91F0,0
01688_8006FF520,0
01688_800704A30,1
01688_80071E210,0
01688_80076D770,0
01688_80076E5E0,0
01688_80076E630,0
01688_800801C70,0
01688_800815130,0
01688_800837600,0
01688_80085C770,0
01688_800871500,0
01688_800878710,0
01688_80088F430,0
01688_80088FBE0,0
01688_8008A0060,0
01688_8008CC510,0
01688_8008D0060,0
01688_8008D7850,0
01688_8008E7A20,0
01688_800904590,0
01688_80093DCB0,0
01688_8009580D0,0
01688_8009B6EC0,0
01688_800A3F4C0,0
01688_800A4D400,0
01688_800A506C0,0
01688_800A76240,0
01688_800A943A0,0
01688_800B96C50,0
01688_800BEF0E0,0
01688_800C631F0,0
01688_800CAD8B0,0
01688_800D2EBB0,0
01688_800D44530,0
01688_800DCE920,0
01688_800DF1710,0
01688_800E9C5D0,0
01688_800EA42A0,0
01688_800EB0830,0
01688_800EE3890,0
01688_800F92040,0
01688_800FB45D0,0
01688_801009EA0,0
01688_8010C8540,0
01688_80112DF50,0
01688_8011563D0,0
01688_8011B5EA0,0
01688_8011BBD20,0
01688_8012434F0,0
01688_8012C3FC0,0
01688_80137F410,0
01688_8013DF9C0,0
01688_801485B20,0
01688_80155CCF0,0
01688_8015BD7D0,0
01688_801605E40,0
01688_8016473E0,0
01688_801703570,0
01688_801767B10,0
01688_80176F040,0
01688_8017855F0,0
01688_8017C2A10,0
01688_8019333D0,0
01688_8019B30C0,0
01688_801A8FBF0,0
01688_801A96D20,0
01688_801CB9DE0,0
01688_801D21FE0,0
01688_802013CF0,0
01688_8021C6570,0
01688_8021EB600,0
01688_80227A620,0
01688_80228D120,0
01688_8024EF060,0
01688_80253E850,0
01688_8025AB040,0
01688_8026446F0,0
01688_80275E390,0
01688_802773550,0
01688_802C00A40,0
01688_802CC3FC0,0
01688_802CFDEA0,0
01688_802E77E20,0
01688_80318BAA0,0
01688_803291D20,0
01688_8032A19D0,0
01688_8032A2CB0,0
01688_8032D2410,0
01688_8032FD420,0
01688_803305F60,0
01688_80339AFC0,0
01688_80342D510,0
01688_80347C8A0,0
01688_8034A7CF0,0
01688_803E2DB70,0
01688_80431FA90,0
01688_8043D4470,0
01688_8045BA760,0
01688_804604C40,0
01688_80493ECE0,0
01688_804DE80D0,0
01688_8052E05A0,0
01688_805AC4290,0
01688_805B98B00,0
01688_805DF1B40,0
01688_805EAED10,0
01688_80623EBF0,0
01688_80641C680,0
01688_8065F3BD0,0
01688_8065F99E0,0
01688_8069861B0,0
01688_806A1BAC0,0
01688_806A4F210,0
01688_806A6AF80,0
01688_806D14980,0
01688_807113490,0
01688_807440180,0
01688_8074B3440,0
01688_8079D3DF0,0
01688_807DA5D90,0
01688_80851B070,0
01688_808541EC0,0
01688_8089A6CE0,0
01688_808CDAEC0,0
01688_808F20770,0
01688_809EB8820,0
01688_80A00E750,0
01688_80A4D2040,0
01688_80A958740,0
01688_80AD325A0,0
01688_80AE21CC0,0
01688_80B390640,0
01688_80B6D13E0,0
01688_80BBFB940,0
01688_80C007CD0,0
01688_80C265FE0,0
01688_80D166B20,0
01688_80D53ECC0,0
01688_80DB08890,0
01688_80E04F480,0
01688_80E057850,0
01688_80E135640,0
01688_80EBAF720,0
01688_80EDF5380,0
01688_80F828640,0
01688_811374930,0
01688_811A13B40,0
01688_811DEDFB0,0
01688_812579F30,0
01688_8129804C0,0
01688_812D5AE00,0
01688_8135A22C0,0
01688_8139D2E40,0
01688_8143CC380,0
016941_802A47100,0
016941_802A552D0,0
016941_802ADE980,0
016941_802CA3A80,0
016941_802CC2180,0
016941_803129DE0,0
016941_80319EC50,0
016941_803765280,0
016941_8039D3D40,0
016941_803BC3D30,0
016941_803E8D4B0,0
016941_8040AFA00,0
016941_804337700,0
016941_8043EBD50,0
016941_8047889C0,0
016941_8049220B0,0
016941_80506ABA0,0
016941_805818820,0
016941_8062C4F00,0
016941_80692B840,0
016941_807581310,0
016941_8076419B0,0
016941_80778B6D0,0
016941_807A53FC0,0
016941_807B76530,0
016941_807CBD880,0
016941_8084B4D80,0
016941_808539260,0
016941_808606D90,0
016941_8093E3940,0
016941_809B6E560,0
016941_809BE18D0,0
016941_80AD77C90,0
016941_80AE807E0,0
016941_80AF2E420,0
016941_80B84E7D0,0
016941_80CB58AC0,0
016941_80D656BD0,0
016941_80D8F21A0,0
016941_80E63CCB0,0
016941_80E6AF590,0
016941_80E760ED0,0
016941_810308480,0
016941_810B523C0,0
016941_810FA7350,0
016941_810FC79F0,0
016941_81146ACF0,0
016941_812208B40,0
016941_81249D100,0
016941_8126D38E0,0
016941_81275A340,0
016991_80210D4F0,0
016991_802AFBCB0,0
016991_802AFC640,0
016991_802B7C9A0,0
016991_802BAD720,0
016991_802D5A890,0
016991_8031C8FC0,0
016991_803227780,0
016991_803262F40,0
016991_8033DAD30,0
016991_803D7D670,0
016991_80425E1D0,0
016991_804261350,0
016991_8042C12C0,0
016991_804BFBE50,0
016991_804E16E40,0
016991_805276110,0
016991_805598D70,0
016991_805872550,0
016991_805A7EA70,0
016991_805B02E20,0
016991_8062F4900,0
016991_80637C060,0
016991_80651CF30,0
016991_806806D80,0
016991_80687F450,0
016991_8068C27E0,0
016991_806A14710,0
016991_806B1EA90,0
016991_8078ADFB0,0
016991_8078E32D0,0
016991_807CC7F60,0
016991_807FC92F0,0
016991_80817D7F0,0
016991_80817E440,0
016991_80821B040,0
016991_808A3E4F0,0
016991_808D33780,0
016991_808F186D0,0
016991_80983F7F0,0
016991_80A773B00,0
016991_80B4091B0,0
016991_80B552EC0,0
016991_80BA27DD0,0
016991_80BCAF280,0
016991_80BCFCFD0,0
016991_80C21E9A0,0
016991_80C2A7910,0
016991_80C37E360,0
016991_80DC94F90,0
016991_80E3D7400,0
016991_80E4DD630,0
016991_80FF0D400,0
016991_8102FC190,0
016991_810E903D0,0
016991_8120DB0B0,0
016991_8125626B0,0
017222_802C3BF90,0
017222_802CDB200,0
017222_802E44930,0
017222_803237480,0
017222_8032840C0,0
017222_8032A3220,0
017222_8033248E0,0
017222_803582010,0
017222_80364F460,0
017222_803698240,0
017222_80373BB80,0
017222_803782210,0
017222_80378B4E0,0
017222_80378D790,0
017222_803C12800,0
017222_803C678E0,0
017222_803E261B0,0
017222_803E3CDD0,0
017222_803EBF900,0
017222_8047D49F0,0
017222_804865CC0,0
017222_804AF7240,0
017222_804BD3E40,0
017222_804D31930,0
017222_804E212E0,0
017222_804E4F9F0,0
017222_80539B160,0
017222_80558F040,0
017222_8058F4890,0
017222_805A08A00,0
017222_805FA0ED0,0
017222_80625C430,0
017222_8064FAA30,0
017222_80672DA70,0
017222_806CEF4D0,0
017222_806FED1A0,0
017222_8075EDFC0,0
017222_8079858A0,0
017222_807AA49E0,0
017222_807AE6570,0
017222_807B44CC0,0
017222_807D24AA0,0
017222_807E381F0,0
017222_807F20BD0,0
017222_8080D6650,0
017222_808464980,0
017222_8089886F0,0
017222_808AE3EE0,0
017222_808D2B580,0
017222_808DD4580,0
017222_808E8D300,0
017222_809049D30,0
017222_8098AFD50,0
017222_80A0D6AF0,0
017222_80AB3FCE0,0
017222_80B2CFC90,0
017222_80B7FD340,0
017222_80B8010B0,0
017222_80B865EA0,0
017222_80BD55AF0,0
017222_80BEE0500,0
017222_80C35C330,0
017222_80C367170,0
017222_80C494BE0,0
017222_80CAD3F20,0
017222_80D293FF0,0
017222_80D6DA120,0
017222_80D8E9DB0,0
017222_80DE6B110,0
017222_80DE9C020,0
017222_80DFED010,0
017222_80E0A6F00,0
017222_80EB53090,0
017222_80FB846A0,0
017222_80FCB5FF0,0
017222_812EFF7B0,0
017222_813189E50,0
017222_81364B260,0
01729_8003D4A80,0
01729_8003F0D10,0
01729_8003F5C70,0
01729_800401A80,0
01729_800407D50,0
01729_80040B4F0,0
01729_80040EE80,0
01729_8004267A0,0
01729_80043AE10,0
01729_800461BE0,0
01729_80047D020,0
01729_80047E590,0
01729_800486240,0
01729_800487250,0
01729_80049CC70,0
01729_8004A4040,0
01729_8004B25A0,0
01729_8004C97E0,0
01729_8004E3BF0,0
01729_800531050,0
01729_800532D50,0
01729_80054BF00,0
01729_80054C140,0
01729_8005795A0,0
01729_80059C150,0
01729_8005D13A0,0
01729_8005D3B30,0
01729_8005D41E0,0
01729_8005DC690,0
01729_8005E7630,0
01729_8005F8C10,0
01729_80060F790,0
01729_800624230,0
01729_800647EF0,0
01729_8006544F0,0
01729_800655BC0,0
01729_800658D50,0
01729_800664750,0
01729_80067E5E0,0
01729_8006BA560,0
01729_8006C8B80,0
01729_8006F9290,0
01729_8007005A0,0
01729_800710A40,0
01729_800728DF0,0
01729_80077A3C0,0
01729_80077A4B0,0
01729_800791F00,0
01729_800857720,0
01729_80085C410,0
01729_8008ABA10,0
01729_8008C1090,0
01729_8008C9D50,0
01729_8008CEDE0,0
01729_80093B4D0,0
01729_80094B670,0
01729_8009C07B0,0
01729_800A56D10,0
01729_800A5B5D0,0
01729_800A6B6D0,0
01729_800B03470,0
01729_800B12720,0
01729_800B17FA0,0
01729_800B1DC20,0
01729_800B2A3F0,0
01729_800B2D5E0,0
01729_800B30010,0
01729_800B8F380,0
01729_800C11560,0
01729_800C17B50,0
01729_800C473B0,0
01729_800D63890,0
01729_800DDC840,0
01729_800DDE910,0
01729_800E83E70,0
01729_800EBA2A0,0
01729_800EE9440,0
01729_80104A400,0
01729_801130270,0
01729_8011716B0,0
01729_801185960,0
01729_80119B8B0,0
01729_801244C00,0
01729_80124BA00,0
01729_8012917A0,0
01729_8012B5980,0
01729_8012CEBA0,0
01729_8012CFCE0,0
01729_8012D13C0,0
01729_8012E17A0,0
01729_8012E3240,0
01729_8012E5C30,0
01729_80133AFC0,0
01729_801345B10,0
01729_8013844B0,0
01729_80145AF20,0
01729_8015DC2A0,0
01729_80164B550,0
01729_8016BBEF0,0
01729_8016FE680,0
01729_8017163D0,0
01729_8017228B0,0
01729_8018EA900,0
01729_80194BDF0,0
01729_801A8AC90,0
01729_801D451A0,0
01729_801DA04A0,0
01729_801E40A20,0
01729_801F78AA0,0
01729_80201AB20,0
01729_8020FFE30,0
01729_802221A60,0
01729_802274090,0
01729_8022B8E60,0
01729_8022CA9D0,0
01729_802485070,0
01729_8024A1D00,0
01729_8024B37D0,0
01729_8025F3FD0,0
01729_802A05F10,0
01729_802AD1290,0
01729_802B41240,0
01729_802BC9BA0,0
01729_802C14490,0
01729_802C7D600,0
01729_802CDB560,0
01729_802E6DB30,0
01729_80315B4C0,0
01729_8031879E0,0
01729_80318CD90,0
01729_8035F8280,0
01729_8037A1D70,0
01729_803A4ABB0,0
01729_803A56FC0,0
01729_803B9DD60,0
01729_803C91CE0,0
01729_803D60F50,0
01729_8043A43F0,0
01729_8043B1140,0
01729_80440EEC0,0
01729_8048C4520,0
01729_804D5D8A0,0
01729_8054AAC90,0
01729_8055AB5A0,0
01729_8057CA5F0,0
01729_805B87470,0
01729_8069D21B0,0
01729_806E8CF10,0
01729_80722B990,0
01729_8072977B0,0
01729_8072E9200,0
01729_807353A70,0
01729_8075CB980,0
01729_807A18070,0
01729_807AB9610,0
01729_807B9FFD0,0
01729_80898B990,0
01729_808B270D0,0
01729_808D04AE0,0
01729_808D372F0,0
01729_8094AAE10,0
01729_80968D7B0,0
01729_8099241B0,0
01729_80993F880,0
01729_80A15C0F0,0
01729_80A2CE1C0,0
01729_80A5795D0,0
01729_80A6B41C0,0
01729_80A7B6010,0
01729_80AACC740,0
01729_80AD43F00,0
01729_80AFD0980,0
01729_80B664510,0
01729_80B6658D0,0
01729_80B951650,0
01729_80BF5F810,0
01729_80BF72570,0
01729_80C160F50,0
01729_80C35B0E0,0
01729_80C4C2BE0,0
01729_80C4EEF80,0
01729_80D334E40,0
01729_80D5B28F0,0
01729_80DD1C6B0,0
01729_80E110AE0,0
01729_80E1E57E0,0
01729_80E55F0D0,0
01729_80FE8AC00,0
01729_80FEA6DC0,0
01729_811E22F90,0
01729_81274DF90,0
01729_812ED71F0,0
01729_8131C6810,0
01729_813294760,0
01729_81356CA10,0
01729_813691830,0
01729_813941F60,0
01729_813956680,0
017321_802D338C0,0
017321_802D624B0,0
017321_802D9A580,0
017321_802DCBB40,0
017321_802EFCF90,0
017321_802F3CF30,0
017321_803220670,0
017321_80322D6B0,0
017321_803261910,0
017321_8033C3370,0
017321_803C0FF80,0
017321_8041C4880,0
017321_8048D14E0,0
017321_804D118D0,0
017321_804ED6A70,0
017321_80513ACD0,0
017321_8056E4620,0
017321_805C92710,0
017321_806713F30,0
017321_806811A50,0
017321_8068175A0,0
017321_806925E00,0
017321_806963F30,0
017321_806E6F6D0,0
017321_8074517B0,0
017321_80787C0D0,0
017321_8078B5640,0
017321_807927020,0
017321_80816F940,0
017321_8081921B0,0
017321_808603250,0
017321_808908430,0
017321_80A2D4380,0
017321_80ABB59A0,0
017321_80B60CE90,0
017321_80BB42E20,0
017321_80C125110,0
017321_80C531D20,0
017321_80D652720,0
017321_80D7CCBC0,0
017321_80DD41780,0
017321_80F0ACB50,0
017321_810371D80,0
017321_8125525A0,0
017327_802BE0330,0
017327_802DFEB00,0
017327_802E43310,0
017327_8031BE2F0,0
017327_8031FD340,0
017327_803217370,1
017327_803348210,0
017327_803413640,0
017327_803494C80,0
017327_8038210B0,0
017327_8039BADA0,0
017327_804018450,0
017327_804090460,0
017327_8041D6690,0
017327_804290690,0
017327_804450840,0
017327_80447BA50,0
017327_804603740,0
017327_804883830,0
017327_804B43800,0
017327_804D33800,0
017327_804E75EB0,0
017327_804E75EB1,0
017327_8051DD8F0,0
017327_805308300,0
017327_8055B8600,0
017327_8057B6B10,0
017327_805B1FBF0,0
017327_805B7FFF0,0
017327_805B8BBD0,0
017327_80600F430,0
017327_8060668F0,0
017327_8065244E0,0
017327_80669C940,0
017327_80676D770,0
017327_8067A3660,0
017327_806F477E0,0
017327_8077E2640,0
017327_8077E5EF0,0
017327_807C5B030,0
017327_807F45200,0
017327_8087007D0,0
017327_808B1EFD0,0
017327_808D6C4B0,0
017327_809FFF2F0,0
017327_80A588780,0
017327_80AB53CB0,0
017327_80AE88790,0
017327_80B5856C0,0
017327_80BCC6CB0,0
017327_80C53EF00,0
017327_80CAD6400,0
017327_80CBAC6A0,0
017327_80CD7AD10,0
017327_80CD89610,0
017327_80D069A50,0
017327_80D27D5E0,0
017327_80D7E5BE0,0
017327_80D7ECBA0,0
017327_80DA63B40,0
017327_80E5A9070,0
017327_80EC7AC80,0
017327_80FC071D0,0
017327_80FE72250,0
017327_8104F4970,0
017327_81067D6B0,0
017327_8113F1780,0
017327_8116D0ED0,0
017327_811851C90,0
017327_811B78120,0
017327_812249C60,0
017327_8123CA270,0
017327_812868AD0,0
017327_812F0B1E0,0
017327_81301B2D0,0
017327_8131E2E40,0
017327_81390D9F0,0
017327_81393A2C0,0
017327_813AB51E0,0
017327_813E6C170,0
017425_802C61F50,0
017425_802DADAC0,0
017425_802DAEC70,0
017425_802E3FF20,0
017425_802E42800,0
017425_802EAFF30,0
017425_8030C9E90,0
017425_803240070,0
017425_8032CCF80,0
017425_8032E57E0,0
017425_80339DD40,0
017425_803635110,0
017425_8039BA460,0
017425_8039DB960,0
017425_803BE9AA0,0
017425_803D78D10,0
017425_803E4BCF0,0
017425_80428F590,0
017425_8047EFC20,0
017425_80488F600,0
017425_804C05430,0
017425_804E90950,0
017425_8051931A0,0
017425_8056D0000,0
017425_8057B4000,0
017425_8057DD470,0
017425_8059288C0,0
017425_80600C1B0,0
017425_80625BBB0,0
017425_80645DC20,0
017425_806D21920,0
017425_80780EEA0,0
017425_807A12640,0
017425_807A6B730,0
017425_807CEF5B0,0
017425_807D5E050,0
017425_807D77170,0
017425_807DD36B0,0
017425_807EC57E0,0
017425_80824A450,0
017425_80854E270,0
017425_80858E950,0
017425_8089F2B40,0
017425_808C232D0,0
017425_809C1FAB0,0
017425_809C25800,0
017425_809F90900,0
017425_80A0036D0,0
017425_80B0F5BE0,0
017425_80B4C1400,0
017425_80B599740,1
017425_80B7DBF80,0
017425_80B8EC1A0,0
017425_80BDD1230,0
017425_80C26BCD0,0
017425_80C986140,0
017425_80CF5F220,0
017425_80DD08830,0
017425_80EC2E740,0
017425_80F2B2B40,0
017425_80FEE7B50,0
017425_80FEFE610,0
017425_80FF3F380,0
017425_81041D3C0,0
017425_810723DA0,0
017425_810768530,0
017425_8110061A0,0
017425_8127502A0,0
017425_812B80E60,0
017425_812C56F90,0
017425_8130055B0,0
017425_813293A00,0
017425_81347D0F0,0
017610_80321E0A0,0
017610_8033DEB90,0
017610_8034EDE40,0
017610_803563540,0
017610_803EA95A0,0
017610_80432EA70,0
017610_8048BD340,0
017610_8049521E0,0
017610_804F6B9F0,0
017610_805224F10,0
017610_805262480,0
017610_805ABEB60,0
017610_805C92E20,0
017610_8069E6900,0
017610_807FF1B00,0
017610_808915460,0
017610_809473580,0
017610_80A6809F0,0
017610_80A6A6190,0
017610_80A926710,0
017610_80AB94440,0
017610_80AB9A8C0,0
017610_80AE2B2F0,0
017610_80AF2AF30,0
017610_80B499DA0,0
017610_80B4F4FF0,0
017610_80BADF180,0
017610_80BB2C130,0
017610_80C808420,0
017610_80C812BE0,0
017610_80C898CD0,0
017610_80D253320,0
017610_80D9B97D0,0
017610_80DED8300,0
017610_80DFD6060,0
017610_80E5F7DD0,0
017610_80E646800,0
017610_80EBD4390,0
017610_80ED46B00,0
017610_810969750,0
017610_811008C40,0
017610_811611FC0,0
017610_81197CAD0,0
017610_811ABFBA0,0
017615_802ED0820,0
017615_803BB30C0,0
017615_803BCFC90,0
017615_8042AED30,0
017615_804ED39E0,0
017615_805208500,0
017615_805961610,0
017615_8059E8080,0
017615_806056D60,0
017615_8067DECF0,0
017615_806828530,0
017615_806E64F70,0
017615_8075E3E60,0
017615_807641C50,0
017615_80778C100,0
017615_807929570,0
017615_807992140,0
017615_8079B1E20,0
017615_807AB22E0,0
017615_807B1C220,0
017615_8085B3CB0,0
017615_8088FE0C0,0
017615_80A084E40,0
017615_80AC1D5D0,0
017615_80AC43540,0
017615_80AEE8910,0
017615_80AF44EC0,0
017615_80B648BC0,0
017615_80B77ECE0,0
017615_80B832850,0
017615_80B9FFA40,0
017615_80BA7E400,0
017615_80BCC8D50,0
017615_80BCF8CD0,0
017615_80C71D840,0
017615_80C8A0A40,0
017615_80CAF2FB0,0
017615_80D607B40,0
017615_80E564270,0
017615_80E797AA0,0
017615_80F7EFCD0,0
017615_8102DB730,0
017615_81037BF50,0
017615_810F5D900,0
017615_81233AB10,0
017615_81233AB11,0
017615_8124C31F0,0
017615_81254DD50,0
017649_802061C00,0
017649_802DDC4C0,0
017649_802F1E8D0,0
017649_803BA98E0,0
017649_804398E70,0
017649_804E40310,0
017649_8057FCD20,0
017649_805B01330,0
017649_806708A30,0
017649_806784E10,0
017649_806891340,0
017649_80692D100,0
017649_80696EE10,0
017649_806E71610,0
017649_807453AB0,0
017649_807FD1ED0,0
017649_808178790,0
017649_8081BEBE0,0
017649_8086C4CB0,0
017649_808A744D0,0
017649_808DFACA0,0
017649_80937EB90,0
017649_80941EDF0,0
017649_809479B40,0
017649_80AB2BF90,0
017649_80B650D60,0
017649_80B8D2900,0
017649_80BAEF6C0,0
017649_80BAFD830,0
017649_80C8DB500,0
017649_80C8DE270,0
017649_80D216A80,0
017649_80E2EC5B0,0
017649_80ED3C650,1
017649_80F7AE340,0
017649_810E33EA0,0
017649_811347770,0
017649_8113D53A0,0
017729_802EAF7D0,0
017729_803188AD0,0
017729_803298F20,0
017729_8032F8330,0
017729_8033403A0,0
017729_803482CA0,0
017729_803552E30,0
017729_8039D2DF0,0
017729_803D12500,0
017729_803EBA210,0
017729_803F0A8C0,0
017729_804027990,0
017729_8040A6410,0
017729_8041B3160,0
017729_8041C1400,0
017729_804243E30,0
017729_80437DBE0,0
017729_80452BB30,0
017729_804839060,0
017729_804854BD0,0
017729_80485FBA0,0
017729_805165150,0
017729_805212100,0
017729_8053F8690,0
017729_8054167C0,1
017729_805A6C010,0
017729_805B9B2B0,0
017729_805BCCB30,0
017729_8065BEF50,0
017729_8066432F0,0
017729_8066C4FA0,0
017729_8067ECDB0,0
017729_806A6B720,0
017729_8073479D0,0
017729_807468730,0
017729_807C80F90,0
017729_807DD3300,0
017729_807F3D490,0
017729_807F61050,0
017729_808384740,0
017729_8085514C0,0
017729_808700C80,0
017729_808B8D730,0
017729_809AC2CC0,0
017729_80A021500,0
017729_80AA86760,0
017729_80AE10460,0
017729_80AE56A20,0
017729_80B344990,0
017729_80B473F60,0
017729_80B5876C0,0
017729_80BA6A9D0,0
017729_80BCE5AA0,0
017729_80BFE6390,0
017729_80D2E6E70,0
017729_80DA3D4E0,0
017729_80E159E30,0
017729_80E1B4CF0,0
017729_80E69AFE0,0
017729_80F8B03C0,0
017729_80FFC2E20,0
017729_810437D50,0
017729_810AED6C0,0
017729_810DEBDA0,0
017729_811A039C0,0
017729_81422F670,0
017732_8019F8AD0,0
017732_802E6C090,0
017732_8030D3D60,0
017732_8031EB1D0,0
017732_803218EA0,0
017732_8032E40A0,0
017732_8033256D0,0
017732_8034F1A10,0
017732_803509390,0
017732_80357B2A0,0
017732_8036097D0,0
017732_8036E86A0,0
017732_803713080,0
017732_803ADD160,0
017732_804186440,0
017732_80420E360,0
017732_80428E1F0,0
017732_804521BC0,0
017732_8045896D0,0
017732_8045CE9D0,0
017732_804EC0330,0
017732_80570A050,0
017732_8057BBB80,0
017732_8057C1A90,0
017732_805B70790,0
017732_805DD02E0,0
017732_805DF69D0,0
017732_805E023F0,0
017732_805EE6660,0
017732_8061E25F0,0
017732_8062E84D0,0
017732_8062F87F0,0
017732_80657D120,0
017732_8066CFF40,0
017732_8067C5940,0
017732_806B57360,0
017732_806F90C10,0
017732_807255320,0
017732_807364D60,0
017732_807AF6230,0
017732_807CC4910,0
017732_807EBC290,0
017732_807F7AB50,0
017732_8081D6BB0,0
017732_808551870,0
017732_8091E38F0,0
017732_80973A520,0
017732_809B9A860,0
017732_809C6D700,0
017732_809CAA4D0,0
017732_80A0DD810,0
017732_80A58B7B0,1
017732_80B2233F0,0
017732_80B27AF00,0
017732_80BD9F500,0
017732_80C0E35F0,0
017732_80C2C4FF0,0
017732_80C3389B0,0
017732_80C98BFD0,0
017732_80D131120,0
017732_80D435570,0
017732_80DEFDC40,0
017732_80DF1C7C0,0
017732_80DFAFDF0,0
017732_80E085B30,0
017732_80E312810,0
017732_80E3ABBA0,0
017732_80EC4D510,0
017732_80EE92910,0
017732_80F0FCD90,0
017732_80FEDF890,0
017732_8106CB8E0,0
017732_81083E490,0
017732_810EE80C0,0
017732_810EFAE60,0
017732_811C70F30,0
017732_811FB77D0,0
017732_812B85180,0
017732_812B9F260,0
017732_812CEA230,0
017769_802E9F670,0
017769_802FA4CB0,0
017769_8031D4900,0
017769_80322CB30,0
017769_80357EF40,0
017769_80449AB70,0
017769_804925400,0
017769_805010CB0,0
017769_8067A8510,0
017769_8067B1AE0,0
017769_806A68EE0,0
017769_80732F4F0,0
017769_807451F20,0
017769_80747D820,0
017769_80775E470,0
017769_807859D00,0
017769_807A79ED0,0
017769_807C02750,0
017769_807C10090,0
017769_807CBE040,0
017769_807CD7670,0
017769_807D09660,0
017769_807FD15A0,0
017769_808562640,0
017769_8086034D0,0
017769_8088A1E90,0
017769_8088EFC40,0
017769_808A57690,0
017769_808A68EE0,0
017769_808DF38F0,0
017769_809556AA0,0
017769_809744840,0
017769_80A774300,0
017769_80B5BF030,0
017769_80B645B80,0
017769_80B9ED060,0
017769_80B9FAF50,0
017769_80C246360,0
017769_80C8AFA50,0
017769_80CEF76D0,0
017769_80D9ED1F0,0
017769_80DA92840,0
017769_80E753100,0
017769_80EC0FA20,0
017769_80F7E0420,0
017769_80FEE6670,0
017769_8118F8880,0
017769_8122139D0,0
017769_812654C80,0
017769_8128D80D0,0
017861_8031D55E0,0
017861_80322A8B0,0
017861_8033519A0,0
017861_80335E4D0,0
017861_803399090,0
017861_804330F70,0
017861_804909600,0
017861_80525BCD0,0
017861_805262340,0
017861_805B9C650,0
017861_806747000,0
017861_8067E1900,0
017861_806823850,0
017861_8068DB720,0
017861_80697D3A0,0
017861_806ACD100,0
017861_806E61810,0
017861_80735A500,0
017861_8075F7690,0
017861_80785FC70,0
017861_807986D70,0
017861_807990CB0,0
017861_807A48B30,0
017861_808030CA0,0
017861_8082EAF60,0
017861_808575270,0
017861_808E9A220,0
017861_808F45A70,0
017861_809763F10,0
017861_809A1AD30,0
017861_809A1C930,0
017861_80A2D2F60,0
017861_80ABE6A90,0
017861_80B53BFB0,0
017861_80B64D110,0
017861_80B68F950,0
017861_80B957750,0
017861_80B9F8EE0,0
017861_80BBDBEB0,0
017861_80BCEE700,0
017861_80BCEF690,0
017861_80C288A50,0
017861_80C900A80,0
017861_80CD8DE50,0
017861_80D3CFDD0,0
017861_80DCFBD30,0
017861_80DFCFC30,0
017861_80E27A5A0,0
017861_80E772120,0
017861_80F60C460,0
017861_80F7BCB90,0
017861_8115EEAF0,0
017861_812723570,0
017861_812B01F80,0
017861_812DB43B0,0
017861_8133A8BD0,0
017861_813F06170,0
018015_803176DF0,0
018015_8031836B0,0
018015_80360DF20,0
018015_803646C70,0
018015_803769400,0
018015_803774A50,0
018015_8037C08A0,0
018015_803F027E0,0
018015_804004B60,0
018015_8041B99C0,0
018015_8041BD2E0,0
018015_8041FFB10,0
018015_8043A8C80,0
018015_804840980,0
018015_804E4E800,0
018015_8051B9B10,0
018015_8052FD110,0
018015_805710AF0,0
018015_805925AD0,0
018015_805A41D50,0
018015_805A8ECC0,0
018015_805B53B40,0
018015_805E0C3A0,0
018015_805F31EB0,0
018015_80623D9B0,0
018015_8066C1480,0
018015_806B767D0,0
018015_807288020,0
018015_807344090,0
018015_80779BBF0,0
018015_80781B170,0
018015_8079F6C60,0
018015_8081B81E0,0
018015_8081B9040,0
018015_8081F87D0,0
018015_808795360,0
018015_808A3A0C0,0
018015_808CFB1E0,0
018015_808E8C1A0,0
018015_8092513D0,0
018015_809898B10,0
018015_809A30E50,0
018015_809C2A540,0
018015_809F22210,0
018015_80A5EAF90,0
018015_80AB1B040,0
018015_80B223220,0
018015_80B41A910,0
018015_80B7ED0F0,0
018015_80BDEEA90,0
018015_80C308E70,0
018015_80C360170,0
018015_80C3BBE80,0
018015_80C822F10,0
018015_80D118300,0
018015_80D292A50,0
018015_80D2EA420,0
018015_80D8ED040,0
018015_80DFC0170,0
018015_810417C80,0
018015_812684630,0
018015_8130F0B20,0
018067_802FE2E10,0
018067_80310FD10,0
018097_803965450,0
018107_8031E70C0,0
018107_803903DB0,0
018107_807E39CB0,0
018196_803682D40,0
018200_8036F1940,0
018200_8039840E0,0
018428_8033791D0,0
018428_803640900,0
018428_803754710,0
018428_803BFFEB0,0
018428_8041289F0,0
018428_804906500,0
018428_805753DA0,0
018428_805756CA0,0
018428_80576A210,0
018428_805B9C930,0
018428_80687AF70,0
018428_8069B7750,0
018428_806CC0010,0
018428_8075CF630,0
018428_80775AE90,0
018428_807842D30,0
018428_807884E00,0
018428_8078A1E00,0
018428_807B9E410,0
018428_807D09390,0
018428_80802D470,0
018428_8081BDF90,0
018428_80848AAC0,0
018428_808A53B60,0
018428_80954A360,0
018428_8095524B0,0
018428_80ABF7B00,0
018428_80B40C1F0,0
018428_80B66BE10,0
018428_80B86D300,0
018428_80B923860,0
018428_80BB93620,0
018428_80BC948D0,0
018428_80C51E690,0
018428_80D425CB0,0
018428_8116E6260,0
018428_811961420,0
018428_812532CF0,0
018428_812818570,0
018428_813563880,0
018460_803272200,0
018460_803274AD0,0
018460_8033A5920,0
018460_8033C0F90,0
018460_80355F5B0,0
018460_803BB56C0,0
018460_803FFB470,0
018460_804248890,0
018460_80439A460,0
018460_80506F100,0
018460_805268170,0
018460_8055523D0,0
018460_8060715E0,0
018460_8062F5480,0
018460_8068E3260,0
018460_8068ECEF0,0
018460_80690FA30,0
018460_8072D81D0,0
018460_807458440,0
018460_807473010,0
018460_80774F310,0
018460_80782AD50,0
018460_807867CD0,0
018460_8079B91E0,0
018460_8079C0B20,0
018460_807BDCF70,0
018460_807F338C0,0
018460_80804E080,0
018460_808309BD0,0
018460_80830A320,0
018460_8088A0E30,0
018460_809402580,0
018460_80A534EB0,0
018460_80A691A20,0
018460_80ABAC690,0
018460_80ACB3220,0
018460_80B1D7DF0,0
018460_80B502D70,0
018460_80B5F55B0,0
018460_80BA61E00,0
018460_80C148AF0,0
018460_80D389E00,0
018460_80D6096A0,0
018460_80DA98F70,0
018460_80E3A2840,0
018460_80FBC87A0,0
018460_8102C24E0,0
018460_8116371F0,0
018460_811B10E00,0
018460_8123C4750,0
018460_812647560,0
018460_812C2E9E0,0
018475_80750F2A0,0
018511_803239C70,0
018511_8033828D0,0
018511_803407210,0
018511_8034646D0,0
018511_8034C8650,0
018511_8035EDD30,0
018511_803622970,0
018511_803720720,0
018511_80397DE60,0
018511_803C09870,0
018511_803CACC30,0
018511_803E4B3B0,0
018511_80418E990,0
018511_8044CBBF0,0
018511_804D49CA0,0
018511_804E29D50,0
018511_804E600A0,0
018511_804FC46E0,0
018511_8051A8CA0,0
018511_805235AC0,0
018511_8053EF4F0,0
018511_805EAF310,0
018511_805EF8CB0,0
018511_805F8DB80,0
018511_805F8F270,0
018511_8061AE840,0
018511_806339C60,0
018511_8063EB250,0
018511_8063F1F30,0
018511_80662ADD0,0
018511_806643390,0
018511_8066831C0,0
018511_806694670,0
018511_8068ABAD0,0
018511_806CE2A50,0
018511_80773D0E0,0
018511_8077597D0,0
018511_8079F8AA0,0
018511_807A2BAB0,0
018511_8081D51F0,0
018511_808F204E0,0
018511_809056AB0,0
018511_809327A20,0
018511_809A1D8E0,0
018511_809B9B070,0
018511_80AEA6A10,0
018511_80B5D46C0,0
018511_80BCC6E90,0
018511_80BDD2840,0
018511_80BE36240,0
018511_80BF6A380,0
018511_80C4D4FB0,0
018511_80CF8E570,0
018511_80D7ACDC0,0
018511_80F2434F0,0
018511_80F3D9BD0,0
018511_80F64FFA0,0
018511_8100B7F20,0
018511_81025FB90,0
018511_810DC4560,0
018511_8111B2B40,0
018511_8113E00A0,0
018511_811909DF0,0
018511_811C85BE0,0
018511_811CE8D00,0
018511_81338FA60,0
018511_8133EF8D0,0
018511_8138FD460,0
018549_80327E0C0,0
018549_8032A1BF0,0
018549_8032A8D50,0
018549_80330EE20,0
018549_803349C10,0
018549_803418810,0
018549_80353D580,0
018549_803D5CB10,1
018549_803E15AC0,0
018549_8042CDCE0,0
018549_8043B3820,0
018549_8046E50F0,0
018549_8048F9C10,0
018549_8048F9C11,0
018549_804939FE0,0
018549_804E44310,0
018549_804EA3220,0
018549_8054C4630,0
018549_8055A7420,0
018549_805709610,0
018549_805717F20,0
018549_8057BBDC0,0
018549_805A0A170,0
018549_805B791C0,0
018549_805E94300,0
018549_806546460,0
018549_8066DB280,0
018549_806B2DC10,0
018549_806DF54E0,0
018549_806E8D9D0,0
018549_8070D4EA0,0
018549_807343CE0,0
018549_807497080,0
018549_8078C9C30,0
018549_807AAE300,0
018549_807B8FC60,0
018549_807BA7AD0,0
018549_808257C60,0
018549_808D07030,0
018549_80935DF00,0
018549_809B19A60,0
018549_809BE62A0,0
018549_809E56320,0
018549_80A5FD410,0
018549_80ACDE2E0,0
018549_80AFC1320,0
018549_80B3ACDA0,0
018549_80B3B6380,0
018549_80B584540,0
018549_80B8EE270,0
018549_80B9BEAB0,0
018549_80BE20580,0
018549_80C154AD0,0
018549_80C283180,0
018549_80DAE8940,0
018549_80DE94DB0,0
018549_80DFAE890,0
018549_80E014860,0
018549_80E1E9D10,0
018549_80F2BA3C0,0
018549_80FE9A2A0,0
018549_80FF29370,0
018549_810C89790,0
018549_8116D3950,0
018549_8117539C0,0
018549_8118C0390,0
018549_812F2E230,0
018549_8130A0410,0
018549_81329CFC0,0
018549_8143C6790,0
018617_8032B6140,0
018617_8032FBBC0,0
018617_8035C1760,0
018617_8038D3520,0
018617_8043D90C0,0
018617_80445FA30,0
018617_805093580,0
018617_8051C2290,0
018617_8051F3AD0,0
018617_8053BF4A0,0
018617_8056F6D20,0
018617_80588DB90,0
018617_805FA9EF0,0
018617_805FFC340,0
018617_806508240,0
018617_806756700,0
018617_80685F0A0,0
018617_806A3AA30,0
018617_806CF7480,0
018617_806FDCF30,0
018617_8070D4650,0
018617_807207990,0
018617_80730EBD0,0
018617_8076E2AF0,0
018617_8081FD020,0
018617_8082CFAF0,0
018617_80891C410,0
018617_808D59F50,0
018617_808D6E310,0
018617_809A0D2D0,0
018617_809B46F90,0
018617_809C493C0,0
018617_80AA67F30,0
018617_80AE0BDE0,0
018617_80AE33030,0
018617_80AF37810,0
018617_80B1DD6D0,0
018617_80C0D8680,0
018617_80C1411E0,0
018617_80CBDF0D0,0
018617_80CCE8780,0
018617_80CFAD960,0
018617_80D0005D0,0
018617_80D027600,0
018617_80D20D810,0
018617_80D442640,0
018617_80D805710,0
018617_80D80E810,0
018617_80D9D79C0,0
018617_80DA6D200,0
018617_80E0FEE70,0
018617_80FDABE40,0
018617_8103D34B0,0
018617_81044CC60,0
018617_810451290,0
018617_8106E2A40,0
018617_810E3FFB0,0
018617_8113DAD90,0
018617_811457220,0
018617_811457221,0
018617_8116CE5D0,0
018617_81245F600,0
018617_812B86FF0,0
018617_812F9CB70,0
018617_8130CFE60,0
018617_8135D3600,0
018819_8033FBDA0,0
018819_80342E160,0
018819_80346E4D0,0
018819_8034B2480,0
018819_803551BF0,0
018819_8039E6060,0
018819_803CB0050,0
018819_803CE3C60,0
018819_803D65560,0
018819_803E32BE0,0
018819_8043BDE80,0
018819_804854210,0
018819_804ECAFD0,0
018819_804FC2770,0
018819_80500DF70,0
018819_805151FD0,0
018819_8052B7820,0
018819_805583690,0
018819_805590780,0
018819_80579BDF0,0
018819_805C2D080,0
018819_805DD2CA0,0
018819_806042590,0
018819_8062B83F0,0
018819_80670C550,0
018819_806741C60,0
018819_8067CFC40,0
018819_806C68F90,0
018819_806E77FC0,0
018819_8070BF070,0
018819_807331000,0
018819_8075DC1E0,0
018819_80777D230,0
018819_807D89020,0
018819_807F17F60,0
018819_807F4C4F0,0
018819_8081A3550,0
018819_8088F35C0,0
018819_808ED7EE0,0
018819_809657890,0
018819_809F9AAD0,0
018819_80A56E5A0,0
018819_80A6B4820,0
018819_80AE70C40,0
018819_80B55EEF0,0
018819_80C3B6280,0
018819_80CD7C590,0
018819_80D1A5190,0
018819_80D2A0A70,0
018819_80DA6A0B0,0
018819_80DFCCC70,0
018819_80E26BF80,0
018819_8112275F0,0
018819_811C83B40,0
018819_812C5FD20,0
018819_812F0CEA0,0
018819_81306F540,0
018819_8132B45F0,0
018819_813502490,0
018819_8143927B0,0
018902_8034B5130,0
018902_8034BFB00,0
018902_803842990,0
018902_8039D3850,0
018902_803C2FEB0,0
018902_803F00790,0
018902_8041D5740,0
018902_8043C5AA0,0
018902_8044CE750,0
018902_8048AFE70,0
018902_804AC82A0,0
018902_804B03A00,0
018902_804C2E3E0,0
018902_804D14220,0
018902_804E22090,0
018902_805A47C80,0
018902_80625B200,0
018902_80661D4B0,0
018902_8067D14C0,0
018902_80691A8E0,0
018902_806A9A8D0,0
018902_8070EADB0,0
018902_8072E8F60,0
018902_80730EA90,0
018902_80777A5B0,0
018902_8079D80B0,0
018902_807A29620,0
018902_807F57510,0
018902_808213620,0
018902_8082290E0,0
018902_80851A000,0
018902_808E8CA60,0
018902_808F04E70,0
018902_809046980,0
018902_809F0D530,0
018902_809FB32F0,0
018902_80A15E110,0
018902_80A68C140,0
018902_80BC01970,0
018902_80CD84890,0
018902_80DA680F0,0
018902_80DDC8B40,0
018902_80E1DBF20,0
018902_80EC7E300,0
018902_80F3CF8E0,0
018902_80F447950,0
018902_80FF542C0,0
018902_810900E90,0
018902_810AC9B10,0
018902_810E8BCD0,0
018902_810E9DF10,0
018902_8122F1770,0
018902_812B70260,0
018902_812ED39C0,0
018902_8132B5AE0,0
018902_8139DFA60,0
018902_813F354B0,0
018902_814075200,0
019023_801274D00,0
019023_803E94860,0
019023_804D48740,0
019023_804E2EB90,0
019023_8050A0930,0
019023_8051B6A80,0
019023_8056CE0B0,0
019023_8056D7620,0
019023_805703960,0
019023_8057D8B40,0
019023_8057F54D0,0
019023_80581A790,0
019023_80665B3C0,0
019023_80695F3B0,0
019023_806B20B10,0
019023_807604750,0
019023_807955840,0
019023_807963120,0
019023_807B158C0,0
019023_807CDB8D0,0
019023_808307180,0
019023_808488730,0
019023_808FFA8C0,0
019023_809004A20,0
019023_8093725D0,0
019023_80A0AFC30,0
019023_80A78F2D0,0
019023_80AB46EF0,0
019023_80B788580,0
019023_80B978F40,0
019023_80BD78A90,0
019023_80C290E10,0
019023_80C379C90,0
019023_80C496B50,0
019023_80C570100,0
019023_80CFD3DA0,0
019023_80D4274F0,0
019023_80DE29400,0
019023_80E40FB60,0
019023_80F260650,0
019023_810C2C5B0,0
019023_8111194C0,0
019023_8119B12D0,0
019023_81392B820,0
019023_814499340,0
019318_8039165B0,0
019329_80371D2D0,0
019329_803BF3B90,0
019329_803CAA8A0,0
019329_803CD5C40,0
019329_803D108D0,0
019329_803D5ECE0,0
019329_80491BED0,0
019329_804BA5B30,0
019329_804D15B30,0
019329_804E06D80,0
019329_804F76E70,0
019329_80511C3C0,0
019329_8051272C0,0
019329_805318130,0
019329_805510670,0
019329_805A91600,0
019329_805AA0770,0
019329_805B98BF0,0
019329_805BF2250,0
019329_805DCFA70,0
019329_805DE7900,0
019329_806508BA0,0
019329_806A09DC0,0
019329_806C19E40,0
019329_807112210,0
019329_8071FC180,0
019329_807D04C00,0
019329_807D6E560,0
019329_807F55A80,0
019329_808FC5DE0,0
019329_8091EE960,0
019329_809CB0810,0
019329_80A065310,0
019329_80A0D2570,0
019329_80A570A00,0
019329_80AEAF920,0
019329_80B2638C0,0
019329_80B472650,0
019329_80B623A50,0
019329_80BB064B0,0
019329_80C26B450,0
019329_80E6C47C0,0
019329_810E806F0,0
019329_812311660,0
019329_812F041B0,0
019329_812F0DE80,0
019329_8132A36E0,0
019329_8132A9150,0
019329_8138C6610,0
019329_8139212C0,0
019329_813B6C8E0,0
019329_8140C4440,0
019329_814791570,0
019474_803A35E90,0
019474_803B99D40,0
019474_803BE9F40,0
019474_803C2D7A0,0
019474_803D6C5C0,0
019474_80421F430,0
019474_8043A0B00,0
019474_804B15C40,0
019474_804EED730,0
019474_80520E400,0
019474_80554D5B0,0
019474_8055D6640,0
019474_805DE1DC0,0
019474_8060F7480,0
019474_8066AD800,0
019474_806A61B10,0
019474_806C70320,0
019474_806CADB80,0
019474_8072EE450,0
019474_80754CD10,0
019474_807577300,0
019474_8077210B0,0
019474_80820E6B0,0
019474_8082236F0,0
019474_8082CF420,0
019474_8082CF910,0
019474_808642240,0
019474_8089F2180,0
019474_808FDFCA0,0
019474_8091CDE60,0
019474_809FA64C0,0
019474_80A2B7B90,0
019474_80A5032E0,0
019474_80AB17120,0
019474_80B2C0A60,0
019474_80B2DE170,0
019474_80B4565A0,0
019474_80B858F30,0
019474_80C2AD7F0,0
019474_80D0FEDA0,0
019474_80D2848E0,0
019474_80D886800,0
019474_80DA6F420,0
019474_80DCBDDB0,0
019474_80E06B4D0,0
019474_80EFEF8B0,0
019474_8103C5F90,0
019474_8103F6730,0
019474_810441C20,0
019474_8107DA910,0
019474_810AD5DF0,0
019474_81179DE80,0
019474_812A36CC0,0
019474_812B6C1B0,0
019474_8132B6020,0
019474_813942F80,0
019474_813AC7550,0
019474_814213FF0,0
019474_8147BA710,0
019477_80B11F660,0
019535_8038D3A20,0
019535_803A5D800,0
019535_803ADAF10,0
019535_803C51ED0,0
019535_803C6E8A0,0
019535_8041F6D20,0
019535_804601900,0
019535_804C9D0D0,0
019535_804E44070,0
019535_8050939F0,0
019535_8051671C0,0
019535_805183710,0
019535_8052A6130,0
019535_8055ABAF0,0
019535_80570F5D0,0
019535_80572EC70,0
019535_8057CBA20,0
019535_8057DEE10,0
019535_8058C5200,0
019535_80599B8E0,0
019535_805B6DDC0,0
019535_805FA6E30,0
019535_805FCB950,0
019535_80625F0C0,0
019535_806632AA0,0
019535_806785950,0
019535_80685C890,0
019535_806E723C0,0
019535_806E924B0,0
019535_8075C1D60,0
019535_807D78D40,0
019535_807D8F9E0,0
019535_807EC15D0,0
019535_807F81840,0
019535_808070290,0
019535_8081B2DB0,0
019535_8085B0650,0
019535_80875BBB0,0
019535_80920EA60,0
019535_809B967F0,0
019535_809BE9A50,0
019535_80A03C1F0,0
019535_80A17CE70,0
019535_80A3FC3B0,0
019535_80AAF5410,0
019535_80B3C8090,0
019535_80B4BBF10,0
019535_80B55CA10,0
019535_80B5C2CD0,0
019535_80B94B2D0,0
019535_80BD576B0,0
019535_80BFB6290,0
019535_80BFE89E0,0
019535_80C002340,0
019535_80C114D10,0
019535_80D4A0720,0
019535_80D5138C0,0
019535_80D556C90,0
019535_80D64E3B0,0
019535_80D945D80,0
019535_80E583250,0
019535_80ED0D260,0
019535_80F5C8C90,0
019535_80F7066B0,0
019535_80FC13E40,0
019535_810501060,0
019535_810E2E2D0,0
019535_8111349E0,0
019535_811CE10B0,0
019535_8124F4970,0
019535_812A67140,0
019535_812D88190,0
019535_813A38720,0
019535_81415A2D0,0
019723_80404B650,0
019729_803D0CED0,0
019729_803D3C0B0,0
019729_803E361F0,0
019729_8041A2010,0
019729_8042D4680,0
019729_804A7B550,0
019729_804EB5D40,0
019729_804F59490,0
019729_805172C10,0
019729_8054AF730,0
019729_8056FC610,0
019729_80571F3A0,0
019729_8057FCAD0,0
019729_805940860,0
019729_805A16BC0,0
019729_806A3EB50,0
019729_806CA1480,0
019729_806D29440,0
019729_806D4A610,0
019729_806F788E0,0
019729_8070B6280,0
019729_807299D50,0
019729_8072C3210,0
019729_8072EC760,0
019729_80732D990,0
019729_807546BE0,0
019729_8075A3E50,0
019729_807D81740,0
019729_807F5A560,0
019729_8081A5C10,0
019729_8085B2FC0,0
019729_8089AF350,0
019729_808A2E010,0
019729_808EA2E60,0
019729_809C0FAA0,0
019729_80A32FB50,0
019729_80B3FE2F0,0
019729_80B4A91F0,0
019729_80BBF78C0,0
019729_80BF94CD0,0
019729_80C250450,0
019729_80C4ED750,0
019729_80C976AC0,0
019729_80C9C5D90,0
019729_80CD4CA70,0
019729_80D1834F0,0
019729_80DAB3430,0
019729_80DE948E0,0
019729_80E097390,0
019729_80E1CED60,0
019729_80E5E3410,0
019729_80EC49740,0
019729_80F2A2350,0
019729_80F7D3E60,0
019729_812F2AC70,0
019729_81332A5B0,0
019740_8067DD4E0,0
019_80A451D30,0
020_80005A6B0,0
020_80005F7B0,0
020_800061190,1
020_8000611E0,0
020_800061BD0,0
020_800061E50,0
020_800064670,0
020_800066610,0
020_8000677F0,0
020_80006A5E0,1
020_8000F1D30,0
020_8000FBBC0,0
020_800101340,0
020_800103610,0
020_80011B370,0
020_800122DC0,0
020_800123E90,0
020_80012BE60,0
020_80012E0B0,1
020_80012E790,0
020_800132B80,0
020_800155690,0
020_800169910,0
020_80016A7E0,0
020_80016AB70,0
020_80016AE10,0
020_8001864F0,0
020_8001AD490,0
020_8001AE2B0,1
020_8001AF050,0
020_8001AF6A0,0
020_8001B0770,1
020_8001B4210,0
020_8001B45B0,0
020_8001B7DB0,0
020_8001C80F0,0
020_8001C97D0,1
020_8001CC830,0
020_8001D5E90,0
020_8001F53D0,0
020_8001FCEE0,0
020_800200510,0
020_8002007A0,0
020_8002012F0,0
020_8002060E0,0
020_80020B840,0
020_80020C5B0,1
020_80022D180,0
020_80022F920,1
020_8002345B0,0
020_800238AA0,0
020_800245000,0
020_8002450A0,0
020_8002516E0,0
020_800259240,0
020_800269A40,0
020_80026E2C0,1
020_80027BE80,0
020_8002838E0,0
020_800284580,0
020_8002881E0,0
020_8002962F0,0
020_800298F90,0
020_80029BF80,0
020_80029C940,0
020_8002A14D0,0
020_8002A65C0,0
020_8002D5F80,0
020_8002DCC40,0
020_8002E4DF0,0
020_8002E5C70,0
020_8002EA2D0,0
020_800329C10,0
020_800352310,0
020_8003599B0,0
020_800383C90,0
020_8003AA3A0,0
020_80041ACD0,0
020_800446740,0
020_8004F4C80,0
020_8004FBA90,0
020_8004FE3E0,0
020_800517F00,0
020_80051FF20,0
020_80053CBF0,0
020_800550BB0,0
020_800595AC0,0
020_800598A80,0
020_8005E5290,0
020_8005E5700,0
020_8006384C0,0
020_80063AF60,0
020_80063D8C0,0
020_80066B990,1
020_8006DC960,0
020_800742DA0,0
020_80074CC70,0
020_8007E6B10,0
020_8007EE280,0
020_8007F99D0,0
020_8007FA190,0
020_8007FBAC0,0
020_800892C20,0
020_800894AB0,0
020_800929E00,0
020_80092BEA0,0
020_80092CE70,0
020_800931230,0
020_800968D40,0
020_800993350,0
020_8009AD7F0,0
020_8009B9D70,0
020_8009BC770,0
020_8009CA350,0
020_8009CC9F0,0
020_800A00580,0
020_800A00F60,0
020_800A09AD0,0
020_800A85830,0
020_800AB7A90,0
020_800ABB090,0
020_800AE2400,0
020_800AED4C0,0
020_800B14740,0
020_800B49FF0,0
020_800B6B3F0,0
020_800B70290,0
020_800BBBEC0,0
020_800BCCF60,0
020_800C66020,0
020_800C707F0,0
020_800C8A340,0
020_800C93330,0
020_800CED4B0,0
020_800D7D080,0
020_800D8D6A0,0
020_800D8E390,0
020_800D96770,0
020_800E47480,0
020_800E61550,0
020_800ED4B40,0
020_800EF63E0,0
020_800F83A10,0
020_800FD1E90,0
020_800FDADE0,0
020_800FDE220,0
020_800FE9280,0
020_80101DF20,0
020_80102A060,0
020_8011099A0,0
020_80110E450,0
020_8011402E0,0
020_8011464B0,0
020_8011A1F10,0
020_8011CADB0,0
020_8011CC3B0,0
020_80120B160,0
020_80121B780,0
020_801257030,0
020_801348AB0,0
020_8013540E0,0
020_8013AB2C0,0
020_8014D8BE0,0
020_8014DEA00,0
020_80150F210,0
020_80151C6A0,0
020_80159ED10,0
020_8016079A0,0
020_801631AB0,0
020_80169AC30,0
020_801898F80,0
020_8018D2310,0
020_801A14080,0
020_801A29950,0
020_801B3CC40,0
020_801C08C10,0
020_801CD3740,0
020_801D2E970,0
020_801D34300,0
020_801D8A150,0
020_801DD1C70,0
020_801DDD010,0
020_801E10520,0
020_801E6B710,0
020_801EC5BA0,0
020_801F97E90,0
020_8020064C0,0
020_80208DAF0,0
020_8020ECCF0,0
020_8021DF1D0,0
020_802353B00,0
020_8023F4F70,0
020_802658B80,0
020_8026775E0,0
020_8026D7FB0,0
020_8028EA980,0
020_8029B5020,0
020_802A29680,0
020_802A534C0,0
020_802B1DF80,0
020_802CE6A40,0
020_802D50A70,0
020_802D9A220,0
020_802DC9F30,0
020_802DE2280,0
020_802E30820,0
020_802EF94D0,0
020_802F3E800,0
020_802F6B510,0
020_803E81B90,0
020_80507A9C0,0
020_80528B810,0
020_805291CA0,0
020_80583E4E0,0
020_805AD52E0,0
020_805B024B0,0
020_80679F510,0
020_8067B05D0,0
020_806811580,0
020_8068BD8A0,0
020_80693E160,0
020_806981AC0,0
020_806E68210,0
020_80733EB60,0
020_80796EC10,0
020_807AB6D10,0
020_807ADFA90,0
020_807AF2F90,0
020_8080CA820,0
020_80822F5B0,0
020_808631650,0
020_809A2BB10,0
020_80A09EE40,0
020_80B378570,0
020_80B480ED0,0
020_80BA3C410,0
020_80BAE6690,0
020_80BF4F120,0
020_80C8D7670,0
020_80D23E8B0,0
020_80D24A280,0
020_80DD4EE60,0
020_80E66D510,0
020_80E7B3330,0
020_810963670,0
020_810976820,0
020_810FDE460,0
020_812740510,0
0210404_803D3B750,0
0210404_803F8A050,0
0210404_80426EAE0,0
0210404_8044FA580,0
0210404_8045BE740,0
0210404_804D2F650,0
0210404_805118180,0
0210404_8053EC5D0,0
0210404_805411610,0
0210404_805448AC0,0
0210404_80571A440,0
0210404_8059A09C0,0
0210404_805BA1E10,0
0210404_805FF3A60,0
0210404_80603BF00,0
0210404_80603C620,0
0210404_8061869B0,0
0210404_806445760,0
0210404_806A49C60,0
0210404_806CE54B0,0
0210404_806D29250,0
0210404_8072E34D0,0
0210404_8072F6450,0
0210404_8073937D0,0
0210404_8075EC7B0,0
0210404_807C96740,0
0210404_807D16E50,0
0210404_807EBA720,0
0210404_807ECBCA0,0
0210404_807F1EF20,0
0210404_809C29470,0
0210404_80A3285F0,0
0210404_80A39C750,0
0210404_80AC15F30,0
0210404_80AEB34C0,0
0210404_80AFB07E0,0
0210404_80B07E0B0,0
0210404_80B556BE0,0
0210404_80BC2A1D0,0
0210404_80BD8A5E0,0
0210404_80C275140,0
0210404_80C31F840,0
0210404_80CAC98B0,0
0210404_80CD8A0B0,0
0210404_80D172280,0
0210404_80D271740,0
0210404_80D2D10E0,0
0210404_80D302A10,0
0210404_80D5563D0,0
0210404_80D961470,0
0210404_80E491E70,0
0210404_80EF25D90,0
0210404_80F2C3570,0
0210404_80FFC30A0,0
0210404_8107683F0,0
0210404_8111B6F80,0
0210404_812A344B0,0
0210404_812EDF760,0
0210404_813325D60,0
0210404_813831670,0
0210404_813948D90,0
0210404_8139926B0,0
0210404_813FCF340,0
0210431_803CE88E0,0
0210431_803D29940,0
0210431_8042E4640,0
0210431_804346220,0
0210431_804478160,0
0210431_8047174A0,0
0210431_804789C40,0
0210431_804879130,1
0210431_804E32BD0,0
0210431_8051303E0,0
0210431_80533F010,0
0210431_8053E4620,0
0210431_805497E10,1
0210431_805767280,0
0210431_805796AE0,0
0210431_8058460C0,0
0210431_80595C650,0
0210431_805BBC7A0,0
0210431_805C914A0,0
0210431_806244E60,0
0210431_8063FAD30,0
0210431_806713B70,0
0210431_8069D61C0,0
0210431_806E7DBC0,0
0210431_80715DC50,0
0210431_8077660D0,0
0210431_807B54E00,0
0210431_807C1D140,0
0210431_808048420,0
0210431_808075C90,0
0210431_80AE12240,0
0210431_80AEB3780,0
0210431_80B426070,0
0210431_80B5106C0,0
0210431_80BA1E5F0,0
0210431_80BAB1460,0
0210431_80BD4D9D0,0
0210431_80C7A9840,0
0210431_80E3687B0,0
0210431_80E6A0640,0
0210431_80E78B360,0
0210431_80ED3FCF0,0
0210431_80ED45630,0
0210431_81053CAA0,0
0210431_8110EADB0,0
0210431_811C6E820,0
0210431_81273D0B0,0
0210575_804717450,0
0210575_80495B990,0
0210575_805080990,0
0210575_805120500,0
0210575_805585E80,0
0210575_805821020,0
0210575_8058362A0,0
0210575_8059EE2D0,0
0210575_8062E6160,0
0210575_8067DAA90,0
0210575_8068A15B0,0
0210575_8068E7510,0
0210575_8069E4F20,0
0210575_806CA74D0,0
0210575_806E68C60,0
0210575_80747CD80,0
0210575_8080CB120,0
0210575_8082FF240,0
0210575_80831DF80,0
0210575_8088EF750,0
0210575_808A4F6C0,0
0210575_808E1DD10,0
0210575_809005F90,0
0210575_80941A070,0
0210575_80954E9F0,0
0210575_8097FFB50,0
0210575_80A2342A0,0
0210575_80A622EA0,0
0210575_80B67E8C0,0
0210575_80B6A11E0,0
0210575_80B9B4B30,0
0210575_80BF3DE10,0
0210575_80D40F710,0
0210575_80E3C11C0,0
0210575_80EC03910,0
0210575_80ECD09E0,0
0210575_80ECFF1A0,0
0210575_80ED80630,0
0210575_80FACB5E0,0
0210575_8102BDAD0,0
0210575_8106D10B0,0
0210575_811996A80,0
0210575_812637F10,0
0210617_80205F0E0,0
0210617_8020705B0,0
0210617_804932EA0,0
0210617_804958DE0,0
0210617_804A61080,0
0210617_80507C030,0
0210617_8051087D0,0
0210617_8051B7650,0
0210617_805378150,0
0210617_805A43B60,0
0210617_805AC9230,0
0210617_805B659B0,0
0210617_805BA02D0,0
0210617_805BCBF80,0
0210617_805FB4490,0
0210617_80663DF60,0
0210617_80687ABD0,0
0210617_8068DA0F0,0
0210617_807460660,0
0210617_80763EB70,0
0210617_807777410,0
0210617_8078258E0,0
0210617_80797FDE0,0
0210617_8080B7B70,0
0210617_8081BD2C0,0
0210617_808432530,1
0210617_808526FF0,0
0210617_8093B7D50,0
0210617_8093DD3C0,0
0210617_809402330,0
0210617_809FF0BD0,0
0210617_80A67E8F0,0
0210617_80A68AA80,0
0210617_80A902C10,0
0210617_80AF410B0,0
0210617_80BA967B0,0
0210617_80D4DB6A0,0
0210617_80D537E20,0
0210617_80D9B2F20,0
0210617_80DE65FA0,0
0210617_80E2FFA20,0
0210617_80E7C2770,0
0210617_80ED85AE0,0
0210617_80F33F700,0
0210617_810287B80,0
0210617_8108545D0,0
0210617_810B2AA70,0
0210617_810B2C770,0
0210617_811A913D0,0
0210617_811AED6C0,0
0210617_81257C420,0
0210617_81315FA40,0
0210617_81416B430,0
0210829_804292850,0
0210829_804332460,0
0210829_8043852C0,0
0210829_805321D30,0
0210829_8067D83F0,0
0210829_806806FB0,0
0210829_806C23520,0
0210829_807A9F8C0,0
0210829_807AB6EF0,0
0210829_80847C460,0
0210829_8088F2CF0,0
0210829_80BFB8D10,1
0210829_80C525480,0
0210829_80D6569E0,0
0210829_80DE1A570,0
0210829_80DEC1450,0
0210829_80E272940,0
0210829_80E3EF820,0
0210829_80EF0D7A0,0
0210829_80F25F7E0,0
0210829_80F7B1740,0
0210829_810C2AC80,0
0210829_810F6A330,0
0210829_8121171A0,0
0210829_8126674F0,0
0211050_8041E1B60,0
0211050_804263FF0,0
0211050_80482F9F0,0
0211050_80484DFC0,0
0211050_804867690,0
0211050_804ECE7E0,0
0211050_804F2AB10,0
0211050_805177280,0
0211050_8051D05C0,0
0211050_8051D0940,0
0211050_8055ABC80,0
0211050_805649AD0,0
0211050_805A502F0,0
0211050_805A5D060,0
0211050_805A5D061,0
0211050_805A62660,0
0211050_805BB87A0,0
0211050_805EDFBF0,0
0211050_8062FDF10,0
0211050_806574120,0
0211050_80685A510,0
0211050_806BFFF60,0
0211050_8070B5B90,0
0211050_80722B9E0,0
0211050_807555060,0
0211050_8075D6480,0
0211050_807810DD0,0
0211050_8079DEB60,0
0211050_807A47130,0
0211050_807CB0E30,0
0211050_807FD06B0,0
0211050_808255990,0
0211050_8082B3D70,0
0211050_8088CD930,0
0211050_809053970,0
0211050_8091DFF50,0
0211050_80A4D73A0,0
0211050_80A528B70,0
0211050_80A84D910,0
0211050_80AE5CF70,0
0211050_80AEF5310,0
0211050_80B28E930,0
0211050_80B8A9F20,0
0211050_80CA820D0,0
0211050_80D11DA10,0
0211050_80D397EB0,0
0211050_80E24B8B0,0
0211050_80E5735B0,0
0211050_80EBA6BD0,0
0211050_80F63C650,0
0211050_810E4F560,0
0211050_811096E30,0
0211050_811145080,0
0211050_8111697B0,0
0211050_811BDD780,0
0211050_813A914A0,0
0211050_8141A2750,0
0211075_80409F8E0,0
0211075_8040F65A0,0
0211075_8042372C0,0
0211075_80426A500,0
0211075_8043AB8E0,0
0211075_804581D70,0
0211075_8048506A0,0
0211075_8048FA630,0
0211075_804CE7180,0
0211075_804D22B10,0
0211075_804EFFD60,0
0211075_80520CAE0,0
0211075_805E02D20,0
0211075_805E12C00,0
0211075_806043270,0
0211075_806267C20,0
0211075_8066D15B0,0
0211075_806741D30,0
0211075_806844C00,0
0211075_8071029C0,0
0211075_80720B970,0
0211075_807302630,0
0211075_8086F0560,0
0211075_808894B50,0
0211075_808A65560,0
0211075_808BC2E50,0
0211075_808E871C0,0
0211075_808EB28D0,0
0211075_80946ABC0,0
0211075_809FD5690,0
0211075_80A15DD10,0
0211075_80A52C8D0,0
0211075_80A585CE0,0
0211075_80AE05190,0
0211075_80B2625B0,0
0211075_80B4CDD30,0
0211075_80C5EE540,0
0211075_80C8F9FD0,0
0211075_80D1FA630,0
0211075_80DACF930,0
0211075_80E0ED4E0,0
0211075_80E32CB20,0
0211075_80EBBD050,0
0211075_80FBF5F50,0
0211075_80FE8D220,0
0211075_810DB5A80,0
0211075_810E66460,0
0211075_8118C2650,0
0211075_811A8EA10,0
0211075_812B81360,0
0211075_812B962F0,0
0211075_812CDAFB0,0
0211075_812EBCEF0,0
0211075_8130B5DF0,0
0211075_813455840,0
0211075_813EF5970,0
0211164_804330BC0,0
0211164_80433C0C0,0
0211164_8048D0A80,0
0211164_804984720,0
0211164_804DCEB30,0
0211164_804EDC250,0
0211164_80506DB10,0
0211164_8052826E0,0
0211164_805760870,0
0211164_805794670,0
0211164_806706CF0,0
0211164_8067DCA70,0
0211164_8069120D0,0
0211164_807097110,0
0211164_80719D4C0,0
0211164_80785F050,0
0211164_807973350,0
0211164_807CC7310,0
0211164_807E23BA0,0
0211164_8081975F0,0
0211164_8088FF430,0
0211164_808FE8970,0
0211164_80954DAE0,0
0211164_80A5E8660,0
0211164_80B2FC2C0,0
0211164_80B5E6AB0,0
0211164_80C56DF00,0
0211164_80C8AA240,0
0211164_80E783F80,0
0211164_80F60BAF0,0
0211164_8102D8FA0,0
0211164_8103763C0,0
0211164_81251F6C0,0
0211164_812756560,0
0211212_8041EB080,0
0211212_80424EE40,0
0211212_8044CA930,0
0211212_80451A1D0,0
0211212_80476B860,0
0211212_80498E7E0,0
0211212_804BA4CE0,0
0211212_804DE24A0,0
0211212_804ED9A60,0
0211212_805101850,0
0211212_8052C9460,0
0211212_8054AA1D0,0
0211212_8054B60B0,0
0211212_8058C07D0,0
0211212_805926A00,0
0211212_805A936C0,0
0211212_805A98930,0
0211212_805DD7410,0
0211212_806034420,0
0211212_8061A1D80,0
0211212_80649BA20,0
0211212_806526610,0
0211212_80684C220,0
0211212_8069CF140,0
0211212_806A6D240,0
0211212_80709B770,0
0211212_8073EBD90,0
0211212_8075FD4D0,0
0211212_8083600F0,0
0211212_80851F9A0,0
0211212_809532470,0
0211212_809BBBFF0,0
0211212_809BFD380,0
0211212_809E73330,0
0211212_809F15060,0
0211212_809F98410,0
0211212_80BFF1010,0
0211212_80C336F90,0
0211212_80CD8ECD0,0
0211212_80CEA7250,0
0211212_80D045E30,0
0211212_80D11E4C0,0
0211212_80D3A8AB0,0
0211212_80D440C30,0
0211212_80DA21950,0
0211212_80E74CB50,0
0211212_80EFEDDA0,0
0211212_80FE80B10,0
0211212_80FF390D0,0
0211212_810D09C60,0
0211212_811C60F40,0
0211212_811CB1650,0
0211212_8132DCED0,0
021174_8006A41D0,0
021174_8006A4E20,0
021174_8006D12B0,0
021174_8006D3500,0
021174_800707BA0,0
021174_800714B20,0
021174_800737690,1
021174_800738670,0
021174_800762C80,0
021174_800772C00,0
021174_8007888E0,0
021174_80078FAB0,0
021174_8007D4830,0
021174_800809400,0
021174_80080DE30,0
021174_800812760,0
021174_800814120,0
021174_800824C10,0
021174_800846280,0
021174_8008A7F90,0
021174_8008BD390,0
021174_8008DB2D0,0
021174_8008DD950,0
021174_8008F0D20,0
021174_800904EE0,0
021174_8009F0F20,0
021174_800A5F6C0,0
021174_800A654C0,0
021174_800A6AEB0,0
021174_800B26190,0
021174_800B27A10,0
021174_800B54E00,0
021174_800B76DD0,0
021174_800B76DD1,0
021174_800C00220,0
021174_800C03E00,0
021174_800C214A0,0
021174_800C2FDB0,0
021174_800C40EA0,0
021174_800C55560,0
021174_800C9E200,0
021174_800CBC790,0
021174_800D717A0,0
021174_800DD01C0,0
021174_800F08F60,0
021174_800F33710,0
021174_800FC5530,0
021174_8010DAA30,0
021174_8010E8B10,0
021174_8011A3AC0,0
021174_801256040,0
021174_80125A0B0,0
021174_80127C4F0,0
021174_8012BFD70,0
021174_801309590,0
021174_801344FE0,0
021174_801371240,0
021174_80138AA40,0
021174_801435A80,0
021174_801435A81,0
021174_80146F3B0,0
021174_8014D5130,0
021174_8014F6D80,0
021174_80152C780,0
021174_80165FD50,0
021174_8017D2CD0,0
021174_801886770,0
021174_80188C6E0,0
021174_8019FFDC0,0
021174_801A89A50,0
021174_801AC65C0,0
021174_801B69360,0
021174_801CB3F70,0
021174_801DC8090,0
021174_801EB6BA0,0
021174_8020150C0,0
021174_802244D50,0
021174_802251F70,0
021174_802253A00,0
021174_802398D20,0
021174_80246B8F0,0
021174_8024B2F80,0
021174_8026A8BA0,0
021174_802779920,0
021174_8029FBF10,0
021174_802A1F5B0,0
021174_802AB30C0,0
021174_802B3E4F0,0
021174_802B543E0,0
021174_802B97650,0
021174_802C27240,0
021174_802C5EA50,0
021174_802F6C1B0,0
021174_802FD6350,0
021174_8032BC050,0
021174_8033F9AB0,0
021174_8035318D0,0
021174_80374E000,0
021174_8037DAA60,0
021174_8039BBBD0,0
021174_803D594B0,0
021174_803D62D30,0
021174_803E41E60,0
021174_803FFC330,0
021174_803FFFD00,0
021174_8042E0040,0
021174_8044584F0,0
021174_80445D0B0,0
021174_804575480,0
021174_804B37B80,0
021174_804B37B81,0
021174_804DC4A40,0
021174_80500CF30,0
021174_805158710,0
021174_8051B1A50,0
021174_8051CF900,0
021174_8057C3790,0
021174_8057DE380,0
021174_80592D310,0
021174_805A8FC90,0
021174_805D75620,0
021174_805EEE160,0
021174_806044840,0
021174_8063CEB70,0
021174_80670CA40,0
021174_806D4A6B0,0
021174_80718DBC0,0
021174_808383B20,0
021174_8087878F0,0
021174_808ED1680,0
021174_809A64BA0,0
021174_80A0D9530,0
021174_80A31DF40,0
021174_80A31EB20,0
021174_80A3F9EE0,0
021174_80AAC6440,0
021174_80B6D6410,0
021174_80BD54A40,0
021174_80BD9E350,0
021174_80BDB20B0,0
021174_80BFEF510,0
021174_80C0D7270,0
021174_80CBDB2F0,0
021174_80CD61970,0
021174_80D3A4720,0
021174_80D659830,0
021174_80D7CA1D0,0
021174_80DAE10B0,0
021174_80DC89AD0,0
021174_80DF8CA20,0
021174_80E82C190,0
021174_80FE4B8B0,0
021174_80FE6FA90,0
021174_810506890,0
021174_81092DB60,0
021174_810AC8590,0
021174_8113E0700,0
021174_8119E4040,0
021174_811CCBA60,0
021174_811E6FAE0,0
021174_812A9A5A0,0
021174_813359540,0
021174_8135EBF90,0
021174_8140ED710,0
021174_8141EE300,0
021174_81472C010,0
0212048_8046B84F0,0
021258_80071BE60,0
021258_800757D50,0
021258_8007588D0,0
021258_80075A2F0,0
021258_800760A40,0
021258_800771390,0
021258_800782410,0
021258_8007915D0,0
021258_800797980,0
021258_80081C7B0,0
021258_800823BA0,0
021258_80083AB10,0
021258_80088E940,0
021258_8008BC5C0,0
021258_8008D2460,0
021258_8008FDCA0,0
021258_800980300,0
021258_8009F2140,0
021258_8009F8AC0,0
021258_800A2B060,0
021258_800A36B70,0
021258_800A66AF0,0
021258_800A882D0,0
021258_800AC9200,0
021258_800B569F0,0
021258_800B5EEF0,0
021258_800BFA6D0,0
021258_800C3DEA0,0
021258_800C993F0,0
021258_800CCB4A0,0
021258_800CD23A0,0
021258_800D074D0,0
021258_800D2DC00,0
021258_800D38650,0
021258_800D4B340,0
021258_800DB92A0,0
021258_800DC04D0,0
021258_800DCB690,0
021258_800E33AB0,0
021258_800E965A0,0
021258_800E99650,0
021258_800EC6AF0,0
021258_800F6B280,0
021258_800F72A70,0
021258_800F8CAC0,0
021258_800FBC040,0
021258_800FBD740,0
021258_800FCB960,0
021258_800FFC720,0
021258_801049680,0
021258_8010D1D00,0
021258_8010D2DD0,0
021258_80111EA50,0
021258_80111F6A0,0
021258_801128A30,0
021258_801221EC0,0
021258_80125F640,0
021258_801266A00,0
021258_8012B9F10,0
021258_8013188D0,0
021258_801392560,0
021258_8015BA3E0,0
021258_8016E3400,0
021258_8017F3A80,0
021258_8018068F0,0
021258_801885EB0,0
021258_801A10290,0
021258_801A3E050,0
021258_801A64AC0,0
021258_801B67EB0,0
021258_801BF3BE0,0
021258_801E8D9A0,0
021258_801EED2E0,0
021258_801F2E6D0,0
021258_80204AE00,0
021258_80224DC80,0
021258_8022D4010,0
021258_8023FB910,0
021258_8024BC470,0
021258_802557AF0,0
021258_8028E8460,1
021258_80290DCC0,0
021258_802AB01E0,0
021258_802C14290,0
021258_802C1DB30,0
021258_802CC8490,0
021258_802CCE990,0
021258_802E00E90,0
021258_802E79260,0
021258_802E83AA0,0
021258_802ED5130,0
021258_8030ADF20,0
021258_803383E10,0
021258_80342DC10,0
021258_803490D20,0
021258_8034EC350,0
021258_803531C50,0
021258_8037BADC0,0
021258_8037BBC60,0
021258_8038DE530,0
021258_803E87190,0
021258_8043B1820,0
021258_80474D8D0,0
021258_804873F00,0
021258_804E98C50,0
021258_80504F7B0,0
021258_80515EA70,0
021258_8051B9840,0
021258_8053EDE30,0
021258_8054B9140,0
021258_8055A7D50,0
021258_805F8C2D0,0
021258_8066A3C40,0
021258_80671EE80,0
021258_8069A4E10,0
021258_806A5D7E0,0
021258_806A69B30,0
021258_806D18550,0
021258_806DACE50,0
021258_806E61190,0
021258_807028770,0
021258_807213EF0,0
021258_8073465E0,0
021258_807543EC0,0
021258_8079EF190,0
021258_8081AD0F0,0
021258_8082E6B90,0
021258_808594A70,0
021258_8089975F0,0
021258_808D46840,0
021258_808F910F0,0
021258_80973C3C0,0
021258_8099AE780,0
021258_80A0191F0,0
021258_80AA81AE0,0
021258_80AF7B1B0,0
021258_80B0C9F10,0
021258_80B69E110,0
021258_80BE3D920,0
021258_80BF3E0A0,0
021258_80C179B60,0
021258_80C61D560,0
021258_80C7B1FE0,0
021258_80CE2CB40,0
021258_80D2096A0,0
021258_80D5B2F50,0
021258_80DFDCD10,0
021258_80E0D0C10,0
021258_80E1CEEF0,0
021258_80E4AF480,0
021258_80F0916E0,0
021258_80FA62060,0
021258_80FE6F7C0,0
021258_80FE76510,0
021258_810569840,0
021258_810777EE0,0
021258_8109FCBD0,0
021258_8111677A0,0
021258_811A5F9E0,0
021258_812F80A70,0
021258_813120600,0
021258_813695570,0
021258_8139C72A0,0
0212_8000497F0,0
0212_8076B4EF0,0
0212_807ED7D90,0
0213137_80556CED0,0
0213137_80557F570,0
0213137_8057FFDE0,0
0213137_805B13630,0
0213137_80623E8C0,0
0213137_8067DAF40,0
0213137_80698D160,0
0213137_8069B75C0,0
0213137_8071FDDC0,0
0213137_8072D8590,0
0213137_80791A610,0
0213137_80792C730,0
0213137_807B5DCF0,0
0213137_807BD1E60,0
0213137_80804D7D0,0
0213137_808089590,0
0213137_80811EBF0,0
0213137_808193BC0,0
0213137_808DF9A40,0
0213137_80941A3E0,0
0213137_809768EF0,0
0213137_809776980,0
0213137_80A6954C0,0
0213137_80B912E20,0
0213137_80B9959A0,0
0213137_80BA9FFF0,0
0213137_80BCFDFB0,0
0213137_80BFDFC50,0
0213137_80C21B2F0,0
0213137_80D1E8260,0
0213137_80E78B080,0
0213137_80EC04BC0,0
0213137_80FEFB100,0
0213137_810C28100,0
0213137_8121BEB80,0
0213137_8125053E0,0
0213137_814477070,0
0213580_802B955D0,0
0213580_804E8CF10,0
0213580_805129C60,0
0213580_8052F3150,0
0213580_8053030E0,0
0213580_8057CDBF0,0
0213580_8059CFC90,0
0213580_805A55660,0
0213580_805B263C0,0
0213580_805B36EB0,0
0213580_805DACC30,0
0213580_805E17E70,0
0213580_80606A810,0
0213580_8064F5320,0
0213580_806A8CA90,0
0213580_806CB0800,0
0213580_807010C80,0
0213580_8072C7170,0
0213580_807BA0E40,0
0213580_807D224E0,0
0213580_807D67300,0
0213580_807EA9CE0,0
0213580_80809F760,0
0213580_8089A9380,0
0213580_808FCFDA0,0
0213580_809C1F3F0,0
0213580_809F36F40,0
0213580_80A724710,0
0213580_80A93F9E0,0
0213580_80AD5FD00,0
0213580_80B61DFF0,0
0213580_80C907770,0
0213580_80D3997D0,0
0213580_80D742750,0
0213580_80D744690,0
0213580_80D974D60,0
0213580_80E4018E0,0
0213580_80FD96860,0
0213580_8105C40B0,0
0213580_810B2A020,0
0213580_81145B840,0
0213580_8122D5490,0
0213580_8123CC980,0
0213580_8130BAED0,0
0213580_8132DDD70,0
0213580_813450420,0
0213704_805107AA0,0
0213704_8051E4440,0
0213704_805353420,0
0213704_805798C00,0
0213704_805E1C440,0
0213704_805EB28E0,0
0213704_805FFD5B0,0
0213704_8066C6A50,0
0213704_80672E9D0,0
0213704_806A81320,0
0213704_806FE0E90,0
0213704_80758B350,0
0213704_80777EA80,0
0213704_8079C39F0,0
0213704_807A1EFC0,0
0213704_807CA9900,0
0213704_807F68460,0
0213704_807FEEB20,0
0213704_808205DC0,0
0213704_808250CB0,0
0213704_8082E4CE0,0
0213704_8084EDA70,0
0213704_808E84520,0
0213704_808EAE7C0,0
0213704_808ED71C0,0
0213704_8090498A0,0
0213704_809715D50,0
0213704_809C13EB0,0
0213704_809C74CD0,0
0213704_80AACFEF0,0
0213704_80AB25530,0
0213704_80AE2D530,0
0213704_80B27C220,0
0213704_80B4D1E90,0
0213704_80B6DFBC0,0
0213704_80B9BC2C0,0
0213704_80C25E380,0
0213704_80CB63160,0
0213704_80CEA7790,0
0213704_80D8D2500,0
0213704_80E1D68C0,0
0213704_80E24B680,0
0213704_80E4A8B60,0
0213704_80FE44BD0,0
0213704_8101D47E0,0
0213704_810329780,0
0213704_810AFEA00,0
0213704_810B330C0,0
0213704_8112F0870,0
0213704_8118CAC60,0
0213704_811CE1870,0
0213704_8129F1390,0
0213704_812FFCE20,0
0213704_81360F390,0
0213704_8146F1610,0
0213737_80521F470,0
0213737_805E77100,0
021381_8035BA3F0,0
021381_8038BAD40,0
021387_800510A60,0
021387_8007DE630,0
021387_8007E3290,0
021387_8007E5730,0
021387_8007EA4D0,0
021387_8007F0E20,0
021387_8007F19A0,0
021387_800861D00,0
021387_8008AA520,0
021387_8008AE690,0
021387_8008B94E0,0
021387_800914C60,0
021387_800924750,0
021387_800927EE0,0
021387_80098B010,0
021387_800998AC0,0
021387_80099ECB0,0
021387_8009C95B0,0
021387_800A15080,0
021387_800A19210,0
021387_800A20550,0
021387_800A22050,0
021387_800A256B0,0
021387_800A672C0,0
021387_800AB83A0,0
021387_800AB9660,0
021387_800AE3A40,0
021387_800AE4B10,0
021387_800AEB5A0,0
021387_800B10B00,0
021387_800B14C40,0
021387_800B66070,0
021387_800B947D0,0
021387_800C790E0,0
021387_800CA51E0,0
021387_800D91110,0
021387_800D92330,0
021387_800DDFEA0,0
021387_800E066F0,0
021387_800E39C20,0
021387_800E403C0,0
021387_800E50400,0
021387_800ECCB50,0
021387_800EF6ED0,0
021387_80100FA20,0
021387_8010154A0,0
021387_80101E2F0,0
021387_801020310,0
021387_801044680,0
021387_80107C580,0
021387_801087FC0,0
021387_8010CBB40,0
021387_801113100,0
021387_801143ED0,0
021387_801146100,0
021387_80120D5D0,0
021387_80131B9A0,0
021387_801349880,0
021387_80134DD20,0
021387_80135D530,0
021387_8013A22F0,0
021387_8013A29E0,0
021387_8013FC230,0
021387_801474350,0
021387_8014A6570,0
021387_8014C0E90,0
021387_8014E2DB0,0
021387_80150F260,0
021387_801532B90,0
021387_801543770,0
021387_801595650,0
021387_8016876B0,0
021387_8016B5FD0,0
021387_8016C7DD0,0
021387_80178B620,0
021387_8018B4350,0
021387_8018F8400,0
021387_801909960,0
021387_801ADDA10,0
021387_801BCC280,0
021387_801C786A0,0
021387_801C97990,0
021387_801D899C0,0
021387_801DCCA20,0
021387_801E50CA0,0
021387_801F949C0,0
021387_801FDDA70,0
021387_802064090,0
021387_8020765B0,0
021387_8020E0F30,0
021387_8021A3BC0,0
021387_80220F830,0
021387_8023C63B0,0
021387_8024FDE00,0
021387_8026397E0,0
021387_80273AE60,0
021387_802790380,0
021387_8028D9A50,0
021387_802A1E430,0
021387_802A4E900,0
021387_802B2B980,0
021387_802BE9600,0
021387_802BF3C10,0
021387_802DBE040,0
021387_802EA3160,0
021387_802F080C0,0
021387_802F5F5A0,0
021387_803158350,0
021387_80326C840,0
021387_8032C1B50,0
021387_803368F40,0
021387_8033BE9D0,0
021387_803730060,0
021387_803B30150,0
021387_803BACC90,0
021387_8043E9E70,0
021387_804892080,0
021387_8049194A0,0
021387_804A919A0,0
021387_8052907E0,0
021387_805A94970,0
021387_805EC0820,0
021387_806391840,0
021387_8067E18B0,0
021387_80682BAB0,0
021387_806C0C120,0
021387_806C40440,0
021387_806CBFA20,0
021387_8075E3EB0,0
021387_807B7C980,0
021387_807C05DC0,0
021387_807F28C10,0
021387_809BC5A90,0
021387_80A329AC0,0
021387_80A757B70,0
021387_80AC1EEA0,0
021387_80B2FC620,0
021387_80B3BD7E0,0
021387_80B5FB3A0,0
021387_80B6BD740,0
021387_80B9F1110,0
021387_80BB0BA30,0
021387_80CA27D00,0
021387_80D3E6510,0
021387_80DCD4170,0
021387_80DE0A9B0,0
021387_80E4D12E0,0
021387_80E699940,0
021387_80FB967B0,0
021387_8103206D0,0
021387_81071F9D0,0
021387_810E24240,0
021387_811649280,0
021387_812165D20,0
0213952_8056F7800,0
0213952_8056F7850,0
0213952_80570F4C0,0
0213952_8057BD040,0
0213952_805F99EA0,0
0213952_805F99EA1,0
0213952_806028060,0
0213952_80631A410,0
0213952_80637A260,0
0213952_806382860,0
0213952_8063D71E0,0
0213952_806A99280,0
0213952_806C5F540,0
0213952_806D47B10,0
0213952_80721AD60,0
0213952_807A802D0,0
0213952_807D28060,0
0213952_807EBD0E0,0
0213952_807F67030,0
0213952_808251C00,0
0213952_808306DD0,0
0213952_8084FDDB0,0
0213952_8087BB820,0
0213952_8098EE1B0,0
0213952_80A4E2B90,0
0213952_80A57AFE0,0
0213952_80A711320,0
0213952_80B908A40,0
0213952_80BDCE2C0,0
0213952_80C043330,0
0213952_80CD7E3B0,0
0213952_80CDA8170,0
0213952_80D104730,0
0213952_80D276B50,0
0213952_80D3E3E90,0
0213952_80D6E52B0,0
0213952_80D7E3170,0
0213952_80D958810,0
0213952_80DA50C60,0
0213952_80DDC0090,0
0213952_80DF210B0,0
0213952_80DF42CF0,0
0213952_80E08AF40,0
0213952_80E0FFA40,0
0213952_81077E310,0
0213952_811233A00,0
0213952_8118BC820,0
0213952_811F4E7C0,0
0213952_81219EFA0,0
0213952_8122BFF10,0
0213952_812339EE0,0
0213952_8123C8050,0
0213952_812625DE0,0
0213952_8128136B0,0
0213952_812B6F310,0
0213952_813483C00,0
0213952_813F6D4D0,0
0213_809107680,0
0213_8096E66F0,0
0213_80B712600,0
0213_80BD2EDA0,0
0214100_80595D530,0
0214100_8077BBA90,0
0214100_8077F3FB0,0
0214100_8078F6300,0
0214100_8079580F0,0
0214100_8079DF8C0,0
0214100_807B6AA50,0
0214100_807D06870,0
0214100_807FF3340,0
0214100_808007480,0
0214100_80858F1D0,0
0214100_80888FE90,0
0214100_808B81B10,0
0214100_808BB37F0,0
0214100_808DF7650,0
0214100_80A096A80,0
0214100_80A8E3230,0
0214100_80AF0F9B0,0
0214100_80BAF7FC0,0
0214100_80BB2E170,0
0214100_80BCC61B0,0
0214100_80BCDB8B0,1
0214100_80C532180,0
0214100_80D6070F0,0
0214100_80E486DA0,0
0214100_80F881AC0,0
0214100_810B27140,0
0214100_810C166C0,0
0214100_810D88EB0,0
0214100_810DCC110,0
0214100_811C62C00,0
0214100_81249A280,0
0214100_812661010,0
0214100_8134CF8F0,0
0214308_805529DF0,0
0214322_805F002A0,0
0214322_806824700,0
0214322_8068A83D0,0
0214322_806A0F0E0,0
0214322_806C190A0,0
0214322_806FDEA90,0
0214322_80719BA00,0
0214322_807B4EEA0,0
0214322_807F1A120,0
0214322_807FD0180,0
0214322_808469760,0
0214322_808DF8F10,0
0214322_809A1C7F0,0
0214322_80A661180,0
0214322_80A76C6E0,0
0214322_80A8DC640,0
0214322_80AB488C0,0
0214322_80ACEE9E0,0
0214322_80AF00BE0,0
0214322_80B566960,0
0214322_80B6B0300,0
0214322_80B79FC20,0
0214322_80B7CDC40,0
0214322_80B912760,0
0214322_80BA14410,0
0214322_80BB2F160,0
0214322_80C6349C0,0
0214322_80E088530,0
0214322_80E0C94E0,0
0214322_80E7B0720,0
0214322_80F10A480,0
0214322_80F7A4D80,0
0214322_80FBB5710,0
0214322_81028CFD0,0
0214322_810F9F610,0
0214322_811064410,0
0214322_811CF9FC0,0
0214322_812022CA0,0
0214322_812215A40,0
0214322_812BBDF20,0
0214609_8056FCAA0,0
0214609_805928A50,0
0214609_805A84960,0
0214609_805CDC300,0
0214609_805DDD220,0
0214609_80602F380,0
0214609_807379F90,0
0214609_8073C1DC0,0
0214609_807EAAB00,0
0214609_807F55940,0
0214609_80870ED20,0
0214609_808779A80,0
0214609_8097B0C80,0
0214609_809C3E9F0,0
0214609_80A0D2DD0,0
0214609_80A77E740,0
0214609_80B49C830,0
0214609_80B6AAC40,0
0214609_80BF87040,0
0214609_80BFE7180,0
0214609_80BFECD30,0
0214609_80C370100,0
0214609_80CD7B110,0
0214609_80D2C08C0,0
0214609_80D5051D0,0
0214609_80D7BF1C0,0
0214609_80DE8A6C0,0
0214609_80E01C680,0
0214609_80E43CCD0,0
0214609_80E4AE6A0,0
0214609_80E77C750,0
0214609_80F887ED0,0
0214609_8100C8D60,0
0214609_810B40E70,0
0214609_810E8C2C0,0
0214609_8111E8C40,0
0214609_81172FA20,0
0214609_811A37FE0,0
0214609_812821BC0,0
0214609_812DCC520,0
0214609_8147913A0,0
0214615_805527150,0
0214615_8059EB710,0
0214615_805BE2B50,0
0214615_806037F70,0
0214615_8061D2BD0,0
0214615_806411C90,0
0214615_8066D8BE0,0
0214615_806833390,0
0214615_806859720,0
0214615_806CA85A0,0
0214615_806CDFAA0,0
0214615_806E8B0B0,0
0214615_8073563C0,0
0214615_8073C29D0,0
0214615_8075AB220,1
0214615_8079E2720,0
0214615_807B7F7C0,0
0214615_807D79DD0,0
0214615_8081D4650,0
0214615_80833AFA0,0
0214615_808596320,0
0214615_8091E3D30,0
0214615_809218800,0
0214615_8092EC4D0,0
0214615_8094A08D0,0
0214615_809718D80,0
0214615_8098BB920,0
0214615_809BAD840,0
0214615_809BB2D50,0
0214615_80A5799E0,0
0214615_80A64BE20,0
0214615_80A768F50,0
0214615_80AAA6900,0
0214615_80AE1A170,0
0214615_80B1B6A30,0
0214615_80B262980,0
0214615_80B8E4E30,0
0214615_80BB01A70,0
0214615_80BF6F620,0
0214615_80C09F190,0
0214615_80CD7B920,0
0214615_80D637600,0
0214615_80D7C9DD0,0
0214615_80DEFF720,0
0214615_80DF1C220,0
0214615_80E31E730,0
0214615_80E41A2E0,0
0214615_80E4BB970,0
0214615_80E58E320,0
0214615_80E780E80,0
0214615_80EF9F5D0,0
0214615_80F2D5230,0
0214615_80F43D210,0
0214615_80FE2CAD0,0
0214615_80FF25C00,0
0214615_81073EF30,0
0214615_810B22690,0
0214615_811169800,0
0214615_81122AD50,0
0214615_8116CAEC0,0
0214615_812914CC0,0
0214615_8130F7090,0
0214615_814189160,0
0214621_803343A50,0
0214621_8058BED90,0
0214621_805A5C9F0,0
0214621_80603F590,1
0214621_806068A60,0
0214621_80642CA10,0
0214621_8064F8790,0
0214621_80668D4C0,0
0214621_80672CD80,0
0214621_806C4D250,0
0214621_8070EC4A0,0
0214621_80711E6F0,0
0214621_80757E230,0
0214621_8077F5A10,0
0214621_807808810,0
0214621_807F55F10,0
0214621_8080DCC00,0
0214621_80824F1E0,0
0214621_8082DC400,0
0214621_808789180,0
0214621_808CFC9B0,0
0214621_808D3E800,0
0214621_808FB74E0,0
0214621_8091D4D20,0
0214621_809362F70,0
0214621_80972F2A0,0
0214621_809C008D0,0
0214621_809C49180,0
0214621_809C70350,0
0214621_80A0113C0,0
0214621_80A6C5960,0
0214621_80A89EA60,0
0214621_80B808720,0
0214621_80B8A83B0,0
0214621_80C2ACFB0,0
0214621_80CF57190,0
0214621_80D1BAA00,0
0214621_80DA324C0,0
0214621_80DC6A640,0
0214621_80DC82700,0
0214621_80DF325A0,0
0214621_80E0669B0,0
0214621_80E271710,0
0214621_80EB23C90,0
0214621_80F2C2C90,0
0214621_80F3ACE30,0
0214621_8102C8320,0
0214621_8105C7370,0
0214621_810EFC7C0,0
0214621_8114CA040,0
0214621_8117662A0,0
0214621_81196A670,0
0214621_813018580,0
0214621_813985A30,0
0215064_80592DA70,0
0215064_805B27E20,0
0215064_805DE0720,0
0215064_80606CC40,0
0215064_8061BF660,0
0215064_8062BAC40,0
0215064_806761860,0
0215064_806CFC540,0
0215064_807213790,0
0215064_807648140,0
0215064_8079DF430,0
0215064_807C88110,0
0215064_807C89F40,0
0215064_8080D8610,0
0215064_808229530,0
0215064_8088C1640,0
0215064_808CF44C0,0
0215064_809F14220,0
0215064_80B38B640,0
0215064_80B6AAA20,0
0215064_80B6C8500,0
0215064_80B743400,0
0215064_80BE3A300,0
0215064_80C3242D0,0
0215064_80C32F410,0
0215064_80C9FF4D0,0
0215064_80CD1EBF0,0
0215064_80D4145B0,0
0215064_80D63CD80,0
0215064_80DF5D6D0,0
0215064_80DF8DEE0,0
0215064_80DFE75C0,0
0215064_80E051910,0
0215064_80E26EBF0,0
0215064_80E483FE0,0
0215064_80ED07550,0
0215064_80EE39990,0
0215064_80F26FB20,0
0215064_80F2BDEE0,0
0215064_80F3CA800,0
0215064_80F5BF5C0,0
0215064_80FD9DF30,0
0215064_810C0A410,0
0215064_811345590,0
0215064_811484E90,0
0215064_8117A1880,0
0215064_8121A5E00,0
0215064_8121CF4B0,0
0215064_8126070E0,0
0215064_812B93440,0
0215064_812F58600,0
0215064_8130F5550,0
0215064_813931080,0
0215064_8143CE990,0
0215064_814443460,0
0215064_81477D400,0
0215242_805F8AF50,0
0215242_8067B0CE0,0
0215242_806895DE0,0
0215242_80690BBB0,0
0215242_80691E670,0
0215242_806929600,0
0215242_806929650,0
0215242_80719D970,0
0215242_8074506C0,0
0215242_807643CF0,0
0215242_8077522E0,0
0215242_8077571F0,0
0215242_807AA9020,0
0215242_807C8F6C0,0
0215242_80860CC00,0
0215242_8088DC9A0,0
0215242_80A080810,0
0215242_80ABDD550,0
0215242_80ABEE230,0
0215242_80B7D88C0,0
0215242_80B831500,0
0215242_80BB6D300,0
0215242_80BD812D0,0
0215242_80BF575F0,0
0215242_80C5F15F0,0
0215242_80C8A0700,0
0215242_80D27A680,0
0215242_80D55C6E0,0
0215242_80D91C200,0
0215242_80D91DE00,0
0215242_80DF59B10,0
0215242_80E36E1E0,0
0215242_80ED75E00,0
0215242_80ED803C0,0
0215242_80F267920,0
0215242_811ACB100,0
0215242_811C0E920,0
0215242_812657BA0,0
0215266_80117DD90,0
0215266_803319710,0
0215266_803B32530,0
0215266_805B88BC0,0
0215266_805CD04C0,0
0215266_805DD5D90,0
0215266_806271360,0
0215266_80664DC80,0
0215266_8066E2400,0
0215266_8066E3D80,0
0215266_80673AA90,0
0215266_806C2DB70,0
0215266_8070B6090,0
0215266_8070D8F00,0
0215266_807A1A9E0,0
0215266_807D4FE70,0
0215266_807D779E0,0
0215266_8084EB1D0,0
0215266_8086FCF10,0
0215266_808704C00,0
0215266_8087071E0,0
0215266_809144C10,0
0215266_809317000,0
0215266_809C566B0,0
0215266_80A347720,0
0215266_80AE105E0,0
0215266_80AE956B0,0
0215266_80B32C6B0,0
0215266_80B392AD0,0
0215266_80BDF5D70,0
0215266_80BEE4610,0
0215266_80C6E8E50,0
0215266_80DA58D10,0
0215266_80DADD2D0,0
0215266_80DC66F90,0
0215266_80DCA7940,0
0215266_80E0505A0,0
0215266_80EC78900,0
0215266_80F704510,0
0215266_80FA67C30,0
0215266_80FDA11A0,0
0215266_80FF0FFD0,0
0215266_8103EAD40,0
0215266_8104635C0,0
0215266_8106CF4C0,0
0215266_81118B760,0
0215266_8114C9010,0
0215266_811E1BF70,0
0215266_81219BDC0,0
0215266_8135A32B0,0
0215266_81390BFD0,0
021550_8008E5900,0
021550_8009732A0,0
021550_8009FA0D0,0
021550_800A01460,0
021550_800A377D0,0
021550_800A43B10,0
021550_800A535C0,0
021550_800A8CAE0,0
021550_800AD3190,0
021550_800B11BC0,0
021550_800BAEA10,0
021550_800BC2300,0
021550_800C1F660,0
021550_800CC1F50,0
021550_800CDD450,0
021550_800D2CCB0,0
021550_800D335E0,0
021550_800E32760,0
021550_800E93380,0
021550_800EA0580,1
021550_800F82010,0
021550_800F9C600,0
021550_800FA5320,0
021550_800FA6DB0,0
021550_800FA6E00,0
021550_800FBDFA0,0
021550_800FC73F0,0
021550_80100C480,0
021550_801024D90,0
021550_8010A7BD0,0
021550_8010B9DE0,0
021550_80112FF40,0
021550_801152DA0,0
021550_80116C480,0
021550_801172940,0
021550_80118A3D0,0
021550_8011C3BB0,0
021550_8012707C0,0
021550_80127B5C0,0
021550_8012C9E50,0
021550_801315DD0,0
021550_801364120,0
021550_801563B70,0
021550_80161AC40,0
021550_80164ABB0,0
021550_801658960,0
021550_801704440,0
021550_80173A800,0
021550_80174A310,0
021550_801775220,0
021550_8017D8860,0
021550_80187A1E0,0
021550_80196D840,0
021550_8019828F0,0
021550_8019AA320,0
021550_801A42560,0
021550_801A5A280,0
021550_801ACA4F0,0
021550_801B4CA00,0
021550_801B79AD0,0
021550_801C3C650,0
021550_801CA2320,0
021550_801CF94C0,0
021550_801D0D1C0,0
021550_801D4D640,0
021550_801DBF470,0
021550_802000490,0
021550_8022A7D70,0
021550_8024A9450,0
021550_802603750,0
021550_80266C070,0
021550_80266E490,0
021550_80272CC20,0
021550_802775DB0,0
021550_802AB5530,0
021550_802AC44E0,0
021550_802B37F50,0
021550_802C40EA0,0
021550_802C4A330,0
021550_802D56080,0
021550_802E6CD60,0
021550_803223270,0
021550_803344140,0
021550_80343E890,0
021550_803583A10,0
021550_803862BD0,0
021550_803B95B70,0
021550_803D0E5F0,0
021550_804199740,0
021550_804211A60,0
021550_8043C1220,0
021550_8043C2E20,0
021550_80441AC20,0
021550_8044503A0,0
021550_8045BABD0,0
021550_80477D550,0
021550_804A2F720,0
021550_804B0BF40,0
021550_804BF8E80,0
021550_804DD7A90,0
021550_804E0A860,0
021550_804E22D60,0
021550_805572400,0
021550_8056F3050,0
021550_805727220,0
021550_8059FD690,0
021550_805A031C0,0
021550_805B1E7C0,0
021550_805B648B0,0
021550_805DF31A0,0
021550_806328800,0
021550_8065C69E0,0
021550_806A3B910,0
021550_806C2DB20,0
021550_80718AD70,0
021550_807783210,0
021550_8078D08D0,0
021550_807D1B410,0
021550_807D44480,0
021550_808179740,0
021550_80897F980,0
021550_808F23550,0
021550_809136210,0
021550_8098B8000,0
021550_80A53E050,0
021550_80AA7A200,0
021550_80AC30BC0,0
021550_80BF9CCE0,0
021550_80C262730,0
021550_80C266E60,0
021550_80D442DB0,0
021550_80D4435E0,0
021550_80DC6E9C0,0
021550_80DD5FC30,0
021550_80DD64540,0
021550_80E007E00,0
021550_80E26D940,0
021550_80F2CE760,0
021550_80F638C00,0
021550_8105A1950,0
021550_810773BA0,0
021550_810C9C190,0
021550_812D49FF0,0
021550_8135E3D60,0
0215687_805ADBEC0,0
0215687_805B17EA0,0
0215687_805B583E0,0
0215687_805CC4FF0,0
0215687_80668F830,0
0215687_8066B49B0,0
0215687_806759470,0
0215687_806D2B630,0
0215687_806D73650,0
0215687_8070F31A0,0
0215687_8075155C0,0
0215687_80754C8B0,0
0215687_807566BC0,0
0215687_8075BD1B0,0
0215687_807807F90,0
0215687_807DD22C0,0
0215687_807EB29A0,0
0215687_8085B2F20,0
0215687_809357E80,0
0215687_8094656F0,0
0215687_809B82D50,0
0215687_809C224E0,0
0215687_80A40F3A0,0
0215687_80AE2EB00,0
0215687_80B3BC490,0
0215687_80B7B61C0,0
0215687_80BDD7570,0
0215687_80BE303F0,0
0215687_80C02C230,0
0215687_80C0D9750,0
0215687_80C7C7500,0
0215687_80C7F6910,0
0215687_80D00B100,0
0215687_80D26A780,0
0215687_80D7D2C40,0
0215687_80D7DBD40,0
0215687_80E065300,0
0215687_80E0AA1C0,0
0215687_80E0CAE80,0
0215687_80E1E4960,0
0215687_80E1E7290,0
0215687_80F24BFA0,0
0215687_80F3CFD80,0
0215687_80F90F6F0,0
0215687_8102A9A60,0
0215687_8106F93E0,0
0215687_810E9A4E0,0
0215687_81117D780,0
0215687_811C7D3F0,0
0215687_811CBF330,0
0215687_8122E83A0,0
0215687_812811560,0
0215687_812F0A640,0
0215687_81308DE30,0
0215687_813472CC0,0
0215687_813587400,0
0215687_813900F90,0
0215687_814192C60,0
021575_8008D0E00,0
021575_8009412A0,0
021575_80094BFF0,0
021575_8009B7EE0,0
021575_8009B7F30,0
021575_800A382E0,0
021575_800A89FB0,0
021575_800AC5E70,0
021575_800AF3530,0
021575_800B24E90,0
021575_800BA6760,0
021575_800BA7B40,0
021575_800BED460,0
021575_800C03A80,0
021575_800C0C650,0
021575_800C0C651,0
021575_800C0FCD0,0
021575_800C4CD40,0
021575_800CADAF0,0
021575_800CB0760,0
021575_800CE1430,0
021575_800D0BFD0,0
021575_800D307B0,0
021575_800D42090,0
021575_800D9E9D0,0
021575_800DCA660,0
021575_800DF2C40,0
021575_800E2E690,0
021575_800E62AC0,0
021575_800E73040,0
021575_800E841B0,0
021575_800EB89B0,0
021575_800EC68B0,0
021575_800EC7170,0
021575_800F0B380,0
021575_800F30EF0,0
021575_800F32190,0
021575_8010A2180,0
021575_8010B0BD0,0
021575_80116A270,0
021575_801193470,0
021575_8011B7050,0
021575_8011C2930,0
021575_80124EB20,0
021575_80128D350,0
021575_8012D0AE0,0
021575_80136AE00,0
021575_801370400,0
021575_80138D510,0
021575_80139B2D0,0
021575_8013E1C10,0
021575_8016138B0,0
021575_80163DAD0,0
021575_801647920,0
021575_801659930,0
021575_8016D2430,0
021575_801714FA0,0
021575_80172FB00,0
021575_80176A000,0
021575_8017B8560,0
021575_801858690,0
021575_801882FA0,0
021575_8018961C0,0
021575_8019EEF30,0
021575_801A58F80,0
021575_801CC5320,0
021575_801DFCA10,0
021575_801E998B0,0
021575_802028480,0
021575_802146470,0
021575_802274440,0
021575_8022794F0,0
021575_8024438C0,0
021575_802468BF0,0
021575_8027D23B0,0
021575_8028EF780,0
021575_802BB9F10,0
021575_802BF6380,0
021575_802C93A10,0
021575_802DA1A70,0
021575_802E66E90,0
021575_802F927C0,0
021575_803045930,0
021575_803067F10,0
021575_8030796C0,0
021575_8032555A0,0
021575_8032ACCE0,0
021575_8032CA7C0,0
021575_80340DA30,0
021575_803442EE0,0
021575_803453130,0
021575_8037C0640,0
021575_803A4A3C0,0
021575_803AA2FD0,0
021575_803AC6150,0
021575_803C551E0,0
021575_803F11510,0
021575_8045D7520,0
021575_80477E6E0,0
021575_8048BBB70,0
021575_804CFA4C0,0
021575_804E45530,0
021575_804E56AE0,0
021575_804EC2570,0
021575_804FC1AC0,0
021575_80509F070,0
021575_8051F2C80,0
021575_8055C0F00,0
021575_80570C730,0
021575_8057F0F20,0
021575_8058D3510,0
021575_805B0CD10,0
021575_805DEB680,0
021575_806029BB0,0
021575_8063EE400,0
021575_806A8BE00,0
021575_8070E5D40,0
021575_807531F00,0
021575_8079FE2D0,0
021575_807BB1FA0,0
021575_807CAF260,0
021575_807D3FBF0,0
021575_807D4AA60,0
021575_807EB3DD0,0
021575_8082645A0,0
021575_80857F120,0
021575_8088C4820,0
021575_808A1DC70,0
021575_808A63D40,0
021575_808CAD940,0
021575_808E087F0,0
021575_809FEA490,0
021575_80A06AF80,0
021575_80A64DE70,0
021575_80ACE08D0,0
021575_80ACE9F60,0
021575_80AEA50E0,0
021575_80B1DD9B0,0
021575_80B39F8D0,0
021575_80B7DA0E0,0
021575_80BD24A80,0
021575_80BF22220,0
021575_80CEBCF30,0
021575_80DFDB700,0
021575_80E0FFF50,0
021575_80E39D580,0
021575_80EFF7320,0
021575_80F29D2F0,0
021575_80F2F9130,0
021575_80F2FAA20,0
021575_810DB0530,0
021575_8117423D0,0
021575_812F03E90,0
021575_812F37510,0
0215803_8062C6120,0
0215803_80687E1A0,0
0215803_8068EA6E0,0
0215803_8069BBE20,0
0215803_80723B870,0
0215803_8079B4860,0
0215803_807A5D190,0
0215803_807BB6AD0,0
0215803_807CCCD80,0
0215803_80807BA30,0
0215803_808BE3BA0,0
0215803_8093DC150,0
0215803_80941E210,0
0215803_809C50B80,0
0215803_80E07AF60,0
0215803_80E41FB00,0
0215803_80E632880,0
0215803_80EC4F510,0
0215803_80ECBB410,0
0215803_80EF32EE0,0
0215803_80F0AD220,0
0215803_80F279FC0,0
0215803_80FB9EF10,0
0215803_81163A450,0
0215841_805DE8930,0
0215841_805E98B50,1
0215841_805EC8A70,0
0215841_8060460E0,0
0215841_8063E6610,0
0215841_806710C80,0
0215841_806CA4D20,0
0215841_806D12D80,0
0215841_806D2BA00,0
0215841_806F6FB30,0
0215841_806FE6010,0
0215841_8072FF6C0,0
0215841_807570BC0,0
0215841_8075C0930,0
0215841_808D08D80,0
0215841_808E450C0,0
0215841_808EB7EF0,0
0215841_808F33D00,0
0215841_809148F20,0
0215841_8094A06B0,0
0215841_80A827110,0
0215841_80AA186F0,0
0215841_80AA7BB20,0
0215841_80B381440,0
0215841_80B413050,0
0215841_80B6CD120,0
0215841_80B7AD210,0
0215841_80B8CD5F0,0
0215841_80BACD800,0
0215841_80BB3E8B0,0
0215841_80C2ACA50,0
0215841_80C3626E0,0
0215841_80C3F40A0,0
0215841_80CF56FA0,0
0215841_80D05CFA0,0
0215841_80D166710,0
0215841_80D2E2E70,0
0215841_80D334FD0,0
0215841_80D63A9C0,0
0215841_80DF2C8F0,0
0215841_80DFDB1A0,0
0215841_80EC2C850,0
0215841_80EF2E3B0,0
0215841_810DAEF30,0
0215841_810E3DA30,0
0215841_8110CBA30,0
0215841_81181F180,0
0215841_8118E9DC0,0
0215841_8119DB620,0
0215841_81217D900,0
0215841_8126AD750,0
0215841_812B0F2A0,0
0215841_8132B9890,0
0215841_8136A2C00,0
0215841_8139A91A0,0
0215897_805CB1A80,0
0215897_805DCE910,0
0215897_805DF17B0,0
0215897_80616FAE0,0
0215897_8067249E0,0
0215897_8068632F0,0
0215897_806C2D0B0,0
0215897_806D31530,0
0215897_806FFF130,0
0215897_807104B30,0
0215897_8072CFF70,0
0215897_8072F70F0,0
0215897_807A10D10,0
0215897_807A3D490,0
0215897_80824EA90,0
0215897_8082E1300,0
0215897_80880B0F0,0
0215897_809C57B20,0
0215897_809E6D430,0
0215897_80A028F70,0
0215897_80A2EE020,0
0215897_80A849410,0
0215897_80AAF9100,0
0215897_80ABC65F0,0
0215897_80B3FA230,0
0215897_80BFEDB50,0
0215897_80C9C8210,0
0215897_80CD47F90,0
0215897_80CE6B720,0
0215897_80D370540,0
0215897_80D7CF4D0,0
0215897_80D952950,0
0215897_80F673A50,0
0215897_8101D3D60,0
0215897_810B19570,0
0215897_8111CB9A0,0
0215897_811733840,0
0215897_812046700,0
0215897_8121FDA40,0
0215897_812D3EAB0,0
0215897_813E32C00,0
021611_8009501F0,0
021611_8009568B0,0
021611_8009BD3D0,0
021611_800A4BA30,0
021611_800A9E6A0,0
021611_800AC9010,0
021611_800AD6B80,0
021611_800AF9FB0,0
021611_800B0BDF0,0
021611_800BD9A30,0
021611_800C583E0,0
021611_800CABEE0,0
021611_800CC99E0,0
021611_800D19380,0
021611_800DBCDE0,0
021611_800E312D0,0
021611_800E83FB0,0
021611_800EB5BE0,0
021611_800F45450,0
021611_800F9AFC0,0
021611_800FAF960,0
021611_800FC8780,0
021611_8010029C0,0
021611_8010499A0,0
021611_80104A840,0
021611_8010B9350,0
021611_801155280,0
021611_801168F80,0
021611_8011EE0D0,0
021611_801283B70,0
021611_801297B90,0
021611_8012A4580,0
021611_801321690,0
021611_801347AF0,0
021611_801447CC0,0
021611_8014974C0,0
021611_8015CD3D0,0
021611_801665530,0
021611_8016DEDA0,0
021611_801703B90,0
021611_801704D70,0
021611_801797710,0
021611_8018885F0,0
021611_8019193B0,0
021611_801943840,0
021611_80194F6E0,0
021611_801969180,0
021611_801A41C70,0
021611_801A75480,0
021611_801A77D30,0
021611_801A850B0,0
021611_801B74060,0
021611_801CAAE60,0
021611_801CBEA90,0
021611_801D23D50,0
021611_801D77610,0
021611_801DB5670,0
021611_801E88590,0
021611_801F7F7E0,0
021611_801F862D0,0
021611_8021CDB30,0
021611_80225AB10,0
021611_8022CADC0,0
021611_8023206C0,0
021611_8023DD0D0,0
021611_802645700,0
021611_802763000,0
021611_802770C90,0
021611_8027DA750,0
021611_802AAAEA0,0
021611_802AB1EC0,0
021611_802BFFE00,0
021611_802E336A0,0
021611_8031EFB20,0
021611_80330CD10,0
021611_8035832D0,0
021611_803E350B0,0
021611_803EE1880,0
021611_8041688B0,0
021611_8042656B0,0
021611_804297950,0
021611_804AF4560,0
021611_804E631B0,0
021611_8050FE740,0
021611_80571B750,0
021611_8057DC540,0
021611_805853710,0
021611_805A6A0F0,0
021611_805A71660,0
021611_805A9C480,0
021611_805B53960,0
021611_805BA98D0,0
021611_805E0EF30,0
021611_805EC9860,0
021611_805F9F530,0
021611_807A63290,0
021611_807C8C490,0
021611_807C98D50,0
021611_807D306E0,0
021611_808CDCAF0,0
021611_808D6F2D0,0
021611_808FE33A0,0
021611_80968D2C0,0
021611_8099A9330,0
021611_809FE7D50,0
021611_80A0F7340,0
021611_80A2B7200,0
021611_80A39D740,0
021611_80A524B50,0
021611_80B0051E0,0
021611_80CB82230,0
021611_80D00AB50,0
021611_80D136110,0
021611_80D162310,0
021611_80D2729E0,0
021611_80D89D2A0,0
021611_80DA59910,0
021611_80DB70680,0
021611_80F274210,0
021611_80FBEEF10,0
021611_80FC0EF40,0
021611_810EF56B0,0
021611_81148A870,0
021611_812DC3290,0
021611_8130A41F0,0
021611_8132E3570,0
021611_813603060,0
0216645_806010FF0,0
0216645_8067CA630,0
0216645_806C37BA0,0
0216645_806D9FA90,0
0216645_8070B41B0,0
0216645_80777EF20,0
0216645_8077D9C80,0
0216645_8080D9FA0,0
0216645_808D56940,0
0216645_808EFCF80,0
0216645_808FAF320,0
0216645_8091E9B80,0
0216645_809200250,0
0216645_80920B240,0
0216645_809213A50,0
0216645_8096ADFC0,0
0216645_80999E630,0
0216645_809AEAD90,0
0216645_809E19BA0,0
0216645_80A00C370,0
0216645_80A16DE10,0
0216645_80A26A5E0,0
0216645_80A3A2270,0
0216645_80AB20B40,0
0216645_80AFD6AC0,0
0216645_80B393D00,0
0216645_80B44A3B0,0
0216645_80B6593B0,0
0216645_80B7A39A0,0
0216645_80BA68810,0
0216645_80BD94610,0
0216645_80BDDEEB0,0
0216645_80BDF28E0,0
0216645_80C0CA720,0
0216645_80C55FF20,0
0216645_80C80C290,0
0216645_80CB86430,0
0216645_80CD83F40,0
0216645_80CF58D90,0
0216645_80D02E9B0,0
0216645_80D18D5F0,0
0216645_80D327730,0
0216645_80D5AE330,0
0216645_80D6CBE50,0
0216645_80DAD1DF0,0
0216645_80DDD2600,0
0216645_80DE37390,0
0216645_80E4817F0,0
0216645_80F2F2D50,0
0216645_810446710,0
0216645_8106E1C90,0
0216645_810DD5FB0,0
0216645_811168EB0,0
0216645_81369B1E0,0
021745_8009E1530,0
021745_8009E70D0,0
021745_8009E81B0,0
021745_800A02E10,0
021745_800A13E90,0
021745_800A4C0C0,0
021745_800A64110,0
021745_800AAC030,0
021745_800B93BE0,0
021745_800B96470,0
021745_800B9C3D0,0
021745_800BE97C0,0
021745_800C5D960,0
021745_800D5D810,0
021745_800D95600,0
021745_800E1F810,0
021745_800E5B8F0,0
021745_800E6F3F0,0
021745_800ECC7B0,0
021745_800F00DF0,0
021745_800FECC50,0
021745_8010464F0,0
021745_801122B10,0
021745_80120A9F0,0
021745_80126C180,0
021745_801276150,0
021745_80129EE10,0
021745_8012C2A50,0
021745_80132A420,0
021745_801339760,0
021745_80134D4D0,0
021745_801404540,0
021745_801405260,0
021745_80142AA00,0
021745_8014FE4B0,0
021745_801514950,0
021745_801555420,0
021745_801575300,0
021745_801585A50,0
021745_80158BC60,0
021745_80170C110,1
021745_80174C690,0
021745_801798DA0,0
021745_8017BB000,0
021745_8018C5730,0
021745_8018D94B0,0
021745_8018DB540,1
021745_8018F32A0,0
021745_801906FC0,0
021745_801C22DD0,0
021745_801D58000,0
021745_801E6C530,0
021745_801E742B0,0
021745_801E82460,0
021745_801EE7730,0
021745_801F42F90,0
021745_802034BB0,0
021745_80213C2F0,0
021745_8021B4950,0
021745_802201D40,0
021745_80239DAE0,0
021745_8023BC0F0,0
021745_8023C6A20,0
021745_8023C6E30,0
021745_802409690,0
021745_8024554F0,0
021745_8024FB1A0,0
021745_80253A3E0,0
021745_8026063C0,0
021745_80263B7E0,0
021745_802643070,0
021745_802649F90,0
021745_8026731A0,0
021745_802782E20,0
021745_802A4E3C0,0
021745_802D14950,0
021745_802D7D770,0
021745_802EF6470,0
021745_802EF6471,0
021745_802F2B7E0,0
021745_803399E80,0
021745_8033DE400,0
021745_803D093C0,0
021745_803E9FED0,0
021745_80482E150,0
021745_804835A40,0
021745_804923660,0
021745_804B72020,0
021745_8050F9EE0,0
021745_8056D3200,0
021745_805EB9DD0,0
021745_806687A60,0
021745_8069BF540,0
021745_8072D3E70,0
021745_8075E1FC0,0
021745_807ADBA80,0
021745_8089C6680,0
021745_809941400,0
021745_80A6280A0,0
021745_80AB2D1E0,0
021745_80B35CD00,0
021745_80B4260C0,0
021745_80BA0D7F0,0
021745_80BA57C30,0
021745_80BB0B830,0
021745_80BCAD9D0,0
021745_80C0A9010,0
021745_80D248610,0
021745_80D4DAB00,0
021745_80D9424C0,0
021745_80DA96DC0,0
021745_80E5593C0,0
021745_80F881CF0,0
021745_81057D860,0
021745_810FA20D0,0
021745_810FC93C0,0
021745_81273FD90,0
021749_8009DC9B0,0
021749_8009E98C0,0
021749_8009EDE00,0
021749_800A24190,0
021749_800A244F0,0
021749_800A3A650,0
021749_800A3FEB0,0
021749_800AA3F30,0
021749_800AA5450,0
021749_800AA5C00,0
021749_800AADC00,0
021749_800AAEC30,0
021749_800AEBD70,1
021749_800B649E0,0
021749_800B882C0,0
021749_800C8F560,0
021749_800CF0650,0
021749_800D128B0,0
021749_800D7F030,0
021749_800D9C7D0,0
021749_800DA7F30,0
021749_800DAA4E0,0
021749_800E48690,0
021749_800E55F90,0
021749_800E5A480,0
021749_800E67B40,0
021749_800EA1F90,0
021749_800EDA690,0
021749_800F8EAC0,0
021749_80100E280,0
021749_80101CC50,0
021749_8010281C0,0
021749_80103CE40,0
021749_80103E590,0
021749_80103F250,0
021749_801055960,0
021749_8010FEE80,0
021749_8011CC630,0
021749_8012958A0,0
021749_8012BCDA0,0
021749_8013273A0,0
021749_80134EC30,0
021749_8013CE630,0
021749_8014CAEB0,0
021749_8014F53D0,0
021749_801507DD0,0
021749_801509270,0
021749_80150A340,0
021749_8016F4AF0,0
021749_8017AC5B0,0
021749_801811DF0,0
021749_801860FC0,0
021749_8018FF3F0,0
021749_8019BA5C0,0
021749_801B33CF0,0
021749_801B47050,0
021749_801B5B9B0,0
021749_801BC0670,0
021749_801C06E00,0
021749_801C7EB60,0
021749_801D88C90,0
021749_801E21DE0,0
021749_801E5CF90,0
021749_801ED1600,0
021749_801ED7220,0
021749_801EDE940,0
021749_801F43220,0
021749_801F4DA20,0
021749_801F535E0,0
021749_801F869E0,0
021749_801F977E0,0
021749_8020A0670,0
021749_8020E4F10,0
021749_80210CE40,0
021749_802112A30,0
021749_8021A1030,0
021749_8021B1950,0
021749_8022FEF80,0
021749_802383210,0
021749_80238EC80,0
021749_8023EA770,0
021749_8024812E0,0
021749_802490660,0
021749_8024DFFB0,0
021749_802601DB0,0
021749_802661C00,0
021749_802666A10,0
021749_80266E8A0,0
021749_80267FF40,0
021749_8026CC9A0,0
021749_802783470,0
021749_802A2E4A0,0
021749_802A8C370,0
021749_802B07CA0,0
021749_802B9E520,0
021749_802C96C20,0
021749_802D31B60,0
021749_803129BA0,0
021749_80319E3E0,0
021749_8032E4D70,0
021749_8033CF6E0,0
021749_8033D49A0,0
021749_803400730,0
021749_803734140,0
021749_80377A420,0
021749_80377C5C0,0
021749_803B194C0,0
021749_803C23490,0
021749_803D63650,0
021749_803D87460,0
021749_803E9DBF0,0
021749_8040AD9A0,0
021749_8047EBE90,0
021749_804E91A50,0
021749_80500F140,0
021749_80506C2F0,0
021749_805B11830,0
021749_805B4BDC0,0
021749_805EFBEC0,0
021749_80682EF60,0
021749_8068BA960,0
021749_806C69530,0
021749_806CCDCE0,0
021749_80757E560,0
021749_8077744E0,0
021749_8077FCC60,0
021749_8078D6D50,0
021749_807906BE0,0
021749_807AFCAE0,0
021749_807BE5F50,0
021749_807D0E690,0
021749_807D1ADB0,0
021749_807F248A0,0
021749_8089C1320,0
021749_808F38FC0,0
021749_8093A9830,0
021749_80AC969A0,0
021749_80AEE9330,0
021749_80B409810,0
021749_80B4F36C0,0
021749_80B6331B0,0
021749_80BAD3B20,0
021749_80BFE3970,0
021749_80C22C870,0
021749_80C73EA60,0
021749_80DB96BA0,0
021749_80E6B2260,0
021749_80EC064D0,0
021749_810CA72C0,0
021749_8110AD800,0
021749_8110EAB20,0
021749_811674410,0
021749_8118EB9B0,0
021749_8118F4AF0,0
0217680_80685F9A0,0
0217680_8069FCA90,0
0217680_8072712B0,0
0217680_80735BE60,0
0217680_8079DDB10,0
0217680_807B2F0E0,0
0217680_807C89C70,0
0217680_807DAD810,0
0217680_807F5A320,0
0217680_807F5C0C0,0
0217680_8088AAB80,0
0217680_808FACA70,0
0217680_809BD17F0,0
0217680_809F72DC0,0
0217680_809FD4440,0
0217680_80A440C70,0
0217680_80A71E710,0
0217680_80A8B1430,0
0217680_80AE064D0,0
0217680_80AE45630,0
0217680_80B3CF250,0
0217680_80C0F3540,0
0217680_80C0F6F20,0
0217680_80C132DC0,0
0217680_80C2ACD70,0
0217680_80CE69D00,0
0217680_80D026EB0,0
0217680_80D94A4C0,0
0217680_80DD022D0,0
0217680_80E327A20,0
0217680_80EC3E8E0,0
0217680_80F7E9FD0,0
0217680_8104246C0,0
0217680_810ABFB40,0
0217680_8127FE050,0
0217680_813376100,0
0217680_8135E3CC0,0
0217680_813968920,0
0217680_8141F1310,0
0217680_81468FAF0,0
0217950_806881BB0,0
0217950_80699D900,0
0217950_806A92330,0
0217950_806C15EA0,0
0217950_806E80600,0
0217950_807208DA0,0
0217950_80732F9B0,0
0217950_807B80880,0
0217950_8082198F0,0
0217950_8083F0170,0
0217950_80850F160,0
0217950_808537350,0
0217950_8085C1070,0
0217950_8088199E0,0
0217950_8093BB8B0,0
0217950_80A087BE0,0
0217950_80A09D210,0
0217950_80AF10E50,1
0217950_80B227A60,0
0217950_80B3614E0,0
0217950_80BAE2350,0
0217950_80DA90DF0,0
0217950_80DEDEB70,0
0217950_80E4D7C90,0
0217950_80E6417A0,0
0217950_80EC24480,0
0217950_81084CF10,0
0217950_8110C6330,0
0217950_8118F5A90,0
0217950_812586130,0
0217959_8068D89F0,0
0217959_806903D60,0
0217959_8071331F0,0
0217959_8078D9CB0,0
0217959_807A03A50,0
0217959_807BE6220,0
0217959_808217D50,0
0217959_808977710,0
0217959_808A4C9E0,0
0217959_808BFD2D0,0
0217959_808D47C10,0
0217959_809367BD0,0
0217959_809763D30,0
0217959_80A66F800,0
0217959_80AB973A0,0
0217959_80AF2F7C0,0
0217959_80B84A4B0,0
0217959_80B90B5A0,0
0217959_80BB7AAF0,0
0217959_80BCDE260,0
0217959_80BF437C0,0
0217959_80C2A8690,0
0217959_80C55E680,0
0217959_80D240BB0,0
0217959_80D2D7300,0
0217959_80DBCD380,0
0217959_80DCE0220,0
0217959_80F7B36C0,0
0217959_810FAEFB0,0
0217959_81169CCD0,0
0217959_81214B180,0
0217959_8122FF260,0
0217959_812648390,0
0218050_807246120,0
0218050_8078A1EA0,0
0218050_80824C0B0,0
0218050_80831D6F0,0
0218050_808BB3C70,0
0218050_8093A8AF0,0
0218050_80A2AC990,0
0218050_80A673080,0
0218050_80ABA71A0,0
0218050_80ABDD1E0,0
0218050_80B4256C0,0
0218050_80BA94AD0,0
0218050_80BAA98E0,0
0218050_80BAEE4C0,0
0218050_80BB27BE0,0
0218050_80BB5C3B0,0
0218050_80BF3FCA0,0
0218050_80C29B530,0
0218050_80C6EB1A0,0
0218050_80C8F2D70,0
0218050_80D478DD0,0
0218050_80DCCB3B0,0
0218050_80DD49550,0
0218050_80FC22D10,0
0218050_811905710,0
0218050_811CE35A0,0
0218202_8076416B0,0
0218202_8077A88A0,0
0218202_80785AFD0,0
0218202_807AE1380,0
0218202_807CCAC30,0
0218202_807CD4C30,0
0218202_807FCF8B0,0
0218202_8080A0FB0,0
0218202_8093DC4B0,0
0218202_80A0350F0,0
0218202_80A66ACA0,0
0218202_80AA0C390,0
0218202_80ABB5860,0
0218202_80B36F8F0,0
0218202_80B4F1D40,0
0218202_80B6A2040,0
0218202_80BC9EBC0,0
0218202_80BCDD170,0
0218202_80C8B82D0,0
0218202_80CEB0A20,0
0218202_80D3F1220,0
0218202_80D52FE60,0
0218202_80DECA660,0
0218202_80EBF18F0,0
0218202_80ECCC770,0
0218202_810CB8C00,0
0218202_811635D20,0
0218202_811AAE410,0
0218202_811D2DA60,0
0218202_811F54EE0,0
0218202_8124980D0,0
0218202_8128C0F80,0
0218267_80736FC40,0
0218267_8076140B0,0
0218267_8077BF9B0,0
0218267_8078D03C0,0
0218267_807990880,0
0218267_807A53690,0
0218267_807AB1A20,0
0218267_807ACDF60,0
0218267_807CE1BF0,0
0218267_808039C50,0
0218267_8080B5530,0
0218267_80821A530,0
0218267_808606050,0
0218267_808898830,0
0218267_808F340E0,0
0218267_80943CE70,0
0218267_8094D3C20,0
0218267_8097B05D0,0
0218267_80AC0E060,0
0218267_80B3065A0,0
0218267_80B40B380,0
0218267_80BA3E870,0
0218267_80BAED5F0,0
0218267_80C79FBF0,0
0218267_80C8CA3F0,0
0218267_80D534190,0
0218267_80DAAAAF0,0
0218267_80DD009B0,0
0218267_80E341690,0
0218267_80E78EE30,0
0218267_80EC26710,0
0218267_81096E070,0
0218267_8115FE420,0
0218267_8118EDFA0,0
0218267_811961720,0
0218267_811AFC040,0
0218267_8120E3A50,0
0218267_8126D5A20,0
0218267_812745B50,0
0218267_8145E2C20,0
021831_800AA2260,0
021831_800AE47C0,0
021831_800B49B60,0
021831_800B6B440,0
021831_800BD40B0,0
021831_800C11A10,0
021831_800C73260,0
021831_800C8E3B0,0
021831_800CA8530,0
021831_800D51300,0
021831_800D5CBD0,0
021831_800D78920,0
021831_800D89970,0
021831_800E3E4B0,0
021831_800E48D30,0
021831_800ECBD40,0
021831_800EF6740,0
021831_800F11AF0,0
021831_800FDE810,0
021831_801061B70,0
021831_80106DFC0,0
021831_801087380,0
021831_801087F70,0
021831_801100EB0,0
021831_801112830,0
021831_80120EE50,0
021831_801269D80,0
021831_80134FC80,0
021831_8013A6A30,0
021831_8013BFEE0,0
021831_801424050,0
021831_801478300,0
021831_80149B970,0
021831_8014E3C10,0
021831_8014EBD20,0
021831_801542920,0
021831_8015AB040,0
021831_8017F0D60,0
021831_8018DB790,0
021831_8018E0660,0
021831_801A72370,0
021831_801C94030,0
021831_801CC29E0,0
021831_801D26540,0
021831_801D989A0,0
021831_801EA8150,0
021831_801EC5530,0
021831_801EC85B0,0
021831_801EE7870,0
021831_801FD86F0,0
021831_801FE92E0,0
021831_80207EC60,0
021831_8020C01A0,0
021831_80210C740,0
021831_80217D5C0,0
021831_8021A64D0,0
021831_802242940,0
021831_802321DD0,0
021831_80238EA90,0
021831_802396A10,0
021831_80240FF00,0
021831_8024FC5A0,0
021831_8025BD610,0
021831_8025C6E80,0
021831_80296BDC0,0
021831_8029F1660,0
021831_802AF8220,0
021831_802D17A70,0
021831_802D2D860,0
021831_802EA6E20,0
021831_80312D9F0,0
021831_8031A6520,0
021831_8033772F0,0
021831_8033E12D0,0
021831_803A03E60,0
021831_805290920,0
021831_805EC1340,0
021831_805EF5C90,0
021831_80644E280,0
021831_807855540,0
021831_807BFE2C0,0
021831_808012FE0,0
021831_808099880,0
021831_808173030,0
021831_808303310,0
021831_808468C20,0
021831_8093BC220,0
021831_8094D56E0,0
021831_80A22F6C0,0
021831_80A76FB90,0
021831_80B1906C0,0
021831_80BA43E90,0
021831_80BB25BC0,0
021831_80BC0DE90,0
021831_80BFD6710,0
021831_80C566680,0
021831_80C7CEAC0,0
021831_80C8A8AA0,0
021831_80DE1D090,0
021831_80DE341B0,0
021831_80E685920,0
021831_812324980,0
021831_81273EEF0,0
021831_8128E05E0,0
0218346_80774AE50,0
0218346_8077C48B0,0
0218346_8079330C0,0
0218346_808170690,0
0218346_80830FC60,0
0218346_8088A24F0,0
0218346_80898F180,0
0218346_808A5DAE0,0
0218346_8093AB5F0,0
0218346_80954FB40,0
0218346_809722220,0
0218346_80A88C890,0
0218346_80B637E10,0
0218346_80B68A0B0,0
0218346_80BA16C90,0
0218346_80BC84B10,0
0218346_80BCFA210,0
0218346_80BD07030,0
0218346_80BF4A8A0,0
0218346_80C296F30,0
0218346_80D892BD0,0
0218346_80DC7A160,0
0218346_80E0B4C40,0
0218346_80E3706D0,0
0218346_80E5F4580,0
0218346_80FF1FD50,0
0218346_8102DBDF0,0
0218346_81084FC30,0
0218346_8116606A0,0
0218346_8120F5100,0
0218346_812776BA0,0
0218346_812BEE220,0
0218346_81465F110,0
0218438_806C6C6A0,0
0218438_806E4B2B0,0
0218438_8072C86C0,0
0218438_80736E030,0
0218438_80742A0B0,0
0218438_8079FAFB0,0
0218438_807CFD0F0,0
0218438_807EA86C0,0
0218438_807EC2C40,0
0218438_8081AEEC0,0
0218438_80865E350,0
0218438_808A34230,0
0218438_808B1E720,0
0218438_808E91580,0
0218438_8094C64E0,0
0218438_809939540,0
0218438_809B73CD0,0
0218438_809FBBDD0,0
0218438_80A02D7E0,0
0218438_80A527AA0,0
0218438_80A538640,0
0218438_80A8290B0,0
0218438_80B49B120,0
0218438_80B907B00,0
0218438_80BED0A20,0
0218438_80BFA4FE0,0
0218438_80BFED9C0,0
0218438_80C118560,0
0218438_80C2704B0,0
0218438_80C2B3640,0
0218438_80C4B9EB0,0
0218438_80C7BDA50,0
0218438_80D216240,0
0218438_80D494A20,0
0218438_80D4BB610,0
0218438_80D4D18D0,0
0218438_80DD26210,0
0218438_80DF323C0,0
0218438_80E31E540,0
0218438_80EFE4650,0
0218438_80F0FD3A0,0
0218438_80F637690,0
0218438_8104507D0,0
0218438_810B08C70,0
0218438_812170CE0,0
0218438_812329C50,0
0218472_806D61160,0
0218472_80729AC60,0
0218472_80750EA40,0
0218472_80755CE30,0
0218472_807CA3820,0
0218472_8083401F0,0
0218472_8084F92D0,0
0218472_808542BB0,0
0218472_809B3B710,0
0218472_809B7CDE0,0
0218472_80ADFFAB0,0
0218472_80B46BC60,0
0218472_80B66F940,0
0218472_80B8647F0,0
0218472_80BB884E0,0
0218472_80C2175B0,0
0218472_80CD979A0,0
0218472_80CE84220,0
0218472_80D0C7B60,0
0218472_80D163340,0
0218472_80D4FF4F0,0
0218472_80DAB7130,0
0218472_80E019FB0,0
0218472_80ECACA10,0
0218472_80ECDA8A0,0
0218472_80F5B5D90,0
0218472_80F8421F0,0
0218472_80FD925B0,0
0218472_810462E60,0
0218472_810B00150,0
0218472_810E94D40,0
0218472_8110E55E0,0
0218472_811109D10,0
0218472_81181EEA0,0
0218472_812244DD0,0
0218472_812C83730,0
0218472_8130D98C0,0
0218472_813950CC0,0
0218755_80733E620,0
0218755_807AA20B0,0
0218755_8082FAF70,0
0218755_80850CFA0,0
0218755_8085B8D70,0
0218755_8088A5280,0
0218755_808DF4AD0,0
0218755_808F45C00,0
0218755_80937A890,0
0218755_809423280,0
0218755_80972EE20,0
0218755_809BDFF80,0
0218755_80AF3CFE0,0
0218755_80B5A2180,0
0218755_80B5AFA70,0
0218755_80B60A290,0
0218755_80BAAB680,0
0218755_80C237260,0
0218755_80C497CB0,0
0218755_80D32ED70,0
0218755_80DA98640,0
0218755_80DAAB070,0
0218755_80E935030,0
0218755_8105753B0,0
0218755_810BDE3D0,0
0218755_810F3CC90,0
0218755_811C12690,0
0218755_812635780,0
0218755_8131B67C0,0
0218885_806FDC260,0
0218885_8070AD210,0
0218885_8070D2E10,0
0218885_8077D7AB0,0
0218885_8079159E0,0
0218885_807CFB0E0,0
0218885_807DC3730,0
0218885_807F53750,0
0218885_808B39EA0,0
0218885_808CF97C0,0
0218885_8092C8BC0,0
0218885_8093D7500,0
0218885_809F75370,0
0218885_80AB2CF80,0
0218885_80B34ABD0,0
0218885_80BE1C8D0,0
0218885_80BF2A150,0
0218885_80C0D0690,0
0218885_80C114550,0
0218885_80C542AA0,0
0218885_80C6F8560,0
0218885_80CD42AE0,0
0218885_80D03B020,0
0218885_80E0DE200,0
0218885_80E15EE80,0
0218885_80E313A50,0
0218885_80E6596A0,0
0218885_80F2B1850,0
0218885_80F3DCFA0,0
0218885_80FDBA130,0
0218885_8103B77D0,0
0218885_810756DA0,0
0218885_810E2B520,0
0218885_811301550,0
0218885_8122AB770,0
0218885_812685E70,0
0218885_8136AC3C0,0
0218885_8138370E0,0
0218885_8139355B0,0
0218885_8139DEBE0,0
0218885_813CFFAF0,0
0218897_8075DE100,0
0218897_8075E0A30,0
0218897_8075E5B10,0
0218897_80783FD90,0
0218897_807861450,0
0218897_807B418E0,0
0218897_807CE5030,0
0218897_807F6AC30,0
0218897_8080C06B0,0
0218897_808AFC6A0,0
0218897_80A8EDBD0,0
0218897_80AB0D0B0,0
0218897_80AEE0130,0
0218897_80B4EB860,0
0218897_80BAE6880,0
0218897_80BD651A0,0
0218897_80DC8F380,0
0218897_80E7BB860,0
0218897_80F7B5C30,0
0218897_80FBA7B30,0
0218897_8102F93C0,0
0218897_8104BAAF0,0
0218897_812305B40,0
0218897_81254C430,0
0218897_8128CC530,0
0219077_8077AA3F0,0
0219077_8079B81E0,0
0219077_807A4B560,0
0219077_807B62160,0
0219077_807BB6C60,0
0219077_807BC8DB0,0
0219077_807D05530,0
0219077_807F301A0,0
0219077_80800B9D0,0
0219077_80848C280,0
0219077_808F81D90,0
0219077_8093F12C0,0
0219077_80954A950,0
0219077_8095502D0,0
0219077_8097C6110,0
0219077_809BC8F90,0
0219077_80AC023C0,0
0219077_80B691E00,0
0219077_80BBC17B0,0
0219077_80BCD5E80,0
0219077_80C54E580,0
0219077_80C7C2A60,0
0219077_80D030A40,0
0219077_80D34D6B0,0
0219077_80DED4990,0
0219077_80EBF7F00,0
0219077_80EC186B0,0
0219077_80F415470,0
0219077_8104A6F90,0
0219077_810E6C480,0
0219077_810FDD4A0,0
0219077_8118F6F20,0
0219077_811D06750,0
0219077_812122B60,0
0219077_8125042B0,0
0219077_81250FA00,0
0219184_8072E86B0,0
0219184_8072E9050,0
0219184_80738F120,0
0219184_807547B60,0
0219184_807AF8AA0,0
0219184_807D99BC0,0
0219184_807EE17E0,0
0219184_808989190,0
0219184_8089EC0B0,0
0219184_808A35440,0
0219184_808FBE6E0,0
0219184_8090DC970,0
0219184_80921DF40,0
0219184_80A0EF300,0
0219184_80A1728C0,0
0219184_80A365CC0,0
0219184_80A39E290,0
0219184_80A71DC40,0
0219184_80A98A7A0,0
0219184_80AA06850,0
0219184_80B3A56F0,0
0219184_80BECC530,0
0219184_80C7047D0,0
0219184_80C8DFDD0,0
0219184_80D41CAC0,0
0219184_80D93FDE0,0
0219184_80DD6B180,0
0219184_80E023190,0
0219184_80ECE8AD0,0
0219184_80F2AFFA0,0
0219184_80F4465E0,0
0219184_80FDA8AB0,0
0219184_81048E800,0
0219184_810D05240,0
0219184_81124D010,0
0219184_8113DE3B0,0
0219184_811E73670,0
0219184_812178FF0,0
0219184_8130E4320,0
021918_800AAF3B0,0
021918_800AB2F10,0
021918_800ABB5F0,0
021918_800B372D0,0
021918_800B6C2E0,0
021918_800B8CB00,0
021918_800C57250,0
021918_800C64C00,0
021918_800C66340,0
021918_800C6FD60,0
021918_800C77CD0,0
021918_800C78630,0
021918_800D791C0,0
021918_800D8B2D0,0
021918_800D96B80,0
021918_800E42110,0
021918_800F50470,0
021918_800F63070,0
021918_800FD32D0,0
021918_800FD3590,0
021918_800FE69D0,0
021918_801060070,0
021918_8010C69E0,0
021918_8010D3020,0
021918_8010F7630,0
021918_80121BBF0,0
021918_80129D670,0
021918_8014A6880,0
021918_8014AFE90,0
021918_801546750,0
021918_8015D2A30,0
021918_801697000,0
021918_801698E70,0
021918_80169D3F0,0
021918_801798EE0,0
021918_8018BC610,0
021918_801906ED0,0
021918_801A954A0,0
021918_801B18AE0,0
021918_801B56F60,0
021918_801B85150,0
021918_801C640A0,0
021918_801C6E400,0
021918_801D3A5F0,0
021918_801DDE6C0,0
021918_801E14540,0
021918_801E7FC00,0
021918_801E964F0,0
021918_801ED6610,0
021918_801F27770,0
021918_801FC0180,0
021918_8020D9970,0
021918_80211A0E0,0
021918_802125900,0
021918_802184B10,0
021918_80220FA70,0
021918_80223F000,0
021918_8023E83D0,0
021918_8025896B0,0
021918_8025CC990,0
021918_8025CF500,0
021918_8025F3DB0,0
021918_802638F30,0
021918_8027168A0,0
021918_802721570,0
021918_802796B20,0
021918_80288E4E0,0
021918_8029821C0,0
021918_80299C490,0
021918_8029EBAE0,0
021918_802D808B0,0
021918_802EA36A0,0
021918_802EB0BF0,0
021918_802EB9760,0
021918_802ED5FF0,0
021918_8030B26A0,0
021918_8033FD3A0,0
021918_80367B5C0,0
021918_80377D1E0,0
021918_803C01860,0
021918_80401A160,0
021918_8043C9AC0,0
021918_805060610,0
021918_80506C740,0
021918_8053168D0,1
021918_805BBC7F0,0
021918_805D25220,0
021918_805EB89E0,0
021918_8067D0140,0
021918_8067FD810,0
021918_8068CA0A0,0
021918_80692DC80,0
021918_806FFD470,0
021918_8077CEBE0,0
021918_80784AD10,0
021918_807B75020,0
021918_807FCA1F0,0
021918_80823BD80,0
021918_80850AF50,0
021918_8088D4B70,0
021918_808A8F8F0,0
021918_808F159C0,0
021918_8094087D0,0
021918_80A0AC3E0,0
021918_80A66FA30,0
021918_80AB60B70,0
021918_80B60D2D0,0
021918_80B9DCA50,0
021918_80BA012D0,0
021918_80D096AD0,0
021918_80E3D8750,0
021918_80E698FA0,0
021918_80E799020,0
021918_80ED79880,0
021918_80FDA64B0,1
021918_810C286F0,0
021918_810FCE900,0
021918_811020D80,0
021918_811113850,0
021918_81138BE80,0
021918_811AD7980,0
021918_811D10F20,0
021940_8005ED8B0,0
021940_800BA9BD0,0
021940_800BAEE20,0
021940_800BCF720,0
021940_800BDE7D0,0
021940_800C2E840,0
021940_800C34230,0
021940_800C81A20,0
021940_800C81CA0,0
021940_800CA08E0,0
021940_800CCD870,0
021940_800D3B890,0
021940_800D48D70,0
021940_800D992F0,0
021940_800DCC8D0,0
021940_800EB0F20,0
021940_800EF4EF0,0
021940_800F596B0,0
021940_801082F30,0
021940_80109F970,0
021940_8010A61D0,0
021940_8010F0FE0,0
021940_80112E7D0,0
021940_8011511A0,0
021940_801162D60,0
021940_8011B1340,0
021940_8012569F0,0
021940_80127CD00,0
021940_8013794F0,0
021940_80139E3B0,0
021940_801537BC0,0
021940_80157F1F0,0
021940_80161BB00,0
021940_8016525B0,0
021940_8016BDA40,0
021940_80176B110,0
021940_801784610,0
021940_8019C25C0,0
021940_801A37170,0
021940_801A4FDB0,0
021940_801B277B0,0
021940_801C3E460,0
021940_801CDF8A0,0
021940_801CEFB40,0
021940_801DCC1E0,0
021940_801E3ED70,0
021940_801E45230,0
021940_8021E69A0,0
021940_802230DE0,0
021940_802238C70,0
021940_80224E2E0,0
021940_80225E880,0
021940_8022BFE30,0
021940_802359D40,0
021940_8023DD860,0
021940_802430BC0,0
021940_8024D0930,0
021940_8026AC8B0,0
021940_802773240,0
021940_802816850,0
021940_8028BD300,0
021940_802B468B0,0
021940_8030CFE50,0
021940_8031202C0,0
021940_8032391A0,0
021940_8032A2B20,0
021940_8033008D0,0
021940_8034A63F0,0
021940_803A281D0,0
021940_803AEA060,0
021940_803BE27D0,0
021940_803C22530,0
021940_803D46570,0
021940_804297D50,0
021940_8042E9840,0
021940_804500F20,0
021940_8045401A0,0
021940_8045B85A0,0
021940_8045CD9D0,0
021940_80472B800,0
021940_80498D770,0
021940_8049B7700,0
021940_805A87420,0
021940_805CFD200,0
021940_80601A860,0
021940_8061A11F0,0
021940_8065F87E0,0
021940_8066EB360,0
021940_80677AA70,0
021940_806A4E860,0
021940_806A595F0,0
021940_806A88B30,0
021940_806CF5320,0
021940_8070394E0,0
021940_8077E2450,0
021940_80788E040,0
021940_8079E90E0,0
021940_8081480B0,0
021940_8082668D0,0
021940_8082F2990,0
021940_808978A40,0
021940_8089F6720,0
021940_808BA7D90,0
021940_808C3BFC0,0
021940_808CFCDF0,0
021940_80934ADD0,0
021940_809C63C30,0
021940_809EBDAD0,0
021940_809F19060,0
021940_80B61D8E0,0
021940_80B783A10,0
021940_80BCF9A80,0
021940_80C0070B0,0
021940_80C5AEED0,0
021940_80D507FD0,0
021940_80D806BE0,0
021940_80DAB9E20,0
021940_80DEE7FB0,0
021940_80DF57CB0,0
021940_80DFDC710,0
021940_80E146390,0
021940_80E90CAB0,0
021940_80ED2BE80,0
021940_80EDA5B90,0
021940_80F4DCFF0,0
021940_80F5771E0,0
021940_80FC0C390,0
021940_8104D8710,0
021940_8111B0B10,0
021940_811C857F0,0
021940_81220A820,0
021940_812EE89C0,1
021940_813515910,0
0219444_807786C90,0
0219444_807885AB0,0
0219444_8079151A0,0
0219444_807B1CC10,0
0219444_807B39680,0
0219444_80871CE30,0
0219444_8088A03F0,0
0219444_808EBC440,1
0219444_8099585D0,0
0219444_80B302EE0,0
0219444_80B78ACF0,0
0219444_80B95F9D0,0
0219444_80BA4DD10,0
0219444_80DCF73E0,0
0219444_80DF94820,0
0219444_80F0B2000,0
0219444_80F2CCAF0,0
0219444_80FF09E00,0
0219444_810979BC0,0
0219444_8119001A0,0
0219444_811F90B50,0
0219444_812558040,0
0219444_81348F250,0
0219449_80743B900,0
0219449_807A8F590,0
0219449_808630EB0,0
0219449_8088D0DC0,0
0219449_8088FC280,0
0219449_808A31310,0
0219449_8093F1220,0
0219449_80942D100,0
0219449_809479330,0
0219449_809A1B8D0,0
0219449_80A0AD9F0,0
0219449_80ABA0780,0
0219449_80B6A4030,0
0219449_80B84A6D0,0
0219449_80BA71BB0,0
0219449_80BC83690,0
0219449_80C7FDFB0,0
0219449_80C8896A0,0
0219449_80D4B9640,0
0219449_80DD44890,0
0219449_80DE42BD0,0
0219449_80E7C13F0,0
0219449_80EBFB040,0
0219449_810284570,0
0219449_8102C2200,0
0219449_810B27E10,0
0219449_810CA93E0,0
0219449_810CB9C60,0
0219449_810E36090,0
0219449_810E71790,0
0219449_81104F5F0,0
0219449_81109FAD0,0
0219449_811D3F4C0,0
0219449_813171080,0
0219805_80736FA50,0
0219805_80784AFD0,0
0219805_8078C2A60,0
0219805_807972E60,0
0219805_807A842B0,0
0219805_807A9A3E0,0
0219805_807ADA8B0,0
0219805_807B705E0,0
0219805_807CE2800,0
0219805_807F233C0,0
0219805_807F52390,0
0219805_8081BC4B0,0
0219805_8082177B0,0
0219805_8085171B0,0
0219805_80A09A860,0
0219805_80A0BE8B0,0
0219805_80ABCB470,0
0219805_80B9273C0,0
0219805_80B9AACC0,0
0219805_80C637DB0,0
0219805_80C7A43A0,0
0219805_80D3E0BF0,0
0219805_80D41EE20,0
0219805_80DAC52B0,0
0219805_80ED77FF0,0
0219805_80ED860D0,0
0219805_81026C400,0
0219805_810375090,0
0219805_810D90100,0
0219805_810E336D0,0
0219805_811018480,0
0219805_8119A4320,0
0219805_812DC4E10,0
0219805_81408CF90,0
0219860_8072ED780,0
0219860_8099EAE80,0
0219860_80A413360,0
0219860_80AE6C720,0
0219860_80AE91070,0
0219860_80B342E00,0
0219860_80B38CE30,0
0219860_80B7FE340,0
0219860_80C586750,0
0219860_80C5EA1C0,0
0219860_80C907FC0,0
0219860_80D97FBA0,0
0219860_80DA4B040,0
0219860_80DA4EEB0,0
0219860_80E028B50,0
0219860_80E49A4B0,0
0219860_80ECAED10,0
0219860_80F63CEB0,0
0219860_80FAD6180,0
0219860_810ACF1D0,0
0219860_81144FB20,0
0219860_811A2B220,0
0219860_8130324F0,0
0219860_8132BAE70,0
0219860_813308680,0
0219860_813943EE0,0
0219969_8078D1310,0
0219969_807A63060,0
0219969_807AA3810,0
0219969_807D9FCE0,0
0219969_807F156D0,0
0219969_807F41370,0
0219969_808FCBC20,0
0219969_8090E9EF0,0
0219969_80990A520,0
0219969_809A2D910,0
0219969_809BE5D70,0
0219969_80A6DE950,0
0219969_80A8FDF30,0
0219969_80BDACAA0,0
0219969_80C0D7CC0,0
0219969_80C308AE0,0
0219969_80CD99780,0
0219969_80CE693D0,0
0219969_80D460CD0,0
0219969_80D5AD830,0
0219969_80E1E9340,0
0219969_80E6BD120,0
0219969_80E970CE0,0
0219969_80F2AE1C0,0
0219969_8101F6420,0
0219969_810770D60,0
0219969_811238790,0
0219969_811C8DA50,0
0219969_811CC6520,0
0219969_813B93870,0
0219969_813E59EF0,0
021_804166740,0
021_8042413E0,0
0220083_8077E3550,0
0220083_807949000,0
0220083_807F57C20,0
0220083_80857DFF0,0
0220083_80865D1B0,0
0220083_8087944B0,0
0220083_8089857A0,0
0220083_808BA47B0,0
0220083_808CFF180,0
0220083_808D14280,0
0220083_809058E10,0
0220083_809DD04B0,0
0220083_80A964C90,0
0220083_80AEA0030,0
0220083_80AEBB260,0
0220083_80B5639D0,0
0220083_80BDBFA60,0
0220083_80C113690,0
0220083_80CB83E80,0
0220083_80CDC0520,0
0220083_80D0E1620,0
0220083_80D1BD390,0
0220083_80D63E190,0
0220083_80D94D730,0
0220083_80DC53990,0
0220083_80FB54F60,0
0220083_80FBD0EF0,0
0220083_8118267A0,0
0220083_811850A90,0
0220083_81216DD30,0
0220083_8128410C0,0
0220083_812D57C70,0
0220083_812EF6160,0
0220083_81391F520,0
0220083_813AD20C0,0
0220083_813ADE860,0
0220083_814195B50,0
0220271_80758D900,0
0220271_80763A8E0,0
0220271_8077845D0,0
0220271_807988BD0,0
0220271_8079FF4E0,0
0220271_807EA8BB0,0
0220271_8080D7950,0
0220271_808384DB0,0
0220271_80840E750,0
0220271_8086FD550,0
0220271_808D11760,0
0220271_808D4EDD0,0
0220271_808F861F0,0
0220271_808FB3640,0
0220271_808FDD910,0
0220271_80913E040,0
0220271_80990BB10,0
0220271_809AE95A0,0
0220271_809B7E230,0
0220271_809DFE050,0
0220271_80A6F56D0,0
0220271_80A754A40,0
0220271_80AACC2B0,0
0220271_80B067720,0
0220271_80B115C80,0
0220271_80B27AE60,0
0220271_80B319130,0
0220271_80B5EA0A0,0
0220271_80B9174F0,0
0220271_80BBC83D0,0
0220271_80BFF06B0,0
0220271_80C08EA50,0
0220271_80C140AB0,0
0220271_80C308EC0,0
0220271_80C3126A0,0
0220271_80C34C6D0,0
0220271_80CD447B0,0
0220271_80DABDEB0,0
0220271_80E1C7F10,0
0220271_80E325160,0
0220271_80E746C70,0
0220271_80F13D910,0
0220271_80F8D03E0,0
0220271_8105220C0,0
0220271_81245FB80,0
0220271_812B9DE70,0
0220271_81323EBF0,0
0220271_8133502A0,0
0220271_813AD4460,0
0220271_814441020,0
0220504_807C2C720,0
0220572_8076EFE50,0
0220888_807969EF0,0
0220888_807BB89A0,0
0220888_80890E9C0,0
0220888_8089BA9A0,0
0220888_808F16020,0
0220888_8093E2490,0
0220888_809805A70,0
0220888_80AC24580,0
0220888_80B5296B0,0
0220888_80B56C9E0,0
0220888_80B609B90,0
0220888_80B9F52B0,0
0220888_80BB527A0,0
0220888_80BCBA220,0
0220888_80D534CB0,0
0220888_80D767BE0,0
0220888_80E150860,0
0220888_80E636DF0,0
0220888_80EBD6B50,0
0220888_810304FF0,0
0220888_8104E6640,0
0220888_811D37B50,0
0220888_812101D20,0
0220888_81212A910,0
0220888_8124FE510,0
0220967_807A5D7C0,0
0220967_807AAF140,0
0220967_807BDF5F0,0
0220967_807FD03F0,0
0220967_8080BB620,0
0220967_8080CB570,0
0220967_8087937E0,0
0220967_808C52420,0
0220967_809402F90,0
0220967_80A32B4A0,0
0220967_80A6296A0,0
0220967_80A6AA4F0,0
0220967_80AC0C820,0
0220967_80ACB4B40,0
0220967_80B7A1460,0
0220967_80BBDF8D0,0
0220967_80EBDF8B0,0
0220967_81017B8F0,0
0220967_8102630C0,0
0220967_8105465C0,0
0220967_8119A0DE0,0
0220967_811A5A250,0
0220967_811B22100,0
0220967_812122930,0
0220967_81245AE90,0
0220967_81252ED60,0
0220967_814201F60,0
0221032_807A4B170,0
0221032_807ACD490,0
0221032_807FD5070,0
0221032_80809A830,0
0221032_8080CB260,0
0221032_8083168E0,0
0221032_8085BD9A0,0
0221032_8089BAB50,0
0221032_8093D37C0,0
0221032_809420AA0,0
0221032_80A8EBB70,0
0221032_80B795B40,0
0221032_80B956320,0
0221032_80BA38AF0,0
0221032_80BBC1850,0
0221032_80BCC3AA0,0
0221032_80BD0A1B0,0
0221032_80BF9FC80,0
0221032_80C2A6EE0,0
0221032_80D23CF30,0
0221032_80E0BE6E0,0
0221032_80E279910,0
0221032_80E5F6EF0,0
0221032_8102D71B0,0
0221032_81030BCB0,0
0221032_810716A70,0
0221032_810AD7E70,0
0221032_810E00E80,0
0221032_810FAD0A0,0
0221032_8110E9C50,0
0221032_811995B60,0
0221032_811D0D6E0,0
0221032_8125C05C0,0
0221032_8132FE250,0
0221130_80251D970,0
0221130_807AE8790,0
0221130_807C7F460,0
0221130_807D45B10,0
0221130_80845A8D0,0
0221130_80875B410,0
0221130_80893A670,0
0221130_808D314B0,0
0221130_8092256B0,0
0221130_809723B30,0
0221130_809752AF0,0
0221130_80A37F640,0
0221130_80A3B6A10,0
0221130_80A40A880,0
0221130_80A53DAF0,0
0221130_80A5EA410,0
0221130_80AAEF540,0
0221130_80AB270E0,0
0221130_80AE1A8E0,0
0221130_80AEECA50,0
0221130_80AFD4AC0,0
0221130_80B005B50,0
0221130_80B32C160,0
0221130_80B3384E0,0
0221130_80B8E0F20,0
0221130_80C3789D0,0
0221130_80C6D2D10,0
0221130_80CCE8D80,0
0221130_80D1BE590,0
0221130_80D1C0AD0,0
0221130_80D4F6A20,0
0221130_80DF45570,0
0221130_80E38B2C0,0
0221130_80ED1F010,0
0221130_80ED52E10,0
0221130_80FBDDA80,0
0221130_8103183B0,0
0221130_810440490,0
0221130_8104CDE00,0
0221130_810D16FD0,0
0221130_8117230A0,0
0221130_811ABA2A0,0
0221130_811C204F0,0
0221130_81382A580,0
0221130_813EF2D20,0
0221130_814076D20,0
0221130_81422EA80,0
0221198_807B28150,0
0221198_808007850,0
0221198_80807DFE0,0
0221198_80818BB60,0
0221198_8085622B0,0
0221198_808C94930,0
0221198_809805870,0
0221198_80A09BAF0,0
0221198_80A626310,0
0221198_80B4F5D40,0
0221198_80B5BD0B0,0
0221198_80BA62020,0
0221198_80BB9F410,0
0221198_80BCB0F60,0
0221198_80C0887D0,0
0221198_80C8A6220,0
0221198_80D096020,0
0221198_80DE2B220,0
0221198_80E8E7B50,0
0221198_80F29E830,0
0221198_80FC1A4F0,0
0221198_810718210,0
0221198_810C26BB0,0
0221198_811B109D0,0
0221198_811D0A700,0
0221198_8125439D0,0
0221198_81273D100,0
0221279_8081EF4B0,0
0221279_8088E8FE0,0
0221279_8088F87E0,0
0221279_8088FC930,0
0221279_808A4BC20,0
0221279_808F4FEC0,0
0221279_8093B6020,0
0221279_8093D87B0,0
0221279_80A576990,0
0221279_80A694520,0
0221279_80AFCF220,0
0221279_80B5907B0,0
0221279_80B6BEA60,0
0221279_80BE35560,0
0221279_80BFD6DA0,0
0221279_80C059FC0,0
0221279_80DD67160,0
0221279_80E637A80,0
0221279_80EC08DF0,0
0221279_80EC24390,0
0221279_80F0AF1B0,0
0221279_80F2B03C0,0
0221279_80F9D4FC0,0
0221279_810E1A030,0
0221279_810E36610,0
0221279_81163FEF0,0
0221279_811976480,0
0221279_8127273A0,0
0221279_812775500,0
0221282_806E95D20,0
0221282_80855E410,0
0221282_808565530,0
0221282_8086ABC70,0
0221282_808784F30,0
0221282_809357FA0,0
0221282_80A339E50,0
0221282_80A8259C0,0
0221282_80A8E7810,0
0221282_80AE9F710,0
0221282_80B015E70,0
0221282_80B267280,0
0221282_80B3AAE20,0
0221282_80BCB4B70,0
0221282_80BF30A50,0
0221282_80BF800E0,0
0221282_80C368280,0
0221282_80C561900,0
0221282_80CD02380,0
0221282_80D1532D0,0
0221282_80E1D5C20,0
0221282_80E668E90,0
0221282_80ED18070,0
0221282_80FB7AAF0,0
0221282_80FBE1520,0
0221282_8109EAE70,0
0221282_810AC0F80,0
0221282_810E974A0,0
0221282_8111CFB20,0
0221282_8113E17F0,0
0221282_811527630,0
0221282_813967180,0
0221282_813B9D7B0,0
0221282_813D682D0,0
0221282_8147B4C00,0
0221332_807B8EA50,0
0221332_807F3B7B0,0
0221332_808630390,0
0221332_808703700,0
0221332_80893B610,0
0221332_808988EB0,0
0221332_808CC0680,0
0221332_8091FEC60,0
0221332_8097C9120,0
0221332_809F8B250,0
0221332_80A670710,0
0221332_80A754140,0
0221332_80A99BF90,0
0221332_80AADA9F0,0
0221332_80AE58460,0
0221332_80B398FA0,0
0221332_80B901260,0
0221332_80BDE8290,0
0221332_80C62F4C0,0
0221332_80CD05850,0
0221332_80D329040,0
0221332_80DA4C3A0,0
0221332_80DA595A0,0
0221332_80E0D4070,0
0221332_80E13C870,0
0221332_80E326590,0
0221332_810026300,0
0221332_810E84AE0,0
0221332_8111A59C0,0
0221332_8115E09F0,0
0221332_8118DEBA0,0
0221332_812EB48E0,0
0221332_8130B39B0,0
0221332_8133391D0,0
0221332_8134F5C40,0
0221374_807F4B5E0,0
0221374_8081AB910,0
0221374_8088CB560,0
0221374_808D2F3B0,0
0221374_8092829D0,0
0221374_809A29560,0
0221374_809BCA890,0
0221374_809BDA780,0
0221374_809E4E9D0,0
0221374_80A018CC0,0
0221374_80B26A200,0
0221374_80B3996C0,0
0221374_80B577360,0
0221374_80BDD7DE0,0
0221374_80BDF4A70,0
0221374_80BEE05F0,0
0221374_80C088570,0
0221374_80C3EF6A0,0
0221374_80CDA0180,0
0221374_80D266B50,0
0221374_80D289750,0
0221374_80D732F80,0
0221374_80D875A00,0
0221374_80D8C81B0,0
0221374_80D93ECC0,0
0221374_80DF048C0,0
0221374_80DFAEB70,0
0221374_80E01C370,0
0221374_80E0CD9F0,0
0221374_80E657790,0
0221374_80E705C10,0
0221374_80E7A2C70,0
0221374_80F9622F0,0
0221374_8100749C0,0
0221374_8106B7360,0
0221374_811498300,0
0221374_811A2D470,0
0221374_8121F3E10,0
0221374_812A28F70,0
0221374_812F04A50,0
0221374_8130BD8B0,0
0221374_8130D3E90,0
0221374_813569D40,0
0221527_807C8BA40,0
0221527_807DB4650,0
0221527_807F69EF0,0
0221527_808224DB0,0
0221527_808FD53F0,0
0221527_8094ACD10,0
0221527_809B79240,0
0221527_80A019120,0
0221527_80A21AA20,0
0221527_80A4DC3C0,0
0221527_80A4DD350,0
0221527_80A8DAC70,0
0221527_80AD61260,0
0221527_80B4A89D0,0
0221527_80BECF300,0
0221527_80C19FEB0,0
0221527_80C2B8F00,0
0221527_80C70A9D0,0
0221527_80D4C5B00,0
0221527_80D67F160,0
0221527_80D9B01A0,0
0221527_80E00B9B0,0
0221527_80E12EEF0,0
0221527_80E1FF0B0,0
0221527_80F289100,0
0221527_80F62DE40,0
0221527_80FEEE110,0
0221527_810329E80,0
0221527_810E96AD0,0
0221527_811CC35D0,0
0221527_812B6CD80,0
0221527_812B9DBB0,0
0221527_812CCA9E0,0
0221527_8130AA160,0
0221527_81354DF20,0
0221527_8135F5700,0
0221527_8136ABAB0,0
0221527_813A54750,0
0221527_81471C3E0,0
022164_800C57F40,0
022164_800C58430,0
022164_800CB0E10,0
022164_800D2B500,0
022164_800D2D450,0
022164_800D3BD30,0
022164_800D6B8A0,0
022164_800DD2C30,0
022164_800DDECC0,0
022164_800E8B7F0,0
022164_800E98840,0
022164_800E9FC60,0
022164_800EADC20,0
022164_800EF3D90,0
022164_800F65300,0
022164_800F6C990,0
022164_8010A3310,0
022164_8010D7600,0
022164_801129B00,0
022164_801185DD0,0
022164_8011F7DB0,0
022164_8012263A0,0
022164_80124BDE0,0
022164_801279D00,0
022164_801301C60,0
022164_80131D210,0
022164_801413500,0
022164_8015306F0,0
022164_8015306F1,0
022164_801563970,0
022164_80156A210,0
022164_8015F7100,0
022164_80160E9D0,0
022164_8016401C0,0
022164_8016F09D0,0
022164_801704570,0
022164_801752190,0
022164_8017ED4A0,0
022164_8017FD620,0
022164_801818650,0
022164_80183BAA0,0
022164_801976AB0,0
022164_801A01910,0
022164_801A537B0,0
022164_801A9ACC0,0
022164_801AB19C0,0
022164_801B5CFC0,0
022164_801B65090,0
022164_801CB6640,0
022164_801D19FD0,0
022164_801F2EE90,0
022164_80229BA90,0
022164_802332CC0,0
022164_8023FBD80,0
022164_802B64890,0
022164_802C23D70,0
022164_802FB0310,0
022164_802FE56D0,0
022164_8031A3210,0
022164_80327CC80,0
022164_803A8DD90,0
022164_803ADE860,0
022164_803C639F0,0
022164_8041D5F30,0
022164_80453FFB0,0
022164_80476B950,0
022164_80477C610,0
022164_8047EF5D0,0
022164_804852A50,0
022164_804959E10,0
022164_804BE3810,0
022164_804D2F1E0,0
022164_804D5D660,0
022164_804DF4A60,0
022164_804E3C880,0
022164_804E53CA0,0
022164_804ED7AB0,0
022164_804ED8250,0
022164_8051AABC0,1
022164_8051D87D0,0
022164_8056E1060,0
022164_805B98E60,0
022164_805F01F50,0
022164_8061A0790,0
022164_8064F7110,0
022164_806631940,0
022164_806747C90,0
022164_806A1D6A0,0
022164_806E60560,0
022164_80726C600,0
022164_807A27410,0
022164_8083D9D80,0
022164_80857D3C0,0
022164_8088AF6F0,0
022164_808998A00,0
022164_8089AB340,0
022164_808BCD270,0
022164_808BD60E0,0
022164_809BEB040,0
022164_809C800F0,0
022164_80A541FA0,0
022164_80A7DF780,0
022164_80B535800,0
022164_80B7FC940,0
022164_80BF83E60,0
022164_80C006F50,0
022164_80C2BF580,0
022164_80CBC3DD0,0
022164_80D10FE60,0
022164_80D10FF00,0
022164_80D1B98E0,0
022164_80D5B4110,0
022164_80DAA1B80,0
022164_80DD64880,0
022164_80EF8FE70,0
022164_80F7D6660,0
022164_80F8D7E20,0
022164_8103D84C0,0
022164_8104B7770,0
022164_8116D6150,0
022164_811798080,0
022164_812B6E8F0,0
022164_813853200,0
022164_81400EF00,0
022164_81422C210,0
0221691_808069FF0,0
0221691_8080F4B90,0
0221691_8081F70A0,0
0221691_80854A470,0
0221691_80898A180,0
0221691_808D08A40,0
0221691_8093C8D20,0
0221691_8098BFEC0,0
0221691_80A06F750,0
0221691_80ACA4C00,0
0221691_80B1515D0,0
0221691_80B153500,0
0221691_80B1A2FD0,0
0221691_80B404D70,0
0221691_80B494EA0,0
0221691_80B73BA00,0
0221691_80BD515A0,0
0221691_80C10B870,0
0221691_80D16B990,0
0221691_80D560EC0,0
0221691_80D64C4E0,0
0221691_80D73CE10,0
0221691_80DA62C00,0
0221691_80E0F2170,0
0221691_80E1E2BC0,0
0221691_80E4561A0,0
0221691_80E69C420,0
0221691_80EC49020,0
0221691_80F193E50,0
0221691_81038E350,0
0221691_81058B660,0
0221691_811E30C60,0
0221691_811FBC9E0,0
0221691_81232B760,0
0221691_8133683D0,0
0221691_813573040,0
0221691_81415A010,0
0221691_8143B9E90,0
0221731_808204290,0
0221731_8088AAA40,0
0221731_8088CC8E0,0
0221731_808994AC0,0
0221731_80913A8C0,0
0221731_809656CD0,0
0221731_809834F50,0
0221731_809A00BA0,0
0221731_80A0F0E10,0
0221731_80A4E4E50,0
0221731_80AAF3C40,0
0221731_80AB4FBA0,0
0221731_80B33B140,0
0221731_80B35EFD0,0
0221731_80B4B31F0,0
0221731_80C79B840,0
0221731_80CD7D200,0
0221731_80D030F20,0
0221731_80D4011A0,0
0221731_80D4B3900,0
0221731_80DFC3350,0
0221731_80E7A22C0,0
0221731_80EDA76C0,0
0221731_810383190,0
0221731_81049EFB0,0
0221731_812A5C8F0,0
0221731_812D600F0,0
0221731_8130CBD90,0
0221731_8132B94B0,0
0221731_8132E0330,0
0221731_8135B8250,0
0221731_8139349A0,0
0221731_813AAB790,0
0221765_8085DCB20,0
0221868_80816EEF0,0
0221868_8082297B0,0
0221868_808BD9380,0
0221868_808CF9D40,0
0221868_8090468E0,0
0221868_80A174BB0,0
0221868_80A539250,0
0221868_80B86B530,0
0221868_80B878B90,0
0221868_80BBF0310,0
0221868_80BD60DE0,0
0221868_80C0A15D0,0
0221868_80D15BDB0,0
0221868_80D262410,0
0221868_80D57FAB0,0
0221868_80D9AA0D0,0
0221868_80DE756F0,0
0221868_80DEF6890,0
0221868_80DEFE040,0
0221868_80DFD9DF0,0
0221868_80FBF3680,0
0221868_810380300,0
0221868_810706F90,0
0221868_810DE8AE0,0
0221868_811788420,0
0221868_812E54B00,0
0221868_812E65EA0,0
0221868_813130550,0
0221891_807ECBCF0,0
0221891_808762680,0
0221891_80882E490,0
0221891_8088B70B0,0
0221891_8089E8F00,0
0221891_808A41AA0,0
0221891_808A77AD0,0
0221891_80925E3C0,0
0221891_80968A550,0
0221891_8096DFC60,0
0221891_809756FD0,0
0221891_809930160,1
0221891_809A2D9E0,0
0221891_809A658E0,0
0221891_80A17F6B0,0
0221891_80A654460,0
0221891_80B395970,0
0221891_80B398060,0
0221891_80B3F4C10,0
0221891_80B6EF860,0
0221891_80BBE5D90,0
0221891_80BDF98F0,0
0221891_80C136B60,0
0221891_80D17F280,0
0221891_80D31C550,0
0221891_80D4D8E00,0
0221891_80D6DF340,0
0221891_80D8ACA90,0
0221891_80DA37C40,0
0221891_80DE37620,0
0221891_80DE97350,0
0221891_80DFDEBB0,0
0221891_80F28AE00,0
0221891_8100A81E0,0
0221891_810B24C80,1
0221891_810B6EB30,0
0221891_811477130,0
0221891_812DC7E60,0
0221891_812DC9820,0
0221891_813D46720,0
022205_800AFF630,0
022205_800CB9A30,0
022205_800CBB100,0
022205_800CC0350,0
022205_800CC0520,0
022205_800CF5450,0
022205_800D0B990,0
022205_800DDAB70,0
022205_800DEE080,0
022205_800DFE0A0,0
022205_800E87AB0,0
022205_800F44AE0,0
022205_800F48710,0
022205_800F71CC0,0
022205_800F82A30,0
022205_800F97A40,0
022205_800FF5D80,0
022205_8010083E0,0
022205_801091600,0
022205_801114C00,0
022205_801118300,0
022205_80111C4C0,0
022205_8013C4930,0
022205_8013EB020,0
022205_80157A980,0
022205_801606320,0
022205_801655B80,0
022205_80166F4F0,0
022205_8016D6DA0,0
022205_801712160,0
022205_8018979C0,0
022205_8019165D0,0
022205_801923670,0
022205_801943190,0
022205_801AB9890,0
022205_801BDBA10,0
022205_801CF0B90,0
022205_801D49B70,0
022205_801DA51E0,0
022205_801E3FFA0,0
022205_8022ACB40,0
022205_802312830,0
022205_8024588B0,0
022205_802761C70,0
022205_8027B9810,0
022205_8027FEFE0,0
022205_802AE62D0,0
022205_802B5CF50,0
022205_802B9FA20,0
022205_802BA97E0,0
022205_802BE1F90,0
022205_802C289B0,0
022205_80318C790,0
022205_803420130,0
022205_8034F2A70,0
022205_803712FE0,0
022205_803721FC0,0
022205_80392FA70,0
022205_803A08470,0
022205_803CA51B0,0
022205_804027250,0
022205_804263840,0
022205_804378690,0
022205_80512EC20,0
022205_8053978A0,0
022205_8054A9FF0,0
022205_805A8FFC0,0
022205_805AA8690,0
022205_805B2C510,0
022205_805E1B9C0,0
022205_8062F5A00,0
022205_806409D60,0
022205_8064612A0,0
022205_8065C2C90,0
022205_806751C20,0
022205_80678BD80,0
022205_80685CC70,0
022205_806A6EBA0,0
022205_806B1FB40,0
022205_806C70DA0,0
022205_8070CFA80,0
022205_807334930,0
022205_80755F1B0,0
022205_80758B5E0,0
022205_8079FDD90,0
022205_807C9E650,0
022205_807DA2A40,0
022205_80858A540,0
022205_808742200,0
022205_808C98880,0
022205_808CBFEF0,0
022205_808FB05B0,0
022205_809758FD0,0
022205_809C41860,0
022205_809FBE530,0
022205_80A2EE3D0,0
022205_80A343EB0,0
022205_80A39FCB0,0
022205_80B29D3B0,0
022205_80BD95280,0
022205_80C0D3CE0,0
022205_80C6D4E30,0
022205_80D056120,0
022205_80D48F480,0
022205_80D6EB300,0
022205_80DCB0F20,0
022205_80DCB0F21,0
022205_80DE697A0,0
022205_80E306CA0,0
022205_80E6A8770,0
022205_80E7511C0,0
022205_80EDA5C80,0
022205_80EFF6D30,0
022205_80F63ABE0,0
022205_80F702650,0
022205_8111DFB80,0
022205_8118E4050,0
022205_811D6FC70,0
022205_81377C1C0,0
0222103_80847BA70,0
0222103_808C47110,0
0222103_80936FE10,0
0222103_809402670,0
0222103_809779A40,0
0222103_8097BD1B0,0
0222103_80A2824B0,0
0222103_80ABA2020,0
0222103_80AEF2850,0
0222103_80B962500,0
0222103_80C8E17F0,0
0222103_80D232A20,0
0222103_80D29A210,0
0222103_80D412BB0,0
0222103_80E784BB0,0
0222103_80F244F50,0
0222103_810F41B90,0
0222103_8120DC5E0,0
0222103_81258D260,0
0222268_8086445E0,0
0222363_808998FA0,0
0222363_808C424F0,0
0222363_808C53520,0
0222363_808D09AD0,0
0222363_8092D7FD0,0
0222363_809C49850,0
0222363_80A58CA10,0
0222363_80AD45990,0
0222363_80AFD6000,0
0222363_80B44B510,0
0222363_80B9415E0,0
0222363_80BBFE610,0
0222363_80BF5DA80,0
0222363_80BF786C0,0
0222363_80C5EAA60,0
0222363_80CFEA2B0,0
0222363_80D042E00,0
0222363_80D454CA0,0
0222363_80D934C60,0
0222363_80DD3EFB0,0
0222363_80DF721C0,0
0222363_80E04C1C0,0
0222363_80E158DF0,0
0222363_80E79DFC0,0
0222363_80F701FA0,0
0222363_80F9555A0,0
0222363_80F96E2D0,0
0222363_81009AA90,0
0222363_811D50820,0
0222363_811E20F60,0
0222363_8126A3FF0,0
0222363_813744A00,0
0222664_808D260B0,0
0222664_808FB9FC0,0
0222664_8090AFD30,0
0222664_8093629B0,0
0222664_8094B9130,0
0222664_8098AFF70,0
0222664_809A5A3A0,0
0222664_809C043E0,0
0222664_809C2F150,0
0222664_809C7DD70,0
0222664_80A59CF60,0
0222664_80AACD700,0
0222664_80AEBAB20,0
0222664_80B5382D0,0
0222664_80BCB3540,0
0222664_80C05BB50,0
0222664_80C81EB60,0
0222664_80D7EC5F0,1
0222664_80DCB5E00,0
0222664_80E0E8120,0
0222664_80FA6F8E0,0
0222664_810B398B0,0
0222664_8122F31C0,0
0222664_8126EF4B0,0
0222664_812E62A60,0
0222664_813551870,0
0222664_813B23D20,0
0222664_814390750,0
0222664_8143951A0,0
0222664_8143B0A10,0
0222664_8146F6E90,0
0223026_8088EC3C0,0
0223026_808901440,0
0223026_808BB42B0,0
0223026_809760F40,0
0223026_80ABA80E0,0
0223026_80B35FB40,0
0223026_80B9160F0,0
0223026_80BCC14B0,0
0223026_80C8E7670,0
0223026_80D1EEC40,0
0223026_80D649800,0
0223026_80E30BAC0,0
0223026_80E52C270,0
0223026_80E6385A0,0
0223026_80ED3B5B0,0
0223026_80F2060C0,0
0223026_80F241440,0
0223026_80F7BB8F0,0
0223026_80FDA4A30,0
0223026_810B4C0D0,0
0223026_811660C50,0
0223026_811AFBDA0,0
0223026_811F86890,0
0223026_81259A9D0,0
0223026_81259F920,0
0223026_812958290,0
0223030_808F3AB30,0
0223030_8091196A0,0
0223030_80A759750,0
0223030_80B5D7620,0
0223030_80B6D25B0,0
0223030_80B7A1820,0
0223030_80B9E99B0,0
0223030_80BADDE80,0
0223030_80D1F4480,0
0223030_80D542F00,0
0223030_80D657A20,0
0223030_80DE0F260,0
0223030_80E768430,0
0223030_80F7CA780,0
0223030_80F7F6310,0
0223030_8102E6940,0
0223030_81037C2C0,0
0223030_810BF37A0,0
0223030_810D87D30,0
0223030_811628F00,0
0223030_81213B170,0
0223041_808A6F560,0
0223041_809143F20,0
0223041_80A3314B0,0
0223041_80A4E78F0,0
0223041_80B0CABF0,0
0223041_80B4ACC00,0
0223041_80B5C2A60,0
0223041_80BDC3B40,0
0223041_80C283CE0,0
0223041_80C2B6630,0
0223041_80C833B30,0
0223041_80C90F340,0
0223041_80CEF4140,0
0223041_80D02F560,0
0223041_80D05CB80,0
0223041_80D130A40,0
0223041_80D1C1200,0
0223041_80D1D8B10,0
0223041_80D9AAC30,0
0223041_80DA05130,0
0223041_80DB5B7C0,0
0223041_80E4B53F0,0
0223041_80EC43400,0
0223041_80F8D38D0,0
0223041_80FE16BD0,0
0223041_810745730,0
0223041_811164880,0
0223041_812845010,0
0223041_812EB8160,0
0223041_813517770,0
0223041_813A97F50,0
0223041_813AEDDD0,0
0223041_813C6C6A0,0
0223041_8145D8910,0
0223041_814818B60,0
0223090_8092DD2B0,0
0223090_8093A91C0,0
0223090_80BAEADA0,1
0223090_80BCAA850,0
0223090_80BCAE8C0,0
0223090_80C8AE0C0,0
0223090_80D0EA5D0,0
0223090_80D230120,0
0223090_80D409270,0
0223090_80D777B80,0
0223090_80DC9D180,0
0223090_80E637AD0,0
0223090_8106C1FC0,0
0223090_81101FB30,0
0223090_811047190,0
0223090_811974DC0,0
0223090_811E310A0,0
0223090_8125521C0,0
0223090_81320AA80,0
0223090_81348B9D0,0
0223090_813C0FA50,0
0223233_808CBD940,0
0223233_80A0652C0,0
0223233_80A84DCF0,0
0223233_80AAD2D50,0
0223233_80ABAFDD0,0
0223233_80B3F36A0,0
0223233_80B437270,0
0223233_80BD79D20,0
0223233_80BE38590,0
0223233_80C1474D0,0
0223233_80C738840,0
0223233_80D2F8680,0
0223233_81072C1D0,0
0223233_81088D970,0
0223233_810C5A5B0,0
0223233_810D7C680,0
0223233_8122F5F20,0
0223233_8128743B0,0
0223233_812C5BD00,0
0223240_809193E30,0
0223240_80975DB80,0
0223240_809C8E860,0
0223240_80A034E00,0
0223240_80B333D30,0
0223240_80B350F50,0
0223240_80B650FA0,0
0223240_80B87B930,0
0223240_80B9F5D00,0
0223240_80B9FF630,0
0223240_80BAD8AD0,0
0223240_80BBE6D70,0
0223240_80BC7FCB0,0
0223240_80BCCF280,0
0223240_80C8C72C0,0
0223240_80CA27F90,0
0223240_80D2C6A90,0
0223240_810976700,0
0223240_810DCA660,0
0223240_810F95410,0
0223240_810F98010,0
0223240_812213D70,0
0223240_81251F8B0,0
0223240_8125C87A0,0
022345_800DFF5B0,0
022345_800E9A7E0,0
022345_800EDF1C0,0
022345_800EFAAF0,0
022345_800F14540,0
022345_800F7A250,0
022345_800F7D540,0
022345_800FB5220,0
022345_800FB7320,0
022345_800FC7B00,0
022345_800FF6AD0,0
022345_80108C3D0,0
022345_8010EA130,0
022345_801155D50,0
022345_8011630B0,0
022345_80117F170,0
022345_8011A4A80,0
022345_8011E11C0,0
022345_8011E9C40,0
022345_8011F4B70,0
022345_80123EF10,0
022345_80128EC40,0
022345_8012A4E90,0
022345_8012D4970,0
022345_801324890,0
022345_801395AA0,0
022345_80146C860,0
022345_801628F10,0
022345_8016537F0,0
022345_80172F8C0,0
022345_8017C3660,0
022345_8017CDD70,0
022345_801850D80,0
022345_8018A5860,0
022345_801932150,0
022345_801934890,0
022345_801953BC0,0
022345_801A3FF60,0
022345_801A4FBC0,0
022345_801B0C870,0
022345_801B753E0,0
022345_801B762E0,0
022345_801BD6860,0
022345_801CD3540,0
022345_801CF47E0,0
022345_801D262A0,0
022345_801F64910,0
022345_802016E40,0
022345_80224E8E0,0
022345_8022ED8E0,0
022345_8023458A0,0
022345_802400080,0
022345_802445A10,0
022345_80249CC10,0
022345_8029C9CC0,0
022345_802B60080,0
022345_802D81580,0
022345_802DAC0C0,0
022345_802E17FF0,0
022345_802E49C00,0
022345_8030FF8A0,0
022345_8031A3630,0
022345_8032A8B50,0
022345_8032B3850,0
022345_8032D90D0,0
022345_803344F50,0
022345_8033F1D10,0
022345_8034AD860,0
022345_8034BAF70,0
022345_8034FA360,0
022345_80369CFE0,0
022345_8037A38A0,0
022345_803E3D9C0,0
022345_8044129C0,0
022345_80461DBF0,0
022345_80479CEB0,0
022345_804ED1AE0,0
022345_805025300,0
022345_8051F4930,0
022345_8053EBFE0,0
022345_80553C9C0,0
022345_8057AF040,0
022345_8057BD370,0
022345_8057BDFC0,0
022345_8057E1130,0
022345_8057E6230,0
022345_805BB0580,0
022345_805DE34F0,0
022345_805F91680,0
022345_806076970,0
022345_80625F1B0,0
022345_80633AF20,0
022345_8065FB560,0
022345_8066ED190,0
022345_806D17960,0
022345_8070E6890,0
022345_8074ACA60,0
022345_8075B6D10,0
022345_807D800D0,0
022345_807D962F0,0
022345_807F533A0,0
022345_807FD3FF0,0
022345_80817BA90,0
022345_8081D6EC0,0
022345_808545EE0,0
022345_8086BD9C0,0
022345_809122F40,0
022345_80922AEB0,0
022345_809B0A5F0,0
022345_809EF7B40,0
022345_809F897C0,0
022345_80A3811B0,0
022345_80A6E2A30,0
022345_80A77D150,0
022345_80A905A70,0
022345_80B47FD80,0
022345_80BE39AE0,0
022345_80BEDD0A0,0
022345_80BF87310,0
022345_80C482B60,0
022345_80C56C590,0
022345_80C8420F0,0
022345_80D1BF1E0,0
022345_80D7E2D30,0
022345_80DA6CCF0,0
022345_80E0091C0,0
022345_80E1074C0,0
022345_80E282220,0
022345_80EDA4320,0
022345_80EDA68C0,0
022345_81031B740,0
022345_811145940,0
022345_81195CC90,0
022345_81382C8F0,0
022345_8144543A0,0
0223635_808A1CE70,0
0223635_808BDF890,0
0223635_808D2DC80,0
0223635_808D3C6C0,0
0223635_8097B0020,0
0223635_809BB6160,0
0223635_809F11710,0
0223635_80A0DCD80,0
0223635_80A1737D0,0
0223635_80A522230,0
0223635_80B020260,0
0223635_80B273BC0,0
0223635_80B430810,0
0223635_80B47A400,0
0223635_80B580C60,0
0223635_80B628B50,0
0223635_80B8CCCE0,0
0223635_80BD5A8F0,0
0223635_80C0366B0,0
0223635_80C13B7E0,0
0223635_80C333FF0,0
0223635_80CB840F0,0
0223635_80CC4A650,0
0223635_80D447D80,0
0223635_80D552F30,0
0223635_80DD66270,0
0223635_80DE35900,0
0223635_80E040C50,0
0223635_80E0AB8D0,0
0223635_80E0CC700,0
0223635_80E6F09B0,0
0223635_80F2A1CB0,0
0223635_80FC83E20,0
0223635_8106F8780,0
0223635_81180DB80,0
0223635_811AAFA10,0
0223635_811BD8B60,0
0223635_8121E6100,0
0223635_813487FE0,0
0223635_8145C01E0,0
0223641_809742FA0,0
0223641_80A1C6060,0
0223641_80A6285F0,0
0223641_80AF34750,0
0223641_80B5F8FA0,0
0223641_80B67A760,0
0223641_80B9CC820,0
0223641_80C8C8390,0
0223641_80D536DE0,0
0223641_80E2D6C30,0
0223641_80E7BB520,0
0223641_80EC049D0,0
0223641_80ECBA1D0,0
0223641_810B6C3C0,0
0223641_81118D750,0
0223641_8118F5290,0
0223641_8119652A0,0
0223641_811D1E100,0
0223641_81213F130,0
0223641_8121FFC80,0
0223641_8125098F0,0
0223645_808A38140,0
0223645_808C3CFF0,0
0223645_808CF99A0,0
0223645_808D26480,0
0223645_808E8B200,0
0223645_8091E4390,0
0223645_8097C38D0,0
0223645_809AA9060,0
0223645_80A526FF0,0
0223645_80AC29680,0
0223645_80B515050,0
0223645_80B97EEA0,0
0223645_80C0D6B30,0
0223645_80CFA5AA0,0
0223645_80D152DF0,0
0223645_80D55FE20,0
0223645_80D640E90,0
0223645_80D7E41C0,0
0223645_80DE5F8B0,0
0223645_80DECB900,0
0223645_80E4B6000,0
0223645_8104B5C30,0
0223645_810513BB0,0
0223645_810C807A0,0
0223645_811231FC0,0
0223645_8118B8D70,0
0223645_811C6D230,0
0223645_812438480,0
0223645_812D406F0,0
0223645_812EEAAE0,0
0223649_8091D1780,0
0223649_809533D50,0
0223649_80993E440,0
0223649_809C0DC60,0
0223649_80ACC8A80,0
0223649_80AE15B00,0
0223649_80AEA11A0,0
0223649_80B24D600,0
0223649_80B537490,0
0223649_80B5649A0,0
0223649_80B6DF820,0
0223649_80B8D0740,0
0223649_80C32A1C0,0
0223649_80C3FB4D0,0
0223649_80CD8FB60,0
0223649_80D107E60,0
0223649_80D1C1070,0
0223649_80D334290,0
0223649_80D3C79D0,0
0223649_80D887330,0
0223649_80DA23530,0
0223649_80DC74A50,0
0223649_80DE5BBD0,0
0223649_80DF260B0,0
0223649_80DF9A2B0,0
0223649_80E02D070,0
0223649_80E37B4A0,0
0223649_80EB5FD90,0
0223649_80EC8AAD0,0
0223649_80FEF3E70,0
0223649_81038D550,0
0223649_810764E60,0
0223649_810C0CCF0,0
0223649_8118D9560,0
0223649_81233A4F0,0
0223649_8126827D0,0
0223649_812782720,0
0223649_8129373F0,0
0223649_8139B8DF0,0
0223908_808D55670,0
0223908_8093C3630,0
0223908_80A2A7160,0
0223908_80A798480,0
0223908_80B6BD1A0,0
0223908_80B98B150,0
0223908_80BA3D1A0,0
0223908_80BC89F80,0
0223908_80C630A10,0
0223908_80C65E950,0
0223908_80C77C800,0
0223908_80C7BBF80,0
0223908_80D4306A0,0
0223908_80D44FBC0,0
0223908_80E03E490,0
0223908_80EBD0760,0
0223908_80EBF2AC0,0
0223908_8109683D0,0
0223908_811D16A40,0
0224449_808FEF500,0
0224449_80968CB70,0
0224449_809CE7BD0,0
0224449_809E91E40,0
0224449_809ECC1B0,0
0224449_809FAA490,0
0224449_80A038340,0
0224449_80A68AE30,0
0224449_80AEB4990,0
0224449_80B29C020,0
0224449_80B4AC260,0
0224449_80B4CEC90,0
0224449_80B5C12C0,0
0224449_80B897580,0
0224449_80BAF4AB0,0
0224449_80BDA7980,0
0224449_80C3550E0,0
0224449_80CBC03C0,0
0224449_80D2C6270,0
0224449_80D642CF0,0
0224449_80DCACB50,0
0224449_80DFFBE60,0
0224449_80E0A1F40,0
0224449_80EC476D0,0
0224449_80FE45E80,0
0224449_80FF51600,0
0224449_811183DE0,0
0224449_8116A7210,0
0224449_811775430,0
0224449_812BC4A70,0
0224449_812F02550,0
0224449_8132D8880,0
0224466_808FBEAD0,0
0224466_80923F250,0
0224466_8095BED60,0
0224466_8095BEDB0,0
0224466_809DBCCA0,0
0224466_809E702D0,0
0224466_809FB4370,0
0224466_80A3154D0,0
0224466_80A3CB640,0
0224466_80A504DA0,0
0224466_80AA78F20,0
0224466_80B3482C0,0
0224466_80B3835B0,0
0224466_80B435450,0
0224466_80B4BAFB0,0
0224466_80B77F960,0
0224466_80BA8F100,0
0224466_80BC0ADA0,0
0224466_80BF2FC60,0
0224466_80BF9FF70,0
0224466_80D2B52C0,0
0224466_80DB59CB0,0
0224466_80DF03A70,0
0224466_80DF6D860,0
0224466_80E0ABC90,0
0224466_80E8F8D60,0
0224466_80F93EFA0,0
0224466_80F9C64C0,0
0224466_810581400,0
0224466_812A59400,0
0224466_8131359B0,0
0224466_81358A430,0
0224466_813A67260,0
0224466_8143B1030,0
0224555_8094723E0,0
0224555_80A76C300,0
0224555_80A967BB0,0
0224555_80AC96170,0
0224555_80B68FDB0,0
0224555_80BA278F0,0
0224555_80BB9C2F0,0
0224555_80BFA3390,0
0224555_80C0A44E0,0
0224555_80C2DC500,0
0224555_80C894690,0
0224555_80C8E4000,0
0224555_80D0CD5D0,0
0224555_80D3B6520,0
0224555_80DA9ACA0,0
0224555_80E2D84C0,0
0224555_80E383A80,0
0224555_80EC23D30,0
0224555_80FF5FDA0,0
0224555_810378E50,0
0224555_810958440,0
0224555_811648400,0
0224555_811648401,0
0224555_811987D20,0
0224555_811D30BA0,0
0224555_8120ECC60,0
0224555_812160180,0
0224555_81257C6A0,0
0224555_814168820,0
0224866_808FC8EF0,0
0224866_8090509B0,0
0224866_8099EB100,0
0224866_809EB8070,0
0224866_809EB9170,0
0224866_80A169EF0,0
0224866_80AE1D580,0
0224866_80AEB6170,0
0224866_80B3A9760,0
0224866_80B6152F0,0
0224866_80B6C78E0,0
0224866_80B8197E0,0
0224866_80BD63CF0,0
0224866_80BE0DEE0,0
0224866_80C0975C0,0
0224866_80C1A1E40,0
0224866_80D05C340,0
0224866_80D151C70,0
0224866_80D468C80,0
0224866_80DFBDCE0,0
0224866_80E73E1F0,0
0224866_80F358EB0,0
0224866_80FDA9A40,0
0224866_810E87FC0,0
0224866_811771520,0
0224866_811AD39F0,0
0224866_811C60440,0
0224866_812EFA8D0,0
0224866_8130DAE60,0
0224866_8131B0170,0
0224866_813468B70,0
0224866_813660980,0
0224866_8139CB6D0,0
0225156_809467650,0
0225156_80A412C60,0
0225156_80A56E8C0,0
0225156_80A8288B0,0
0225156_80A8F6B30,0
0225156_80AF453D0,0
0225156_80B6DA0C0,0
0225156_80B81E2D0,0
0225156_80C2C2B10,0
0225156_80CC4F1D0,0
0225156_80CD414B0,0
0225156_80D056FA0,0
0225156_80D0EC060,0
0225156_80D767050,0
0225156_80D7E2B10,0
0225156_80D7F5510,0
0225156_80DA10E00,0
0225156_80E064460,0
0225156_80E0B81B0,0
0225156_80E6166C0,0
0225156_80F334060,0
0225156_80F641A30,0
0225156_80F906CE0,0
0225156_8104483A0,0
0225156_811D903E0,0
0225156_81219CC80,0
0225156_81233BA70,0
0225156_812A4E820,0
0225156_812F0C230,0
0225156_813339400,0
0225156_8134F96C0,0
0225156_813690700,0
0225156_813A8F910,0
0225156_8146F1EA0,0
0225215_8092B0780,0
0225263_809281C90,0
0225263_8099282A0,0
0225263_809C77C70,0
0225263_809FFA190,0
0225263_80A020BC0,0
0225263_80A4119B0,0
0225263_80A75D130,0
0225263_80B0CADE0,0
0225263_80C0F59F0,0
0225263_80C1094C0,0
0225263_80CD8BA10,0
0225263_80D3C94D0,0
0225263_80D3C9670,0
0225263_80D4FCE50,0
0225263_80DA41860,0
0225263_80E2D5FF0,0
0225263_80E30EC30,0
0225263_80E355B50,0
0225263_80E3BEB60,0
0225263_80F7D0200,0
0225263_8100A9CC0,0
0225263_8102701E0,0
0225263_81041C450,0
0225263_8104377B0,0
0225263_810E69140,0
0225263_8118CA270,0
0225263_8118E9330,0
0225263_8133EE110,0
0225263_8135A3E60,0
0225263_81415AA00,0
0225589_80A0CEEF0,0
0225589_80AB473D0,0
0225589_80BC80250,0
0225589_80BC84B60,0
0225589_80BCD5210,0
0225589_80BF4BE70,0
0225589_80C29AF00,0
0225589_80D53DB20,0
0225589_80D62A640,0
0225589_80DAF9280,0
0225589_80DCF9480,0
0225589_80F0B1CD0,0
0225589_810DA73F0,0
0225589_8124A2EA0,0
0225589_812505340,0
0225589_8125F7E20,0
0225589_8134CA370,0
0225589_8142009E0,0
0225622_812F6D980,0
0225690_8095472B0,0
0225690_80A0A6A50,0
0225690_80AB814C0,0
0225690_80B6AF910,0
0225690_80B9099C0,0
0225690_80B910310,0
0225690_80BB52250,0
0225690_80BBBD8D0,0
0225690_80C0CB230,0
0225690_80C12AE50,0
0225690_80DDE8910,0
0225690_80EC08950,0
0225690_80F9CCBA0,0
0225690_80FC130B0,0
0225690_810DD3480,0
0225690_810F03780,0
0225690_811045060,0
0225690_81339ECE0,0
0226041_809C90E40,0
0226041_809FBE7A0,0
0226041_80A0345D0,0
0226041_80AA683C0,0
0226041_80ACC15E0,0
0226041_80AE048B0,0
0226041_80B26B0B0,0
0226041_80B2F5C60,0
0226041_80B3C9880,0
0226041_80CFA1830,0
0226041_80D33EC20,0
0226041_80D33EC21,0
0226041_80D4CF830,0
0226041_80DC6F600,0
0226041_80E0BAC20,0
0226041_80E31B800,0
0226041_80E3B08A0,0
0226041_80EC29260,0
0226041_80FE87310,0
0226041_8101F4240,0
0226041_810269670,0
0226041_810422920,0
0226041_811387D70,0
0226041_811E62EE0,0
0226041_812174D60,0
0226041_8135AC950,0
0226041_8143BA570,0
0226331_80989C350,0
0226331_809B702C0,0
0226331_809C69CC0,0
0226331_809F9A5D0,0
0226331_80A336DE0,0
0226331_80A56F1E0,0
0226331_80AE29B50,0
0226331_80AE836B0,0
0226331_80B537300,0
0226331_80B6C6D80,0
0226331_80B833DD0,0
0226331_80BF5D6A0,0
0226331_80C008E50,0
0226331_80C2148B0,0
0226331_80C7122F0,0
0226331_80D4149E0,0
0226331_80E504C40,0
0226331_80ED9B4E0,0
0226331_80F4462A0,0
0226331_810B3F770,0
0226331_811180390,0
0226331_8116F0960,0
0226331_811CC3870,0
0226331_812996640,0
0226331_812B9C8B0,0
0226331_81301C850,0
0226331_81345EA20,0
0226331_813460130,0
0226331_8136AA910,0
0226331_813A8F6A0,0
0226350_80A58EE20,0
0226350_80B372970,0
0226350_80B47F410,0
0226350_80B5688A0,0
0226350_80B6A3EA0,0
0226350_80C30FD50,0
0226350_80C973C20,0
0226350_80D52F420,0
0226350_80E0C9490,0
0226350_80E7863F0,0
0226350_80EBE6B50,0
0226350_810362460,0
0226350_811645530,0
0226350_811A8E820,0
0226350_813181440,0
0226350_8139EDDD0,0
0226554_809DD8E20,0
0226657_809C13770,0
0226657_809C6DF20,0
0226657_809FE9010,0
0226657_80A0F4D50,0
0226657_80A391A70,0
0226657_80A8E9D80,0
0226657_80AC9A100,0
0226657_80ACD7F50,0
0226657_80B47D8C0,0
0226657_80C6B4AE0,0
0226657_80C7F9430,0
0226657_80CA77370,0
0226657_80CBD6CF0,0
0226657_80D153630,0
0226657_80D180500,0
0226657_80D2FA090,0
0226657_80DF23770,0
0226657_80E00B320,0
0226657_80E1F2150,0
0226657_80F247150,0
0226657_80F290450,0
0226657_8101EF660,0
0226657_81037DB40,0
0226657_810520DC0,0
0226657_811E0E110,0
0226657_8121E1310,0
0226657_812473580,0
0226657_8126088E0,0
0226657_812813920,0
0226657_812B06600,0
0226657_813350F50,0
0226657_81345A4A0,0
0226657_8134F5240,0
0226657_813661800,0
0226657_8139EAC30,0
0226925_809F8DCD0,0
0226925_80A320A40,0
0226925_80A84DF30,0
0226925_80A84DF31,0
0226925_80AB30560,0
0226925_80ACE82D0,0
0226925_80AE790F0,0
0226925_80B820A00,0
0226925_80B8BF0F0,0
0226925_80BD5D6F0,0
0226925_80D117720,0
0226925_80DD275E0,0
0226925_80DDE56F0,0
0226925_80DF5CBA0,0
0226925_80E565BA0,0
0226925_80F769B90,0
0226925_810EE1730,0
0226925_8111EB5A0,0
0226925_8129392D0,0
0226925_812EBB270,0
0226925_8130A2600,0
0226951_80A2CA3E0,0
0226951_80A2CA430,0
0226951_80A633740,0
0226951_80AAC2AC0,0
0226951_80AF0B380,0
0226951_80B3195F0,0
0226951_80B69C4D0,0
0226951_80BE97850,0
0226951_80C368DE0,0
0226951_80C5ECE80,0
0226951_80C6CA0A0,0
0226951_80C7005A0,0
0226951_80C90AA90,0
0226951_80C98B2C0,0
0226951_80D4B8720,0
0226951_80DDC4830,0
0226951_80E152D20,0
0226951_80E370460,0
0226951_80EC59390,0
0226951_80F290A10,0
0226951_80F63A360,0
0226951_8107DB440,0
0226951_810ACA4C0,0
0226951_81230A610,0
0226951_812E0C980,0
0227080_80A09ED30,0
0227080_80A166420,0
0227080_80A533550,0
0227080_80AE622E0,0
0227080_80B36BD00,0
0227080_80BA17930,0
0227080_80C223140,0
0227080_80D8A4D80,0
0227080_80F2C0880,0
0227080_811A80850,0
0227080_812543110,0
0227080_8128AA160,0
0227080_8128AB450,0
0227080_812B7B3F0,0
0227080_813067980,0
0227080_8134CF500,0
0227143_80A3202A0,0
0227143_80A79EA90,0
0227143_80B5A3260,0
0227143_80BF71DF0,0
0227143_80C0D0040,0
0227143_80D0D51E0,0
0227143_80D132180,0
0227143_80D183780,0
0227143_80D937870,0
0227143_80DF2CDF0,0
0227143_80E042110,0
0227143_80E0B5B70,0
0227143_80E1CBD80,0
0227143_80EA80060,0
0227143_80ED0AE00,0
0227143_80ED9D4A0,0
0227143_80FC66E00,0
0227143_80FF2A3D0,0
0227143_810327900,0
0227143_8103EE7B0,0
0227143_8109085A0,0
0227143_8113EACD0,0
0227143_8118E64F0,0
0227143_811A043C0,0
0227143_811E66AB0,0
0227143_813156F50,0
0227143_8133604D0,0
0227143_814078C50,0
0227171_8083D9410,0
0227171_80A572410,0
0227171_80AD45FA0,0
0227171_80B0A4AB0,0
0227171_80B538B80,0
0227171_80B638EF0,0
0227171_80B868EF0,0
0227171_80C008B70,0
0227171_80C755290,0
0227171_80CAB20F0,0
0227171_80CD4C600,0
0227171_80CEDE6B0,0
0227171_80D289D80,0
0227171_80D41FAE0,0
0227171_80D509BB0,0
0227171_80D520700,0
0227171_80D64B140,0
0227171_80DDBD4E0,0
0227171_80DEE07A0,0
0227171_80DEE4B60,0
0227171_80E097F00,0
0227171_80EC2DDC0,0
0227171_81056E9A0,0
0227171_8105B1880,0
0227171_81073EC60,0
0227171_810A66F40,0
0227171_810E88250,0
0227171_811804A40,0
0227171_8124F3480,0
0227171_8126C3710,0
0227171_8131E1170,0
0227171_81349C540,0
0227171_8135D0880,0
0227171_8141C6FD0,0
0227171_8141C7D90,0
022736_800FB29E0,0
022736_800FD87D0,0
022736_8010A8060,0
022736_8010AA160,0
022736_8010CFD70,0
022736_801186BA0,0
022736_8011AB880,0
022736_8011BB100,0
022736_8011C3D50,0
022736_80124AAE0,0
022736_80124DC80,0
022736_80127C1C0,0
022736_8012DD8F0,0
022736_80145BDB0,0
022736_801465520,0
022736_8015E2910,0
022736_8015FF0F0,0
022736_8016025C0,0
022736_80163C360,0
022736_8016EA180,0
022736_8016F98F0,0
022736_8017699C0,0
022736_8017A2470,0
022736_8017C0610,0
022736_8017F3D30,0
022736_80187B5F0,0
022736_8018E9C40,0
022736_801930A00,0
022736_80194CDC0,0
022736_801A3ADB0,0
022736_801A51DB0,0
022736_801B7C6B0,0
022736_801B85B10,0
022736_801BCFA40,0
022736_801C34870,0
022736_801CBD470,0
022736_801CCD160,0
022736_801CF9CF0,0
022736_801D2C8B0,0
022736_801D62420,0
022736_801D75DA0,0
022736_801DAE820,0
022736_80200DA90,0
022736_8022A3760,0
022736_802367F80,0
022736_80238C8B0,0
022736_802442D20,0
022736_80253EEF0,0
022736_80255C6F0,0
022736_8025B2B80,0
022736_8026CA220,0
022736_802750330,0
022736_802779420,0
022736_8027DF650,0
022736_802895E00,0
022736_802DAA850,0
022736_802F6C200,0
022736_802FA1140,0
022736_803065600,0
022736_8030D2170,0
022736_8030DFD80,0
022736_80310D070,0
022736_803190150,0
022736_803204D90,0
022736_80323E610,0
022736_803423640,0
022736_80346D680,0
022736_803581A50,0
022736_8037BBE00,0
022736_8038D3070,0
022736_803930500,0
022736_803ADDA80,0
022736_80401CF10,0
022736_8042CBE20,0
022736_8043B0770,0
022736_80458AC20,0
022736_804E20E80,0
022736_80518B1F0,0
022736_80588BE20,0
022736_805A74560,0
022736_805AAB690,0
022736_805B558B0,0
022736_8060692B0,0
022736_80620DE00,0
022736_80625D170,0
022736_806E91120,0
022736_8077B19A0,0
022736_8077E09A0,0
022736_807F1CD90,0
022736_8081ED7A0,0
022736_808A2CA00,0
022736_808FE3EE0,0
022736_80904CBA0,0
022736_809496D30,0
022736_809F22DD0,0
022736_80A0D6E50,0
022736_80A6934D0,0
022736_80AC99EE0,0
022736_80AD43420,0
022736_80B8AC050,0
022736_80BB3A150,0
022736_80C6E6FD0,0
022736_80C9C45C0,0
022736_80CE63890,0
022736_80D02FFD0,0
022736_80D4E6D20,0
022736_80D8D0F50,0
022736_80DA810F0,0
022736_80E380E90,0
022736_8106D0260,0
022736_810B36AA0,0
022736_8118DB370,0
022736_812930540,0
022736_81297D890,0
022736_812B98320,0
022736_814218260,0
0227513_80A22AFC0,0
0227513_80AB71030,0
0227513_80AC99760,0
0227513_80AE00320,0
0227513_80B2670A0,0
0227513_80B62D620,0
0227513_80D2F40B0,0
0227513_80D563120,0
0227513_80DFB59B0,0
0227513_80E7A3EB0,0
0227513_810BEF800,0
0227513_810F70820,0
0227513_8113EEC10,0
0227513_811FC0470,0
0227513_81327E2B0,0
0227513_813A423E0,0
0227513_813F4C680,0
022758_800FDCF70,0
022758_800FE5850,0
022758_80103E9F0,0
022758_801063910,0
022758_801087330,0
022758_80109EBE0,0
022758_8010C23B0,0
022758_8010C7490,0
022758_8010C74E0,0
022758_801140860,0
022758_8011CB430,0
022758_8011CB7F0,0
022758_80120E220,0
022758_801213860,0
022758_801276580,0
022758_801295850,0
022758_8012EC280,0
022758_8012F37A0,0
022758_80134D5C0,0
022758_8013B1940,0
022758_8014C7CC0,0
022758_801544370,0
022758_8015A1170,0
022758_8015A6FF0,0
022758_8015A8C10,0
022758_80160A680,0
022758_8016A2460,0
022758_8016F49B0,0
022758_801812C40,0
022758_801844A80,0
022758_801911760,0
022758_801938C20,0
022758_8019CA6A0,0
022758_801AA6C50,0
022758_801ACE310,0
022758_801B2B4E0,0
022758_801B962B0,0
022758_801BAE310,0
022758_801BBFD00,0
022758_801C88CA0,0
022758_801CA7010,0
022758_801CB2A70,0
022758_801CD4980,0
022758_801CD9280,0
022758_801D312A0,0
022758_801DE8EB0,0
022758_801E11220,0
022758_801ECA740,0
022758_801ECADF0,0
022758_801EE7CC0,0
022758_801F07DE0,0
022758_801FF0750,0
022758_80204F1F0,0
022758_80209AD30,0
022758_802115AE0,0
022758_8021EF1F0,0
022758_8024DDCF0,0
022758_8025485A0,0
022758_802598D50,0
022758_8025F1AF0,0
022758_8026777E0,0
022758_8027E6E50,0
022758_8027EC4C0,0
022758_80289F6F0,0
022758_802980150,0
022758_80299B3F0,0
022758_802A42E90,0
022758_802A64970,0
022758_802BF97E0,0
022758_802C9B790,0
022758_802CF25A0,0
022758_802D9D050,0
022758_8033D1080,0
022758_803629130,0
022758_803D08EC0,0
022758_8042793A0,0
022758_8055592B0,0
022758_805567000,0
022758_8064F2F50,0
022758_8073142A0,0
022758_807758B50,0
022758_807832250,0
022758_807B3B9A0,0
022758_807E2AE60,0
022758_8080983A0,0
022758_808098770,0
022758_80831E020,0
022758_8083EFF00,0
022758_808635E80,0
022758_8088FB840,0
022758_80954B730,0
022758_809BEA900,0
022758_80A1C8C70,0
022758_80AC211B0,0
022758_80AEE8380,0
022758_80B2F94C0,0
022758_80B314440,0
022758_80B5674E0,0
022758_80BADDF50,0
022758_80BC80420,0
022758_80DE41AC0,0
022758_80E3A3CC0,0
022758_80ED410E0,0
022758_810B66690,0
022758_8116520C0,0
022758_81248B420,0
022758_8125AAED0,0
0227720_80A389550,0
0227720_80A389790,0
0227720_80A75F310,0
0227720_80B417CB0,0
0227720_80B5D5B70,0
0227720_80BB4B690,0
0227720_80BDCFAA0,0
0227720_80BDE5BF0,0
0227720_80C32D880,0
0227720_80CA98EC0,0
0227720_80D7C83D0,0
0227720_80DD37FE0,0
0227720_80EF57430,0
0227720_80FE2BB40,0
0227720_810B396C0,0
0227720_81112CB50,0
0227720_81170CB00,0
0227720_8118D12D0,0
0227720_8135FFBD0,0
022775_800AFF130,0
022775_800FE64A0,0
022775_800FE90A0,0
022775_801027670,0
022775_80102B290,0
022775_80104C350,0
022775_8010BFC90,0
022775_80113F520,0
022775_8012044F0,0
022775_80127C9F0,0
022775_80129A530,0
022775_80134B0B0,0
022775_801355A10,0
022775_801459E30,0
022775_8014784E0,0
022775_8014BC1B0,0
022775_8014E4A90,0
022775_801518E10,0
022775_8015207B0,0
022775_801607F30,0
022775_801625350,0
022775_801676BD0,0
022775_80167F6C0,0
022775_80168E400,0
022775_8016B3420,0
022775_8017AEF00,0
022775_801814780,0
022775_8018294E0,0
022775_80185EA50,0
022775_8018D1190,0
022775_8018DD950,0
022775_801A052C0,0
022775_801A2B180,0
022775_801C08490,0
022775_801C81DA0,0
022775_801D57710,0
022775_801DE9880,0
022775_801E10AA0,0
022775_801E18710,0
022775_801E32720,0
022775_801E32E90,0
022775_801E7AB70,0
022775_801E9D300,0
022775_801EDC4C0,0
022775_801EFA6B0,0
022775_801FC7380,0
022775_802076120,0
022775_80212E310,0
022775_80213BF00,0
022775_802174FC0,0
022775_80219E2E0,0
022775_8022876D0,0
022775_8022B46D0,0
022775_8022BBB90,0
022775_8022F6780,0
022775_80233D430,0
022775_802379480,0
022775_8023B4ED0,0
022775_802559600,0
022775_802570A20,0
022775_802578380,0
022775_8025C8C30,0
022775_8026E9580,0
022775_8026FDBA0,0
022775_8027892D0,0
022775_80282B970,0
022775_8028D6B61,0
022775_802A48A90,0
022775_802A57340,0
022775_802A96530,0
022775_802C1B590,0
022775_802CEA5B0,0
022775_802E93B10,0
022775_802EC5340,0
022775_802F61560,0
022775_8031C4760,0
022775_8031C4E50,0
022775_803228010,0
022775_803271DC0,0
022775_803303900,0
022775_8033A6580,0
022775_803BCC200,0
022775_803C06030,0
022775_803FFA2B0,0
022775_804347AA0,0
022775_805263AC0,0
022775_80582FC70,0
022775_8061C01E0,0
022775_8067B8BD0,0
022775_80687FDE0,0
022775_8068B45E0,0
022775_806931100,0
022775_80699C1C0,0
022775_8069C4690,0
022775_807235570,0
022775_80723EBE0,0
022775_80724A820,0
022775_807765080,0
022775_807897190,0
022775_8078FA220,0
022775_80799A2C0,0
022775_807A90730,0
022775_807ADA660,0
022775_807B156D0,0
022775_807BC1B00,0
022775_80803D100,0
022775_8088A0E80,0
022775_808908AD0,1
022775_808F4A580,0
022775_80A9015D0,0
022775_80AF0C250,0
022775_80BA100B0,0
022775_80BA66880,0
022775_80BC9C790,0
022775_80BCEFAF0,0
022775_80D3BC010,0
022775_80D4D4860,0
022775_80DCF6A10,0
022775_80DE0E040,0
022775_80DE161C0,0
022775_80DE4E7D0,0
022775_80E646620,0
022775_80ED30A40,0
022775_80F25CD10,0
022775_80F2662C0,0
022775_81047F350,0
022775_810B63EC0,0
022775_81105DEB0,0
022775_811120B70,0
022775_8121094C0,0
022775_81257E9A0,0
022775_813532370,0
0227786_80A186F20,0
0227786_80AB52A60,0
0227786_80B0A8900,0
0227786_80B15F9F0,0
0227786_80B59B210,0
0227786_80BDFC360,0
0227786_80C25A9C0,0
0227786_80C304760,0
0227786_80D05DA30,0
0227786_80D2F1520,0
0227786_80D80CC40,0
0227786_80DBB5000,0
0227786_80DD33020,0
0227786_80DE99E90,0
0227786_80F2A6D30,0
0227786_80F87EEA0,0
0227786_80FF1F940,0
0227786_811C92120,0
0227786_812B08310,0
0227786_812BABAB0,0
0227786_813188F60,0
0227859_80AEC3480,0
0227859_80B2764D0,0
0227859_80B317A50,0
0227859_80BEE1670,0
0227859_80C6D73E0,0
0227859_80CD99FB0,0
0227859_80D55E810,0
0227859_80DA9A7F0,0
0227859_80E0BA3E0,0
0227859_81038B0A0,0
0227859_810512DF0,0
0227859_810586CF0,0
0227859_8106B61A0,0
0227859_810A024C0,0
0227859_810E3E3D0,0
0227859_811CE55F0,0
0227859_812FBF320,0
0227859_813360740,0
0227859_8135F2C40,0
022806_800639990,0
022806_801027970,0
022806_80104E860,0
022806_80105A670,0
022806_80105FA90,0
022806_80107ACF0,0
022806_8010BBA20,0
022806_8010BF6C0,0
022806_8010F9B50,0
022806_8010FB080,0
022806_8011FBA40,0
022806_801383B70,0
022806_8013FCA00,0
022806_80142A610,0
022806_8014A42E0,0
022806_8014EB150,0
022806_8015166B0,0
022806_801545F20,0
022806_80157FAA0,0
022806_80158AFD0,0
022806_801677CE0,0
022806_8016C0DA0,0
022806_8017AAE80,0
022806_801827EC0,0
022806_80184BC70,0
022806_8018AE300,0
022806_8018B0500,0
022806_8018BFE30,0
022806_8018CEF90,0
022806_801A2BB40,0
022806_801A49DC0,0
022806_801AA9690,0
022806_801AE7800,0
022806_801C5D7B0,0
022806_801CD4740,0
022806_801D3B430,0
022806_801DF07D0,0
022806_801F288B0,0
022806_801F29A10,1
022806_801FC5BA0,0
022806_801FD3E10,0
022806_801FE76E0,0
022806_801FF5680,0
022806_802174040,0
022806_8022B40F0,0
022806_8022FAE40,0
022806_80231A8D0,0
022806_802414540,0
022806_80263A570,0
022806_8026D8FE0,0
022806_802996D10,0
022806_8029C2440,0
022806_802A6FC80,0
022806_802A887D0,0
022806_802A96B90,0
022806_802C91A30,0
022806_802CA1D40,0
022806_802CF4550,0
022806_802D32530,0
022806_802D72760,0
022806_80331B230,0
022806_803365180,0
022806_803CEF2B0,0
022806_803D2EEE0,0
022806_803D71C30,0
022806_803E7F4B0,0
022806_8048327C0,0
022806_80506C970,0
022806_805195390,0
022806_805263280,0
022806_80526C270,0
022806_8052B1DA0,0
022806_80581C480,0
022806_8067A0B10,0
022806_8067A7F50,0
022806_80681FB00,0
022806_8068E3B20,0
022806_8068FD350,0
022806_806CBD030,0
022806_8072EEEF0,0
022806_80783A520,0
022806_807850930,0
022806_8079696F0,0
022806_807AD1060,0
022806_8080B7250,0
022806_80882B420,0
022806_809377D60,0
022806_809771F70,0
022806_809840D40,0
022806_80A66A840,0
022806_80A69DCF0,0
022806_80B794E80,0
022806_80B90B270,0
022806_80BB8EB60,0
022806_80CA2C940,0
022806_80D017320,0
022806_80D17A980,0
022806_80D532620,0
022806_80E277370,0
022806_80E73B120,0
022806_80EC872F0,0
022806_80FA53CE0,0
022806_80FB974F0,0
022806_80FE3E2A0,0
022806_80FF08A60,0
022806_811634B60,0
022828_8010A7DF0,0
022828_801113F60,0
022828_8011150C0,0
022828_80116E8A0,0
022828_801188200,0
022828_80118FBB0,0
022828_80119B4D0,0
022828_8011A5790,0
022828_8011DE8E0,0
022828_801222370,0
022828_8012C3B80,0
022828_801323890,0
022828_801397010,0
022828_801623AD0,0
022828_801659710,0
022828_8016BC5B0,0
022828_8017132D0,0
022828_801726420,0
022828_80179AB60,0
022828_8017C30F0,0
022828_8017DAAD0,0
022828_8017ECBF0,0
022828_8018A5CF0,0
022828_80191E880,0
022828_801928280,0
022828_8019474C0,0
022828_801998250,0
022828_8019D9110,0
022828_801A25D90,0
022828_801A82B20,0
022828_801AC6610,0
022828_801C44CF0,0
022828_801C4DFC0,0
022828_801CAE2A0,0
022828_801CF1970,0
022828_801D178C0,0
022828_801DA7C80,0
022828_801DFD010,0
022828_80200DFC0,0
022828_8021C9700,0
022828_80220EC30,0
022828_80221BD40,0
022828_802252D90,0
022828_802256840,0
022828_802260FC0,0
022828_8023442D0,0
022828_802438240,0
022828_802467AB0,0
022828_8024A7BD0,0
022828_8024C23E0,0
022828_802535B40,0
022828_80254ED50,0
022828_802574FE0,0
022828_802770100,0
022828_80280D4E0,0
022828_802BC2340,0
022828_802CB5EF0,0
022828_803069D20,0
022828_803101600,0
022828_80310B5B0,0
022828_803133FD0,0
022828_803331C00,0
022828_803420C50,0
022828_803439CE0,0
022828_803460BA0,0
022828_80359BE10,0
022828_80374FA50,0
022828_803BE2240,0
022828_803BED260,0
022828_803C5C240,0
022828_803F012E0,0
022828_8041CFDF0,0
022828_80421C150,0
022828_8048E65E0,0
022828_804CF8D70,0
022828_804DC4E00,0
022828_804E88240,0
022828_8054BC560,0
022828_805AB2DD0,0
022828_805CFE560,0
022828_805EA7020,0
022828_805FAE9E0,0
022828_806567650,0
022828_8066A5980,0
022828_806735910,0
022828_806CFCDB0,0
022828_806E8BCD0,0
022828_806FEE6A0,0
022828_807193AD0,0
022828_8072C1DA0,0
022828_807352900,0
022828_807448FC0,0
022828_8074B7510,0
022828_8075973F0,0
022828_807C87E40,0
022828_807D9A320,0
022828_808396260,0
022828_808892F30,0
022828_80923C090,0
022828_80991B400,0
022828_809C1C8F0,0
022828_809C54300,0
022828_80A0F0860,0
022828_80A827DD0,0
022828_80AAF4E50,0
022828_80ACA6CA0,0
022828_80AD7B4E0,0
022828_80AE59EC0,0
022828_80B27A9A0,0
022828_80B3A2380,0
022828_80B515290,0
022828_80B8E9870,0
022828_80BD92680,0
022828_80C215AB0,0
022828_80CBDCF70,0
022828_80CD7D070,0
022828_80D376710,0
022828_80DC7A500,0
022828_80E107390,0
022828_80FCC1CA0,0
022828_80FED5960,0
022828_80FF4B0A0,0
022828_810417A00,0
022828_8104AE650,0
022828_8113F5AE0,0
022828_8116AC890,0
022828_8119C8670,0
022828_8121E5F10,0
022828_8128435D0,0
022828_81305D070,0
022828_813602DF0,0
022828_8144B03C0,0
0228321_80A5321E0,0
0228321_80AB1E300,0
0228321_80B43EE00,0
0228321_80B46A3F0,0
0228321_80B87EAC0,0
0228321_80BE43D30,0
0228321_80C4EEE70,0
0228321_80C5497F0,0
0228321_80C9109D0,0
0228321_80D2F8C60,0
0228321_80DD202D0,0
0228321_80DD6F340,0
0228321_80DFF8020,0
0228321_80E12C4A0,0
0228321_80ED08E00,0
0228321_81189AF10,0
0228321_812866700,0
0228321_81329B510,0
0228321_8139A26D0,0
0228540_80A5F0950,0
0228540_80AFD3CA0,0
0228540_80B49B320,0
0228540_80B4BBE20,0
0228540_80B58CC80,0
0228540_80B7E06B0,0
0228540_80B7F3390,0
0228540_80BDF3FB0,0
0228540_80C2FFC60,0
0228540_80C909830,0
0228540_80D020520,0
0228540_80D1BA910,0
0228540_80D50AF80,0
0228540_80EB954E0,0
0228540_80F19E300,0
0228540_80F5E8BD0,0
0228540_8103817D0,0
0228540_8104FB650,0
0228540_810589F70,0
0228540_81337CEF0,0
0228597_80A541D10,0
0228597_80AD553D0,0
0228597_80AE147D0,0
0228597_80B3B7B10,0
0228597_80B3D0460,0
0228597_80B3F94F0,0
0228597_80BD84B10,0
0228597_80BE41320,0
0228597_80C309E50,0
0228597_80C810B20,0
0228597_80C81B350,0
0228597_80C903420,0
0228597_80D927750,0
0228597_80DAF9930,0
0228597_80EC4D240,0
0228597_80F4B0990,0
0228597_80F7D28F0,0
0228597_80FF41570,0
0228597_8104B2660,0
0228597_810CB66A0,0
0228597_810D97090,0
0228597_810FA6DD0,0
0228597_811CB9BA0,0
0228597_8122F4B70,0
0228597_812465C80,0
0228597_812A50B30,0
0228597_8130E02E0,0
0228597_8136AB5E0,0
0228597_8138F6410,0
0228634_80A755BB0,0
0228634_80A83C890,0
0228634_80AB31F20,0
0228634_80AEF8230,0
0228634_80B135300,0
0228634_80B162A40,0
0228634_80B382B00,0
0228634_80B9B8B90,0
0228634_80BE79A70,0
0228634_80CBC5D00,0
0228634_80D170A70,0
0228634_80D364660,0
0228634_80D444BC0,0
0228634_80DC8ECF0,0
0228634_80DDC09E0,0
0228634_80DE98530,0
0228634_80E0C99A0,0
0228634_80E52F5B0,0
0228634_80E6E7D60,0
0228634_80EF5A980,0
0228634_81041C260,0
0228634_810433FA0,0
0228634_810D82D60,0
0228634_810D86D00,0
0228634_810EFA6E0,0
0228634_812FCCBA0,0
0228634_8132D5A20,0
0228921_80A8CC8A0,0
0228921_80B335330,0
0228921_80B8D4F70,0
0228921_80C5ECAC0,0
0228921_80C707E40,0
0228921_80D1AB860,0
0228921_80D223680,0
0228921_80D2F0530,0
0228921_80D583A00,0
0228921_80D743690,0
0228921_80D936690,0
0228921_80DBAE800,0
0228921_80DCC83A0,0
0228921_80DE8F070,0
0228921_80DF16210,0
0228921_80E2FE710,0
0228921_80E323730,0
0228921_80E56BC20,0
0228921_80E6FE580,0
0228921_80FC85B20,0
0228921_8104024A0,0
0228921_8111FC580,0
0228921_8113E51A0,0
0228921_812741660,0
0228921_813D7A280,0
0228921_8143C1070,0
0229089_80ACC1AF0,0
0229089_80AD5D200,0
0229089_80AFCA2F0,0
0229089_80B801E90,0
0229089_80BB12AA0,0
0229089_80BDB4500,0
0229089_80C041750,0
0229089_80C7F9240,0
0229089_80CD92850,0
0229089_80CFA3160,0
0229089_80D2170B0,0
0229089_80DA23800,0
0229089_80DF9D180,0
0229089_80DFCC9C0,0
0229089_80E059F40,0
0229089_80E13DCE0,0
0229089_80E167E70,0
0229089_80E6AA990,0
0229089_80ED538A0,0
0229089_80F578300,0
0229089_80FC85690,0
0229089_81058BF00,0
0229089_8110B26E0,0
0229089_8112351A0,0
0229089_811CB1370,0
0229089_811F9E0C0,0
0229089_8121F6900,0
0229089_812554880,0
0229089_813624840,0
0229089_8139AB470,0
0229220_80B49A010,0
0229220_80B93F170,0
0229220_80C2A6E90,0
0229220_80D3534F0,0
0229220_80D362D50,0
0229220_80D472310,0
0229220_80D9EB6E0,0
0229220_80E089B10,0
0229220_80EF2A120,0
0229220_8116651E0,0
0229220_81255F700,0
0229220_812911FC0,0
0229558_80AB20340,0
0229558_80AB53AD0,0
0229558_80B217D00,0
0229558_80B28B710,0
0229558_80B28B760,0
0229558_80B343E50,0
0229558_80BD27280,0
0229558_80C33E640,0
0229558_80CFAD1D0,0
0229558_80D01FEA0,0
0229558_80D174960,0
0229558_80D18E690,0
0229558_80D5607B0,0
0229558_80D7B9820,0
0229558_80D952E70,0
0229558_80DA82E80,0
0229558_80DC6B7C0,0
0229558_80E382DC0,0
0229558_80E41C3B0,0
0229558_80EB794E0,0
0229558_80EBA65F0,0
0229558_80ECE3A50,0
0229558_80F50E650,0
0229558_80F7CF4E0,0
0229558_8100C8B90,0
0229558_810185180,0
0229558_81146D950,0
0229558_811785E00,0
0229558_8124BCCC0,0
0229558_813681570,0
0229558_8143440F0,0
0229558_81447CEF0,0
0229620_80ABF3AC0,0
0229620_80B3F64E0,0
0229620_80B778350,0
0229620_80B9DBAA0,0
0229620_80DF001F0,0
0229620_81198BF60,0
0229620_811FE7AB0,0
0229620_81210CA90,0
0229620_81259C250,0
022_8000444C0,0
022_800044A00,0
022_800062C30,0
022_800062E20,1
022_800064880,0
022_800067150,0
022_800068180,1
022_8000F1200,0
022_8000F2320,0
022_8000F94C0,0
022_8000FFA00,0
022_80010E5E0,0
022_8001214C0,0
022_80012C870,0
022_80012CDB0,0
022_800166070,0
022_80016E8A0,0
022_800176D40,0
022_80017B330,0
022_80017B970,0
022_80017EA20,0
022_80017F930,0
022_800181850,0
022_8001855B0,0
022_8001A6530,0
022_8001B00A0,0
022_8001B0560,0
022_8001BBEF0,0
022_8001BD460,1
022_8001D69F0,0
022_8001D6FF0,1
022_8001D79E0,0
022_8001E28D0,0
022_8001F0C30,0
022_800201C60,0
022_800202780,1
022_8002036C0,0
022_800204870,0
022_800207DE0,0
022_800208100,0
022_800229D10,0
022_800232B60,0
022_800237880,0
022_80023CE80,1
022_80023F130,0
022_800241D60,1
022_80024E7A0,0
022_80026F850,0
022_800279730,0
022_800284530,0
022_800287890,0
022_800293270,0
022_80029F900,0
022_8002A18C0,0
022_8002A8D80,0
022_8002D2760,0
022_8002E84B0,0
022_8002F0FD0,0
022_8002F19C0,0
022_8002FA330,0
022_80030CC80,0
022_8003118F0,0
022_800314E10,0
022_8003291F0,0
022_80032F220,0
022_80037CD70,0
022_8003CB380,0
022_8003DDFD0,0
022_800440A00,0
022_800440E90,0
022_8004EC1C0,0
022_800503490,0
022_800506580,0
022_8005155B0,0
022_80051AD00,0
022_800527090,0
022_800533300,0
022_80055C0C0,0
022_800564C30,0
022_80059C3E0,0
022_8005E6400,0
022_80062E090,0
022_800635550,0
022_80063FDA0,0
022_8006A1730,0
022_8006A6290,0
022_8006C1010,0
022_8006CF660,0
022_80070AA30,0
022_80070CDF0,0
022_80071D9D0,0
022_800720D10,0
022_8007484E0,0
022_80076CC10,0
022_800799670,0
022_8007A5810,0
022_8007DA450,0
022_8007DBEF0,0
022_8007E26A0,0
022_8007F6410,0
022_8008A8BE0,0
022_8008AEA90,0
022_8008AF700,0
022_8008D2DF0,0
022_800910740,0
022_800917D40,0
022_80091F490,0
022_80093E700,0
022_800965A80,0
022_8009666B0,0
022_800978A80,0
022_800986FD0,0
022_80099FAC0,0
022_8009C2B90,0
022_8009C9240,0
022_8009CB1D0,0
022_8009D7380,0
022_800A1C5F0,0
022_800A1C980,0
022_800A20740,0
022_800A242D0,0
022_800A2D840,0
022_800A3B320,0
022_800AA0A70,0
022_800AB34D0,0
022_800AE06A0,0
022_800B6C090,0
022_800B8BB00,0
022_800B96600,0
022_800BAF580,0
022_800C5AC80,0
022_800C67060,0
022_800C6A490,0
022_800C6EA80,0
022_800C6EC70,0
022_800C70AE0,0
022_800C7C6C0,0
022_800C9DEA0,0
022_800D43EA0,0
022_800D76CF0,0
022_800DA7C20,0
022_800E03FB0,0
022_800E04000,0
022_800E2D120,0
022_800E4D3B0,0
022_800F8F140,0
022_800FE4600,0
022_800FE5120,0
022_801014360,0
022_801029C80,0
022_80102A4B0,0
022_80102BF50,0
022_80103FE00,0
022_8010663A0,0
022_801068630,0
022_80110F070,0
022_801143E30,0
022_80114B3F0,0
022_80114DFE0,0
022_8011C7670,0
022_8011F99C0,0
022_801329FE0,0
022_801352400,0
022_8013715B0,0
022_8013A1A60,0
022_8013B64D0,0
022_8013B6E90,0
022_8013B7870,0
022_8013D58A0,0
022_8014BED10,0
022_8015162A0,0
022_8015197A0,0
022_801557B50,0
022_80157FA50,0
022_8015A7710,0
022_8016C5A00,0
022_8017508B0,0
022_8017B32E0,0
022_801826CF0,0
022_8018B1A80,0
022_8018D96A0,0
022_801910950,0
022_8019E0C40,0
022_801BD52C0,0
022_801C1C380,0
022_801C65FE0,0
022_801C88C50,0
022_801CD4E40,0
022_801CEB3B0,0
022_801D5D950,0
022_801E1BED0,0
022_801FF7CC0,0
022_802047F70,0
022_8020B5370,0
022_8020F4010,0
022_8021035B0,0
022_8021154B0,0
022_802339260,0
022_802521EA0,0
022_802559F10,0
022_80256CA30,0
022_802584FB0,0
022_8025862D0,0
022_8025BDFD0,0
022_8026488D0,0
022_802659970,0
022_80265E0A0,0
022_802715C00,0
022_80289CC60,0
022_8028CCB50,0
022_802A48E80,0
022_802A67910,0
022_802AF8FE0,0
022_802B0A9F0,0
022_802B1B630,0
022_802B81EB0,0
022_802DC4630,0
022_802DCC460,0
022_802DE31D0,0
022_802F309C0,0
022_803C0F120,0
022_803CB3920,0
022_803CEC1D0,0
022_80476D040,0
022_804833F80,0
022_804F66D50,0
022_805134CF0,0
022_80514F390,0
022_8052837B0,0
022_80555A0F0,0
022_8059EE280,0
022_805B6B300,0
022_805BDF960,0
022_805EEE780,0
022_8063FD9F0,0
022_806969500,0
022_806983320,0
022_8069F4950,0
022_806E69220,0
022_806E69D10,0
022_806E716B0,0
022_807087750,0
022_8077D0480,0
022_807A3D770,0
022_807A4A960,0
022_807AAC600,0
022_807BEE130,0
022_807BF1DA0,0
022_809414540,0
022_80A217450,0
022_80B4B49A0,0
022_80B93EB80,0
022_80B9805B0,0
022_80BBC1500,0
022_80C498440,0
022_80D3F2310,0
022_80D6580C0,0
022_80DCF7D90,0
022_80E6468A0,0
022_80E775CC0,0
022_80EC0FA70,0
022_810E05500,0
022_810F82B90,0
022_8115EEB40,0
022_812487CC0,0
0230257_80B30B1D0,0
0230257_80B633E10,0
0230257_80B8517D0,0
0230257_80B90E6F0,0
0230257_80B94C3D0,0
0230257_80D392EE0,0
0230257_80D9479D0,0
0230257_80DD4D970,0
0230257_80ED3D210,0
0230257_8102F22E0,0
0230257_810F5A830,0
0230257_810FAF410,0
0230257_812406920,0
0231004_80B3BF070,0
0231004_80B449300,0
0231004_80B4666B0,0
0231004_80B5D3D10,0
0231004_80B5EDD40,0
0231004_80B5EDD90,0
0231004_80B866AB0,0
0231004_80BA40720,0
0231004_80BF73440,0
0231004_80D92F240,0
0231004_80DAB8570,0
0231004_80E0158E0,0
0231004_80E0F9F60,0
0231004_80FCC6A70,0
0231004_80FEDA040,0
0231004_810B4CE80,0
0231004_810C8A6C0,0
0231004_811759AA0,0
0231004_811AB5F10,0
0231004_81289B530,0
0231004_812EE0D00,0
0231004_812EE86F0,1
0231004_8130AE160,0
0231004_813376A20,0
0231004_813A8B0E0,0
0231004_813AD28B0,0
0231004_8146FA380,0
0231212_80B7D6D30,0
0231212_80B84F710,0
0231212_80BAACF90,0
0231212_80BB6F900,0
0231212_80BBEC710,0
0231212_80BF3DBA0,0
0231212_80BF4E5A0,0
0231212_80C0B85B0,0
0231212_80C2FA2D0,0
0231212_80D3C0370,0
0231212_80DE42910,0
0231212_80EC16310,0
0231212_80ED002D0,1
0231212_80FBA8080,0
0231212_8102CE110,0
0231212_8102F7930,0
0231212_81031ECB0,0
0231212_8116470E0,0
0231212_811F947E0,0
0231212_8126697A0,0
0231212_812907640,0
0231212_814665FF0,0
023146_802FE0E20,0
023146_8035D6FC0,0
0231490_80C0940A0,0
0231490_80C0EEE00,0
0231490_80C305CA0,0
0231490_80CD480D0,0
0231490_80DDBD070,0
0231490_80DFF8BB0,0
0231490_80E09D590,0
0231490_80E35ECE0,0
0231490_80F96A560,0
0231490_81170A390,0
0231490_811766B10,0
0231490_8119B4220,0
0231490_8123086C0,0
0231490_81232D130,0
0231490_812B098D0,0
0231490_812DE51F0,0
0231490_8131C5EF0,0
0231490_8132ECB40,0
0231490_8133676B0,0
0231490_81393FC00,0
0231706_805713570,0
0231706_80B79A560,0
0231706_80C251B40,0
0231706_80D2055A0,0
0231706_80D2CC8E0,0
0231706_80D54F830,0
0231706_80D7374C0,0
0231706_80DACD290,0
0231706_80DBB53A0,0
0231706_80E0321B0,0
0231706_8105B06B0,0
0231706_8106DE2A0,0
0231706_810803F70,0
0231706_8109FA250,0
0231706_810D14CA0,0
0231706_81199B080,0
0231706_811A2DA50,0
0231706_812CD8F60,0
0231706_812F0D1C0,0
0231706_8132B7C40,0
0231706_8134512C0,0
0231706_8139FC0D0,0
0231786_80BD95CB0,0
0231786_80BDD7980,0
0231786_80C0B21F0,0
0231786_80C251D80,0
0231786_80D10A880,0
0231786_80DA60250,0
0231786_80DC876F0,0
0231786_80FBEF7A0,0
0231786_8100236E0,0
0231786_811096D90,0
0231786_811241050,0
0231786_8126C2B90,0
0231786_812C5CDA0,0
0231786_812D9D960,0
0231786_8131DE530,0
0231786_813516440,0
0231786_814567BD0,0
0232073_80BBE2250,0
0232073_80D25A140,0
0232073_80D4F1670,0
0232073_80D652630,0
0232073_80DCA2010,0
0232073_80DCF4D70,0
0232073_80E766330,0
0232073_80EBF05E0,0
0232073_80ECBCBC0,0
0232073_80FD81F60,0
0232073_80FF07E20,0
0232073_8104AC4D0,0
0232073_810E73560,0
0232073_810F3DD80,0
0232073_8121A4B50,0
0232073_812F1C790,0
0232073_8131FC0A0,0
0232154_80BA60EC0,0
0232154_80BCAC7C0,0
0232154_80C23F2E0,0
0232154_80ED45A10,0
0232154_80FB76BB0,0
0232154_810B66730,0
0232154_812105CB0,0
0232259_80BABBF00,0
0232259_80BBE44A0,0
0232259_80BCB1AF0,0
0232259_80C8D50D0,0
0232259_80CC62A20,0
0232259_80DA97060,0
0232259_80E681E40,0
0232259_80F0D4A10,0
0232259_80FBB2770,0
0232259_80FC12890,0
0232259_81250F960,0
0232259_812717320,0
0232259_812FE14D0,0
0232304_80E802B20,0
0232335_80BE16930,0
0232335_80BFB8900,1
0232335_80D54C2C0,0
0232335_80EBEC4F0,0
0232335_80FBB6E50,0
0232335_811AC6120,0
0232335_8125AD130,0
0232391_80C7D3170,0
0232391_80EDAF910,0
0232391_80F7C6900,0
0232391_80FEE5510,0
0232391_8104DB800,0
0232391_8110DF130,0
0232391_8112A0F40,0
0232391_811D166C0,0
0232391_8124A4C60,0
0232391_81250F310,0
0232391_812C46560,0
0232555_80BE145C0,0
0232555_80C0043F0,0
0232555_80C4C38C0,0
0232555_80CC1F040,0
0232555_80CC49A60,0
0232555_80D026820,0
0232555_80D4D2050,0
0232555_80DDBA110,0
0232555_80E0B4050,0
0232555_80E4A27A0,0
0232555_80E710CA0,0
0232555_80F96B770,0
0232555_810DE9F60,0
0232555_812A37F10,0
0232555_813F00120,0
0232583_80C252220,0
0232583_80C2640F0,0
0232583_80C6F9380,0
0232583_80C779720,0
0232583_80CD42330,0
0232583_80D106640,0
0232583_80D5B3FD0,0
0232583_80DA3A4F0,0
0232583_80DBAF510,0
0232583_80E0392B0,0
0232583_80E2D5D20,0
0232583_80F643ED0,0
0232583_80F7BAC50,0
0232583_810774060,0
0232583_8119E59E0,0
0232583_8126F4150,0
0232583_813AD8960,0
0232880_80C1420B0,0
0232880_80C333D40,0
0232880_80C3F4F20,0
0232880_80CFA04C0,0
0232880_80D397310,0
0232880_80D7F5280,0
0232880_80DD33F10,0
0232880_80DFECB70,0
0232880_80E0DB8A0,0
0232880_80EC29F60,0
0232880_80EC5C390,0
0232880_81044BC30,0
0232880_810467010,0
0232880_8105AA710,0
0232880_8113FA110,0
0232880_811827C60,0
0232880_811A2BE10,0
0232880_811C905E0,0
0232880_8121F0CF0,0
0232880_812371530,0
0232880_812BC7070,0
0232880_812D94D50,0
0232880_81392F020,0
0232880_813FCF390,0
0233168_80C0C7CA0,0
0233168_80C13AAD0,0
0233168_80C33F4D0,0
0233168_80C33FE60,0
0233168_80D0E7480,0
0233168_80D20AA50,0
0233168_80D255950,0
0233168_80D639FF0,0
0233168_80D806660,0
0233168_80D937040,0
0233168_80E039540,0
0233168_80E6F2810,0
0233168_80ED6F950,0
0233168_80F377EC0,0
0233168_80FBDC930,0
0233168_80FC88020,0
0233168_80FD96C70,0
0233168_80FE2D500,0
0233168_810D79AE0,0
0233168_81186D230,0
0233168_8119DF0E0,0
0233168_811AC4120,0
0233168_812F0CFE0,0
0233168_8137A8910,0
0233252_80C255B50,0
0233252_80C263DA0,0
0233252_80C567AE0,0
0233252_80C6FC860,0
0233252_80C77A610,0
0233252_80CB60CD0,0
0233252_80CBC0E20,0
0233252_80CBFB620,0
0233252_80CC3E820,0
0233252_80D0E68E0,0
0233252_80D282740,0
0233252_80D64C530,0
0233252_80DCC30A0,0
0233252_80DEFDF50,0
0233252_80E050690,0
0233252_80F194A20,0
0233252_810186AD0,0
0233252_8103D0C20,0
0233252_810521380,0
0233252_81118F150,0
0233252_8116B1190,0
0233252_811718860,0
0233252_811A97BC0,0
0233252_812311120,0
0233252_812EC7AE0,0
0233252_8130D00D0,0
0233252_8132F5270,0
0233252_813458740,0
0233252_81389D550,0
0233252_813AD69A0,0
023344_801236260,0
023344_80134C630,0
023344_80134C930,0
023344_8013B3750,0
023344_8013F3080,0
023344_8013F30D0,0
023344_8014089B0,0
023344_80142CBE0,0
023344_80148A030,0
023344_8014A80E0,0
023344_8014B3230,0
023344_8014DF5F0,0
023344_801518250,0
023344_80174EF70,0
023344_801843960,0
023344_8018FD150,0
023344_8019D5000,0
023344_801A35D80,0
023344_801B31CC0,0
023344_801B59900,0
023344_801B92AB0,0
023344_801BC56C0,0
023344_801C5D150,0
023344_801C5D670,0
023344_801CC93A0,0
023344_801D7D6E0,0
023344_801E4E5E0,0
023344_801E82740,0
023344_801F5EB80,0
023344_801FAC0C0,0
023344_801FE01B0,0
023344_80203B550,0
023344_80203C540,0
023344_802041620,0
023344_8020A0440,0
023344_8020A4C90,0
023344_8020F92E0,0
023344_80211CB20,0
023344_80212BDC0,0
023344_80219D730,0
023344_8023EA4D0,0
023344_8024E6650,0
023344_8025F2560,0
023344_80267D760,0
023344_8026CC030,0
023344_8029541D0,0
023344_802980A10,0
023344_802C70DA0,0
023344_802CF41A0,0
023344_802D21160,0
023344_802D7B870,0
023344_802E9D2B0,0
023344_802EBD9A0,0
023344_802ECA300,0
023344_8030B3210,0
023344_8031C5C80,0
023344_803283510,0
023344_803C5BDF0,0
023344_803EADB10,0
023344_803F0D320,0
023344_8042D6FE0,0
023344_8042E10B0,0
023344_80434F360,0
023344_80439BE20,0
023344_8048DA0B0,0
023344_804A6F3A0,0
023344_805258AA0,0
023344_80525E690,0
023344_805EC4BC0,0
023344_805ED9C90,0
023344_8060731F0,0
023344_8063F9930,0
023344_80693F600,0
023344_806C15BC0,0
023344_8072822B0,0
023344_80743B1E0,0
023344_80775E090,0
023344_8079967B0,0
023344_8079AACE0,0
023344_807B2D540,0
023344_807CCAEF0,0
023344_808046E50,0
023344_8080ABFD0,0
023344_808303FE0,0
023344_8084C3850,0
023344_80878B350,0
023344_808906D60,0
023344_808FFB4D0,0
023344_80A1838A0,0
023344_80A76FE20,0
023344_80B5835D0,0
023344_80B6E6200,0
023344_80B9FA150,0
023344_80BB08D20,0
023344_80BB42D80,0
023344_80BCC3110,0
023344_80CBC8E40,0
023344_80D1FA9F0,0
023344_80D52B640,0
023344_80DCD4F00,0
023344_80DE887B0,0
023344_80E5F6C30,0
023344_80E74E550,0
023344_80EBE7A70,0
023344_80ED81DB0,0
023344_80F0A70F0,0
023344_80FC43ED0,0
023344_8104EE250,0
023344_81096FC60,0
023344_810D80200,0
023344_810F39400,0
023344_81107A170,0
023344_81166B8C0,0
023344_811D44750,0
023344_812495670,0
023344_8124E6B50,0
023344_8128B0330,0
023344_8134E80C0,0
0233564_80C3FA390,0
0233564_80C844280,0
0233564_80CBC4FB0,0
0233564_80D0EB070,0
0233564_80D7F5BC0,0
0233564_80DD10DA0,0
0233564_80E027390,0
0233564_80EE799C0,0
0233564_810F79C80,0
0233564_81128F650,0
0233564_812334A50,0
0233564_8126B5190,0
0233564_812CD9480,0
0233564_81328C080,0
0233564_813A689D0,0
0233580_80C335670,0
0233580_80C828DF0,0
0233580_80C9C0E60,0
0233580_80CD83BD0,0
0233580_80D142060,0
0233580_80D558310,0
0233580_80D975B30,0
0233580_80DC6DA90,0
0233580_80DE5A5F0,0
0233580_8103EC360,0
0233580_81115DA70,0
0233580_811224D80,0
0233580_8113DC2D0,0
0233580_811A27B80,0
0233580_812673E70,0
0233580_812A65470,0
0233580_813989250,0
0233580_813998960,0
0233580_813AC6460,0
0233580_813E13510,0
0233603_80C3842F0,0
0233603_80DE81710,0
0233603_80E6A02D0,0
0233603_80E7BD340,0
0233603_80F5B3400,0
0233603_8115F6D80,0
0233603_811AA5520,0
0233603_811B0E010,0
0233603_811D060F0,0
0233603_8120B2680,0
0233603_812580FC0,0
0233603_812914140,0
0233603_81298BF60,0
0233603_8146749C0,0
023402_800AF5400,0
023402_800AF7BB0,0
023402_801396800,0
023402_8013DE9A0,0
023402_8013F7370,0
023402_801469CE0,0
023402_8015D8EA0,0
023402_8016066B0,0
023402_8016098A0,0
023402_80162CAC0,0
023402_801712400,0
023402_8017C09F0,0
023402_8017DBD40,0
023402_8018E4E10,0
023402_80196C530,0
023402_8019887C0,0
023402_8019F4AC0,0
023402_801A0AA20,0
023402_801A53DF0,0
023402_801AB1510,0
023402_801AB4340,0
023402_801AC0EA0,0
023402_801AC0EA1,0
023402_801B5DA80,0
023402_801C38E40,0
023402_801E59A20,0
023402_801F897B0,0
023402_8020AFA40,0
023402_80210F5B0,0
023402_80220C030,0
023402_8022DA6C0,0
023402_80242A960,0
023402_802468E80,0
023402_8024AB820,0
023402_80250FD60,0
023402_80254DF50,0
023402_80260FAE0,0
023402_8027438E0,0
023402_8028760A0,0
023402_802962A40,0
023402_802B96800,0
023402_802E394A0,0
023402_802E6B800,0
023402_8030865A0,0
023402_80321AFC0,0
023402_8032B1DA0,0
023402_8032B3540,0
023402_8032F7AA0,0
023402_8034A0E20,0
023402_8034E97D0,0
023402_803582720,0
023402_8035E9930,0
023402_803ADCDB0,0
023402_803AE6A00,0
023402_803D35AD0,0
023402_803DC5710,0
023402_803E2E3D0,0
023402_80400B6D0,0
023402_8042D3FA0,0
023402_8042DC8C0,0
023402_804517DD0,0
023402_80451C8E0,0
023402_804945680,0
023402_804E4F980,0
023402_805700220,0
023402_8059741A0,0
023402_8059DE550,0
023402_805A87660,0
023402_805DECB70,0
023402_805EC6410,0
023402_806B76C80,0
023402_806C68EA0,0
023402_806CA4650,0
023402_806E908B0,0
023402_8070806E0,0
023402_807110DA0,0
023402_8075A98C0,0
023402_807CF4E10,0
023402_808065CB0,0
023402_8081B9E00,0
023402_8081E9250,0
023402_80820B8C0,0
023402_808831110,0
023402_808997090,0
023402_808CDB3D0,0
023402_8091EFAB0,0
023402_80920C6E0,0
023402_809368B10,0
023402_80952BF60,0
023402_809FEB1E0,0
023402_80A049930,0
023402_80A07D290,0
023402_80A162B70,0
023402_80AAFDC40,0
023402_80AB19790,0
023402_80B3B5190,0
023402_80B3C6010,0
023402_80B3C95E0,0
023402_80BD53E90,0
023402_80C026430,0
023402_80C7B02D0,0
023402_80D285960,0
023402_80D632E10,0
023402_80DF332A0,0
023402_80DF8D3F0,0
023402_80E54F650,0
023402_80EFE6520,0
023402_80F5B4860,0
023402_8111177B0,0
023402_81261FE60,0
023402_812876510,0
023402_8135E40E0,0
023402_81390F170,0
023402_814394FC0,0
023402_81481D350,0
0234032_80C8DE9D0,0
0234032_80D350B90,0
0234032_80D4EE850,0
0234032_80D629ED0,0
0234032_80D8F2550,0
0234032_80DCF6AB0,0
0234032_80DF58210,0
0234032_8102BCA90,0
0234032_8108546C0,0
0234032_810DCAC50,0
0234032_810F60780,0
0234032_810FBEA20,0
0234032_811639240,0
0234032_81165A7D0,0
0234032_811D45DA0,0
0234032_81255EDC0,0
0234032_8134E9250,0
0234222_80DCF9940,0
0234222_80DE27AB0,0
0234222_80DEC1010,0
0234222_80E3F5FD0,0
0234222_80E4D5970,0
0234222_81026C480,0
0234222_8115EE510,0
0234222_811742B30,0
0234222_811D15BF0,0
0234222_812338630,0
0234222_812546FB0,0
0234222_812594C10,0
0234335_80DC935F0,0
0234335_80EBF4A70,0
0234335_80ECBA790,0
0234335_80FF09870,0
0234335_810E19660,0
0234335_81100B8C0,0
0234335_811041510,0
0234335_811AA4E10,0
0234335_8125C8570,0
0234335_813564670,0
0234347_80C984A20,0
0234347_80D0110B0,0
0234347_80D3C5480,0
0234347_80D6402C0,0
0234347_80EC5C7A0,0
0234347_80ED98EF0,0
0234347_80F640930,0
0234347_80FB86DB0,0
0234347_80FBD87C0,0
0234347_80FE95C30,0
0234347_811216370,0
0234347_811256330,0
0234347_8114779C0,0
0234347_8128A0020,0
0234347_812B11BA0,0
0234347_812EEDC30,0
0234347_812F88FC0,0
0234347_8133DC3D0,0
0234347_81353BC30,0
023525_8014B0E70,0
023525_8014BE770,0
023525_8014DCB30,0
023525_8014E27E0,0
023525_8014F9D80,0
023525_801540F00,0
023525_801549EE0,0
023525_8015523C0,0
023525_8015B3830,0
023525_8015B3831,0
023525_8016E9B40,0
023525_8016ED3D0,0
023525_80174B200,0
023525_801799A90,0
023525_801824F20,0
023525_8018286D0,0
023525_801A2A270,0
023525_801AA8110,0
023525_801B7FD80,0
023525_801B95B80,0
023525_801C18590,0
023525_801C70C80,0
023525_801D9C670,0
023525_801F06580,0
023525_802036090,0
023525_8020A4200,0
023525_8020EC800,0
023525_8021BE720,0
023525_8023C4440,0
023525_8023C7EE0,0
023525_80242C040,0
023525_802521830,0
023525_8025709D0,0
023525_80257DDD0,0
023525_80259A800,0
023525_8025F91C0,0
023525_802618DA0,0
023525_8026370C0,0
023525_80267B820,0
023525_8026C5DD0,0
023525_8028952F0,0
023525_8028B7F80,0
023525_8028DA9A0,0
023525_802902870,0
023525_802999D80,0
023525_802AF2820,0
023525_802D57A80,0
023525_802DC19A0,0
023525_802F16FB0,0
023525_8031C9C80,0
023525_8031D9AE0,0
023525_803BF1B40,0
023525_803D1FB90,0
023525_803EAFB50,0
023525_804380630,0
023525_804385770,0
023525_8046D5B10,0
023525_805563E00,0
023525_8057A7100,0
023525_805B41F20,0
023525_805C94320,0
023525_805E09D80,0
023525_8068885C0,0
023525_80722F7D0,0
023525_807459E70,0
023525_807884B00,0
023525_8079BC710,0
023525_807A5AFB0,0
023525_807AA23F0,0
023525_807ACA780,0
023525_807B5E2B0,0
023525_807B65920,0
023525_807FF29A0,0
023525_807FFB140,0
023525_8080962C0,0
023525_808914120,0
023525_808A2CC40,0
023525_809C263C0,0
023525_80AC1F300,0
023525_80B31EA00,0
023525_80B99BB10,0
023525_80B9B5630,0
023525_80BAAFE20,0
023525_80BC86690,0
023525_80BF965B0,0
023525_80CCB35E0,0
023525_80D241080,0
023525_80DCDDA90,0
023525_80DDE3150,0
023525_80E26D410,0
023525_80E7ABBD0,0
023525_80EBD9990,0
023525_80FACA470,0
023525_8105BF4B0,0
023525_81107FA80,0
023525_8118F8210,0
023525_811B0B300,0
023525_8128C9390,0
0235308_80D6C7090,0
0235308_8107321E0,0
023537_8014599F0,0
023537_8014706A0,0
023537_80156E110,0
023537_8015F9E10,0
023537_80160F270,0
023537_801640FA0,0
023537_8016DB230,0
023537_801778F90,0
023537_801793210,0
023537_80179F360,0
023537_8017C32E0,0
023537_8017F23C0,0
023537_801854480,0
023537_80197E070,0
023537_801B66BB0,0
023537_801CF81A0,0
023537_80201FFD0,0
023537_802073940,0
023537_8022630D0,0
023537_802263750,0
023537_8023987F0,0
023537_8023F2920,0
023537_802473CD0,0
023537_8025D0780,0
023537_802683D60,0
023537_80274D1A0,0
023537_8027739B0,0
023537_8027D2C40,0
023537_8027D8780,0
023537_8028592E0,0
023537_802924120,0
023537_802B3B180,0
023537_802B8E370,0
023537_802C5D390,0
023537_802D2C320,0
023537_803280FC0,0
023537_803949A90,1
023537_803C83200,0
023537_803C8C570,0
023537_804007950,0
023537_8042DFBA0,0
023537_804334CD0,0
023537_8044CA6C0,0
023537_8045DACC0,0
023537_804734810,0
023537_804942630,0
023537_804F53B50,0
023537_8051BEEA0,0
023537_80543B8F0,0
023537_80544C4A0,0
023537_8056D3FD0,0
023537_80572D790,0
023537_8057F1D80,0
023537_80580AE40,0
023537_805A7D9E0,0
023537_805AA3EA0,0
023537_805DDC870,0
023537_80623C190,0
023537_8068012B0,0
023537_806A3C0D0,1
023537_806C9F8E0,0
023537_806FDBAF0,0
023537_807240790,0
023537_8073565B0,0
023537_80761DB10,0
023537_807D67350,0
023537_80820FBE0,0
023537_808B9EE60,0
023537_808D36260,0
023537_808EB8E90,0
023537_809528C60,0
023537_8097939A0,0
023537_809A2D020,0
023537_809F23F20,0
023537_80ADF8480,0
023537_80AE76B70,0
023537_80AE83C20,0
023537_80B81B320,0
023537_80B8E4C30,0
023537_80BB1FD00,0
023537_80BBE0130,0
023537_80BF69420,0
023537_80C300B00,0
023537_80C6D1340,0
023537_80C80F410,0
023537_80D113AE0,0
023537_80D2EE2C0,0
023537_80DA43690,0
023537_80E0627B0,0
023537_80E3F3510,0
023537_80E7A3270,0
023537_80F7003F0,0
023537_811CCFC60,0
023537_811D53440,0
023537_812A3A850,0
023537_814569070,0
0235440_80D34ECA0,0
0235440_80D6E69A0,0
0235440_80DAC2EE0,0
0235440_80EC80F60,0
0235440_80EFF8C60,0
0235440_80F950320,0
0235440_80F953B00,0
0235440_811185180,0
0235440_8121D77D0,0
0235440_812492C10,0
0235440_8126227B0,0
0235440_812945510,0
0235440_812B7BCC0,0
0235440_81311BF90,0
0235440_8135ADAC0,0
0235440_813A6B450,0
0235440_8141C9400,0
023555_8014A23E0,0
023555_8014A2520,0
023555_8014B3D60,0
023555_8014CFE30,0
023555_801573DC0,0
023555_8015A68A0,0
023555_801600900,0
023555_8016381A0,0
023555_80184F200,0
023555_8018AB840,0
023555_8018BE480,0
023555_8018BE481,0
023555_8018C28B0,0
023555_8018F68A0,0
023555_8019CBF70,0
023555_801A35570,0
023555_801B1A120,0
023555_801C7D270,0
023555_801CAFEE0,0
023555_801CFD9D0,0
023555_801D333E0,0
023555_801D887E0,0
023555_801DCD440,0
023555_801E1AFE0,0
023555_801EC55D0,0
023555_801F1EC10,0
023555_801F26A50,0
023555_801F2AB80,0
023555_801F539F0,0
023555_801FCBBE0,0
023555_80208CFF0,0
023555_80209C460,0
023555_8020AD380,0
023555_8020E8CC0,0
023555_802124A60,0
023555_8021CF080,1
023555_802213DF0,0
023555_8024425A0,0
023555_8024FABA0,0
023555_80256FC10,0
023555_802675E30,0
023555_80267F9E0,0
023555_80268CEB0,0
023555_8026FB750,0
023555_802788B90,0
023555_802963440,0
023555_802A072E0,0
023555_802A9CA90,0
023555_802AFDDE0,0
023555_802AFEF40,0
023555_802B6FB50,0
023555_802DC7360,0
023555_802E94D30,0
023555_802EF58D0,0
023555_803122000,0
023555_803359F40,0
023555_8034EDB20,0
023555_803EA7F50,0
023555_8042E4BF0,0
023555_804329A50,0
023555_804A69FF0,0
023555_8053019E0,0
023555_8055B0200,0
023555_805B9BDF0,0
023555_806391890,0
023555_8067E2020,0
023555_8069D7D50,0
023555_806AC79B0,0
023555_8075DD910,0
023555_80796B340,0
023555_807A8D7E0,0
023555_807CE3930,0
023555_807E26DD0,0
023555_808095420,0
023555_80831E9A0,0
023555_808D60DE0,0
023555_808FFB5C0,0
023555_809772450,0
023555_809F8C3A0,0
023555_80ABA6B60,0
023555_80ABBFC70,0
023555_80AED9980,0
023555_80B67EFF0,0
023555_80B7A5990,0
023555_80BB27B90,0
023555_80BB285F0,0
023555_80C227070,0
023555_80D470A40,0
023555_80E33F440,0
023555_80E5ED0D0,0
023555_80EDB2300,0
023555_80FBBFEC0,0
023555_80FF0CF60,0
023555_8109732B0,0
023555_810A6EEB0,0
023555_81106FD30,0
023555_8126351D0,0
023555_8144DF610,0
0235711_80D02C670,0
0235711_80D3273B0,0
0235711_80D987CA0,0
0235711_80DE6AEB0,0
0235711_80E111640,0
0235711_80E37FA70,0
0235711_80F2A0CB0,0
0235711_80F84F3C0,0
0235711_80FBDC1D0,0
0235711_80FED5220,0
0235711_810403060,0
0235711_81046CCB0,0
0235711_8106E01C0,0
0235711_810ABD860,0
0235711_8111BFDA0,0
0235711_8121FA240,0
0235711_8132AFF70,0
0235711_8135B8B00,0
0235711_813779AF0,0
0235843_80D610E80,0
0235878_80D07F220,0
0235878_80D505480,0
0235878_80DD02B50,0
0235878_80E7821C0,0
0235878_80E7F16C0,0
0235878_80E805660,0
0235878_80ED178A0,0
0235878_80F7D0D20,0
0235878_8100AF490,0
0235878_81039AD80,0
0235878_8104B9560,0
0235878_81057B030,0
0235878_810D0E2A0,0
0235878_810DC3B20,0
0235878_81338EF50,0
0235878_81422A0E0,0
0235920_80DD00580,0
0235920_80DEBB1E0,0
0235920_80E36DBD0,0
0235920_80E4D9880,0
0235920_80E798DC0,0
0235920_80F7A3F30,0
0235920_80FBAE4D0,0
0235920_81106C1F0,0
0235920_8110BEE80,0
0235920_8119B0640,0
0235920_8124E1600,0
0235920_812501950,0
0235920_812524050,0
0235920_8128AA110,0
0235920_813190C00,0
0235986_80D4431E0,0
0235986_80D461140,0
0235986_80D920F50,0
0235986_80DBCF3E0,0
0235986_80F58A300,0
0235986_810469950,0
0235986_811341D50,0
0235986_811740A50,0
0235986_8118A0BD0,0
0235986_81351DBA0,0
0235986_813594400,0
0235986_813A28340,0
0235986_813B12520,0
0236046_80D5517D0,0
0236046_80DA73E60,0
0236046_80DC8CCF0,0
0236046_80E171A20,0
0236046_80E1AA8E0,0
0236046_80E6682C0,0
0236046_80EA39420,0
0236046_8101FA110,0
0236046_810ABFF50,0
0236046_811253740,0
0236046_811453AF0,0
0236046_811729500,0
0236046_8118EA5B0,0
0236046_812B0CF30,0
0236046_81330AB50,0
0236046_81330C5A0,0
0236046_813B98C70,0
0236197_80D2F8E30,0
0236197_80D382A10,0
0236197_80D94BA00,0
0236197_80DDC7410,0
0236197_80E0B62B0,0
0236197_80E0C32F0,0
0236197_80F297AB0,0
0236197_80FF48190,0
0236197_81057B680,0
0236197_810758CA0,0
0236197_810775270,0
0236197_810AF54F0,0
0236197_810DDBF60,0
0236197_810E4D500,0
0236197_8112270C0,0
0236197_8117477F0,0
0236197_811AE6190,0
0236197_811E0ACC0,0
0236197_81289B150,0
0236197_812AE59E0,0
0236197_812CD7E80,0
0236197_813905ED0,0
0236197_8144539A0,0
0236197_81445E9C0,0
0236220_80DD683E0,0
0236220_80ECB7960,0
0236220_80FC0E200,0
0236220_810A686E0,0
0236220_810E17C50,0
0236220_8125375E0,0
0236268_80D301630,0
0236268_80D4AEE30,0
0236268_80D505220,0
0236268_80D73B3B0,0
0236268_80E3B8410,0
0236268_80F2B7720,0
0236268_81009C4D0,0
0236268_8104704F0,0
0236268_810B61D50,0
0236268_811A1E350,0
0236268_811D91350,0
0236268_813513290,0
0236268_813990050,0
0236268_813A48E70,0
0236268_8142217C0,0
0236346_802E878B0,0
0236346_80BFB2030,0
0236346_80DA570C0,0
0236346_80DA65520,0
0236346_80DCF00A0,0
0236346_80E0C5930,0
0236346_80E1CB2E0,0
0236346_80E55F410,0
0236346_80E681330,0
0236346_80F1C0D40,0
0236346_81059F5A0,0
0236346_810DA9870,0
0236346_811474150,0
0236346_8118BDE90,0
0236346_811C9CDE0,0
0236346_8131A7F90,0
0236346_813379010,0
0236346_813621E40,0
0236346_8143E7F90,0
0236418_80DEF73E0,0
0236418_80FE18FA0,0
0236418_8100A4C20,0
0236418_810447FF0,0
0236418_8116AC620,0
0236418_81217D160,0
0236418_813C14490,0
0236684_80D7F5060,0
0236684_80D9760F0,0
0236684_80DD10460,0
0236684_80EC7AA80,0
0236684_80F513DA0,0
0236684_80FBE0670,0
0236684_80FC87750,0
0236684_810158720,0
0236684_810383230,0
0236684_810B48600,0
0236684_8116D0E80,0
0236684_8122408C0,0
0236684_812BBCCE0,0
0236684_813375600,0
0236684_813EF1780,0
0236684_814030C70,0
0236685_80D565CC0,0
0236685_80D63A600,0
0236685_80D964980,0
0236685_80D96EC30,0
0236685_80DA13260,0
0236685_80DB4C6F0,0
0236685_80DBA39A0,0
0236685_80DFCA260,0
0236685_80E0D12B0,0
0236685_80E3890D0,0
0236685_80E41CEB0,0
0236685_80EC8F990,0
0236685_80EF27AF0,0
0236685_80F2B45F0,0
0236685_80FF9EFE0,0
0236685_810544FD0,0
0236685_81097F300,0
0236685_810D06350,0
0236685_81147CC80,0
0236685_811CA4970,0
0236685_811E12660,0
0236685_8123714E0,0
0236685_8132CC7E0,0
0236685_8133C5230,0
0236685_813665EA0,0
0236685_81369EFA0,0
0236685_8141FA490,0
0236710_80D651A10,0
0236710_80F357240,0
0236710_80F4B3650,0
0236710_80FA6AD20,0
0236710_8102263E0,0
0236710_810397ED0,0
0236710_810778EA0,0
0236710_810A40D70,0
0236710_8118CE610,0
0236710_812BA7D70,0
0236710_812D5E3B0,0
0236710_812D857E0,0
0236710_813000470,0
0236746_80D939150,0
0236746_80E129990,0
0236746_80E1340C0,0
0236746_80E134110,0
0236746_80E170270,0
0236746_80E4A2960,0
0236746_80F2C2FA0,0
0236746_80FDA3620,0
0236746_80FE2FC40,0
0236746_8100AF440,0
0236746_8105702E0,0
0236746_8105B6F50,0
0236746_810DDA3C0,0
0236746_810E8B130,0
0236746_811762670,0
0236746_811AA71C0,0
0236746_812C4AF70,0
0236746_8133E9C70,0
0236746_813460660,0
0236746_813682890,0
0236746_8143E48B0,0
0236867_800EB8DF0,0
0236867_80DCF4290,0
0236867_80DD45C70,0
0236867_80E2E8A50,0
0236867_810392820,0
0236867_8104E82B0,0
0236867_810F95A70,0
0236867_8110EA900,0
0236867_812489730,0
0236867_812747910,0
0236867_812748B50,0
0236867_814161630,0
023691_800740C50,0
023691_8011417D0,0
023691_801593EB0,0
023691_8015940C0,0
023691_801594650,0
023691_8015C7A00,0
023691_801634AE0,0
023691_801677840,0
023691_801827A50,0
023691_80184BDE0,0
023691_8019365E0,0
023691_801AC4D90,0
023691_801E55560,0
023691_801E6FC60,0
023691_801E754D0,0
023691_801EEAB40,0
023691_801F17020,0
023691_801FBBAE0,0
023691_801FDE8A0,0
023691_802030200,0
023691_8020A3FC0,0
023691_8020A5750,0
023691_8020D4430,0
023691_802103820,0
023691_8021C01D0,0
023691_802215320,0
023691_8023739C0,0
023691_8024E1CE0,0
023691_8024E8270,0
023691_802518290,0
023691_802616AE0,0
023691_802672B20,0
023691_80269C3D0,0
023691_80271E470,0
023691_802728F10,0
023691_8029CF570,0
023691_8029E1F10,0
023691_802ACA280,0
023691_802B2C040,0
023691_802B49380,0
023691_802D68240,0
023691_802D76360,0
023691_802D89A70,0
023691_802DEB230,0
023691_802EACCE0,0
023691_802EBD3D0,0
023691_802F593C0,0
023691_803A596F0,0
023691_803E86AF0,0
023691_8042C6090,0
023691_8047C3DC0,0
023691_805065F10,0
023691_80574B080,0
023691_805842910,0
023691_805961B00,0
023691_8062F57C0,0
023691_806885410,0
023691_806923030,0
023691_806AC7BA0,0
023691_806C429F0,0
023691_806F97960,0
023691_807464740,0
023691_8077CBF20,0
023691_807D4D0C0,0
023691_808019CA0,0
023691_8084696C0,0
023691_808AD6980,0
023691_808FA1290,0
023691_8094D7090,0
023691_80973FED0,0
023691_8099413B0,0
023691_80A09C1D0,0
023691_80A534690,0
023691_80A67B0D0,0
023691_80A903800,0
023691_80B67D490,0
023691_80B9C4650,0
023691_80BBE1DE0,0
023691_80BC8DEB0,0
023691_80C8C2EE0,0
023691_80D0965C0,0
023691_80D537BE0,0
023691_80DDFA260,0
023691_80E0AC560,0
023691_80E639650,0
023691_810E0D0F0,0
023691_8110A53D0,0
023691_8110A54C0,0
0237016_80D7C9CC0,0
0237016_80D980580,0
0237016_80DBAEDF0,0
0237016_80DEA2F10,0
0237016_80DEA2F60,0
0237016_80E0692E0,0
0237016_80E332260,0
0237016_80E6F0C00,0
0237016_80ED05C90,0
0237016_80F2F9F70,0
0237016_80FEDFBD0,0
0237016_8100650C0,0
0237016_8106FBC60,0
0237016_8116A6960,0
0237016_8118E1D80,0
0237016_8126B87D0,0
0237016_812BCBFA0,0
0237016_81312F4B0,0
0237016_813349750,0
0237016_814256510,0
0237016_8146F26A0,0
0237199_80DADF040,0
0237199_80DD10640,0
0237199_80DD6C5D0,0
0237199_80DF3BED0,0
0237199_80E6B5B80,0
0237199_80EC5A4B0,0
0237199_80ED06DE0,0
0237199_80F338C80,0
0237199_80F621290,0
0237199_80F9D1770,0
0237199_810266340,0
0237199_810323FA0,0
0237199_810A16890,0
0237199_810E7D2C0,0
0237199_811526720,0
0237199_811AB5630,0
0237199_812DC6470,0
0237199_812F042A0,0
0237199_81389C110,0
0237199_813A225C0,0
0237199_813D897A0,0
0237316_80D9EA580,0
0237316_80DEF88C0,0
0237316_80DFD09F0,0
0237316_80E583680,0
0237316_80E7B2970,0
0237316_80EC02C30,0
0237316_80F4F9D90,0
0237316_80FBA82F0,0
0237316_80FE737A0,0
0237316_810577CB0,0
0237316_810953800,0
0237316_81100BF40,0
0237316_81160CF00,0
0237316_81164B430,0
0237337_80E646B60,0
0237337_80E772B10,0
0237337_80E7BCD50,0
0237337_80FC20000,0
0237337_810B67290,0
0237337_8111837A0,0
0237337_81129EB30,0
0237337_8131791D0,0
0237354_80E01A240,1
0237354_80F2B41F0,0
0237354_8104F2940,0
0237354_810770F50,0
0237354_810A02000,0
0237354_810D0A5C0,0
0237354_8112A3630,0
0237354_812173370,0
0237354_8121E6580,0
0237354_812B82050,0
0237354_812FB9880,0
0237354_813A06730,0
0237354_813E73A50,0
0237354_81419A960,0
0237636_80DFA71E0,0
0237636_80E0F9B90,0
0237636_80E40BD00,0
0237636_80EBB1890,0
0237636_80EEAFDE0,0
0237636_80FBCD550,1
0237636_81397C3C0,0
0237636_8139AB380,0
0237730_80DC8AC40,0
0237730_80E0B9850,0
0237730_80E12B770,0
0237730_80E7004D0,0
0237730_80F3CE380,0
0237730_80FBE7040,0
0237730_80FDEB800,0
0237730_80FE3C310,0
0237730_8106C4930,0
0237730_8115DD160,0
0237730_812039130,0
0237730_8130A3D20,0
0237730_8133635E0,0
0237730_8139C7200,0
0237730_813A504F0,0
0238038_80DE67EA0,0
0238038_80E3A3350,0
0238038_80E4BC0D0,0
0238038_80FCBB620,0
0238038_810B5B130,0
0238038_811464380,0
0238038_811FE25E0,0
0238038_812473110,0
0238038_812EE5540,0
0238038_813E22B90,0
0238038_813F0C4B0,0
0238038_8141BB820,0
0238038_8141F3CA0,0
0238038_81426FE10,0
0238038_814680D40,0
0238082_80EBF1F80,0
0238082_8102F1940,0
0238082_8104E0EB0,0
0238082_810AD8EA0,0
0238082_810C9F7E0,0
0238082_810E79FF0,0
0238082_812022720,0
0238082_812161F10,0
0238082_8128D9830,0
0238082_8135DD2A0,0
0238123_80ECB9FD0,0
0238123_80ED443F0,0
0238123_80FB9DFB0,0
0238123_80FBA48F0,0
0238123_810E90D60,0
0238123_811676B30,0
0238123_811685DE0,0
0238123_8116E7700,0
0238123_812111830,0
0238123_812E973D0,0
0238125_80DE493F0,0
0238125_80E345160,0
0238125_80E428EF0,0
0238125_80F5B8290,0
0238125_811023570,0
0238125_8110DC310,0
0238125_8120EFEC0,0
0238125_812104B90,0
0238125_8123198E0,0
0238125_81270FC10,0
0238151_80E1239C0,0
0238151_80F35B380,0
0238151_80FC40C10,0
0238151_810C92670,0
0238151_811342620,0
0238151_811A5C130,0
0238151_811CCFE90,0
0238151_811D7D750,0
0238151_812CD9520,0
0238151_812D60BA0,0
0238151_81383BDB0,0
0238280_80DF34D10,0
0238280_80E6454B0,0
0238280_80FAC7280,0
0238280_8104A7950,0
0238280_8108515D0,0
0238280_810C2B9B0,0
0238280_812301730,0
0238286_80E7B5300,0
0238286_80EC1FE90,0
0238286_80F9D49A0,0
0238286_810575680,0
0238286_810F62480,0
0238286_810F67940,0
0238286_8147F3470,0
023833_801646990,0
023833_801657790,0
023833_80165B700,0
023833_801672E30,0
023833_8016F1D10,0
023833_80185D500,0
023833_8018859B0,0
023833_80188DE10,0
023833_8019EA1C0,0
023833_801A1F8B0,0
023833_801A4CF20,0
023833_801B65950,0
023833_801C38710,0
023833_801CF5E40,0
023833_801DCF610,0
023833_801EA4520,0
023833_8021AB450,0
023833_8021FF8D0,0
023833_80226E000,0
023833_802277010,0
023833_80229B0F0,0
023833_802741360,0
023833_8027627F0,0
023833_802855BF0,0
023833_80291C010,0
023833_8029206A0,0
023833_802AE4030,0
023833_802B0E740,0
023833_802B42B50,0
023833_802C25D00,0
023833_802C385D0,0
023833_802C8AE80,0
023833_802CB3AD0,0
023833_802E04A80,0
023833_802E17640,0
023833_802E29650,0
023833_802F92460,0
023833_803205B40,0
023833_8033C6660,0
023833_80341D130,0
023833_8034A4BC0,0
023833_80353CB40,0
023833_80373DEB0,0
023833_803A2D530,0
023833_803C69280,0
023833_803FD41A0,0
023833_80445DB00,0
023833_804461BC0,0
023833_804524FD0,0
023833_80493D3F0,0
023833_804E25150,0
023833_8051820D0,0
023833_805215C80,0
023833_80556F590,0
023833_8056CB940,0
023833_805937E60,0
023833_80593CFB0,0
023833_805A8F330,0
023833_805B18940,0
023833_805CE7AE0,0
023833_8062C2050,0
023833_8066000B0,0
023833_8066FC4C0,0
023833_8066FF910,0
023833_8067468D0,0
023833_806CF2190,0
023833_8070CD9B0,0
023833_8073E53B0,0
023833_807A0B880,0
023833_807CA6930,0
023833_807D18300,0
023833_808290D50,0
023833_808D55030,0
023833_809780E00,0
023833_809FF9770,0
023833_80A02CBB0,0
023833_80A0D8B20,0
023833_80A4D9FC0,0
023833_80AAD2E40,0
023833_80AAE4FA0,0
023833_80B6E9BB0,0
023833_80B9C2D50,0
023833_80BC14000,0
023833_80C821020,0
023833_80CA26820,0
023833_80CF024E0,0
023833_80CFA5D20,0
023833_80D6B5B30,0
023833_80D778C70,0
023833_80D8B3A70,0
023833_80D997B20,0
023833_80DA83F70,0
023833_80DCEC1B0,0
023833_810433A20,0
023833_81056FB10,0
023833_812846790,0
023833_812B93B80,0
023833_8130090F0,0
023833_81318A2E0,0
023833_813573370,0
023833_8135AE620,0
023833_8136179A0,0
0238387_80E08DFA0,0
0238387_80E422AB0,0
0238387_80E541600,0
0238387_80EC19E80,0
0238387_80EC501C0,0
0238387_810374270,0
0238387_8115EDF30,0
0238387_811A9FF50,0
0238387_812483DC0,0
0238387_8127278D0,0
0238387_8128EA320,0
0238387_812B4B270,0
0238397_80DF36480,0
0238397_80E31B5A0,0
0238397_80FB85760,0
0238397_8101EC3D0,0
0238397_8113D2FD0,0
0238397_812E8ADC0,0
023842_8015F4210,0
023842_8015F5180,0
023842_801617CC0,0
023842_80161AEB0,0
023842_80161E070,0
023842_8016D2480,0
023842_8017047B0,0
023842_8018698E0,0
023842_8018A1F90,0
023842_80196CFB0,0
023842_8019FD500,0
023842_801A97310,0
023842_801C9E040,0
023842_801CEA200,0
023842_801D15340,0
023842_801F35550,0
023842_801F85EF0,0
023842_8021F9BB0,0
023842_8022A9D70,0
023842_8022BC0A0,0
023842_8022CED30,0
023842_80241E560,0
023842_802475AC0,0
023842_8024A5A80,0
023842_802AB83B0,0
023842_802C4AB20,0
023842_802DAA030,0
023842_802E03380,0
023842_802E795E0,0
023842_802FA3CC0,0
023842_802FBA800,0
023842_802FBC7B0,0
023842_8031F1DB0,0
023842_803246FF0,0
023842_80327ABB0,0
023842_8032B2720,0
023842_80359D650,0
023842_8037A8220,0
023842_8043A6C60,0
023842_8044CD870,0
023842_8045C50C0,0
023842_80485F020,0
023842_804AF0050,0
023842_804BFDFC0,0
023842_804D5DA20,0
023842_804E36E80,0
023842_804E86410,0
023842_80508DF10,0
023842_8051BADE0,0
023842_8051C1E80,0
023842_8052B9910,0
023842_8053A6DE0,0
023842_80543B940,0
023842_8055B4710,0
023842_80562C680,0
023842_8059E3F90,0
023842_805F9FD70,0
023842_8062E4FD0,0
023842_8062EDBF0,0
023842_8064475E0,0
023842_8066C01D0,0
023842_8066E1A30,0
023842_8066F6860,0
023842_806782A60,0
023842_806A38D90,0
023842_80759E9C0,0
023842_8075D5300,0
023842_8075F8A60,0
023842_808E81040,0
023842_809B997E0,0
023842_80A1786A0,0
023842_80A334A10,0
023842_80A8D2290,0
023842_80A8EA150,0
023842_80ABC6BF0,0
023842_80AE8B590,0
023842_80AE9C930,0
023842_80B3F3A60,0
023842_80B8F6D50,0
023842_80BE0D800,0
023842_80C6C36B0,0
023842_80D023600,0
023842_80D31DC60,0
023842_80E402320,0
023842_80E75C710,0
023842_80E77F120,0
023842_80E7A4310,0
023842_80E89D1B0,0
023842_810184190,0
023842_8104FCFE0,0
023842_8106DE7C0,0
023842_810C687B0,0
023842_810E95280,0
023842_8111930F0,0
023842_8113F5800,0
023842_811FC35C0,0
023842_8126061D0,0
023842_813240AD0,0
023842_813278940,0
023842_8148E8730,0
0238473_8014495C0,0
0238473_80E0306E0,0
0238473_80E1FA2C0,0
0238473_80E269E60,0
0238473_80E58F600,0
0238473_80F71F680,0
0238473_8107762D0,0
0238473_810E31610,0
0238473_811C91210,0
0238473_811E30AA0,0
0238473_812A4CBA0,0
0238744_80E311440,0
0238744_80EFE4830,0
0238744_80FF62500,0
0238744_8100B54F0,0
0238744_81031D500,0
0238744_810DBCAC0,0
0238744_81110BCA0,0
0238744_811AE2A60,0
0238744_812826970,0
0238744_812A5E160,0
0238744_812B47A70,0
0238744_81333AD30,0
0238744_8136618A0,0
0238744_8139074D0,0
0238744_813A4EF50,0
0238744_813C13740,0
0238829_80E89C3B0,0
0238829_80EE7DA90,0
0238829_80F289D90,0
0238829_80FA11A20,0
0238829_8103CD120,0
0238829_812975D80,0
0238829_8129F26C0,0
0238829_812AC2160,0
0238829_81303D250,0
0238829_8133C73E0,0
0238829_81385C4B0,0
0238829_813A92360,0
0238829_81400DD30,0
0238829_814086470,0
0238845_80E2ADFF0,0
023885_801654090,0
023885_801668A00,0
023885_8016A3F70,0
023885_801765970,0
023885_801785F20,0
023885_8017A5F70,0
023885_8017D0970,0
023885_8018932D0,0
023885_8018A6110,0
023885_801932D50,0
023885_801A7F150,0
023885_801C0B640,0
023885_801E89E40,0
023885_801F82E00,0
023885_8021FFD30,0
023885_8022D78D0,0
023885_8023E6220,0
023885_8024753A0,0
023885_80254F920,0
023885_80274A840,0
023885_8027631F0,0
023885_8027CFB40,0
023885_802966370,0
023885_802BD56F0,0
023885_802E1B960,0
023885_802E268B0,0
023885_8030634D0,0
023885_80318BF70,0
023885_803192070,0
023885_80340F650,0
023885_80364F050,0
023885_803798800,0
023885_803A38840,0
023885_803A5CB20,0
023885_803AD8EA0,0
023885_803AE6E20,0
023885_803B80530,0
023885_80416A730,0
023885_804199990,0
023885_8041B10A0,0
023885_8041E96E0,0
023885_804280590,0
023885_804D61B00,0
023885_804DE0140,0
023885_804E807D0,0
023885_804ED0BA0,0
023885_804F6EBA0,0
023885_805160520,0
023885_80522D930,0
023885_805375F40,0
023885_80571CEF0,0
023885_8057911F0,0
023885_805AA36D0,0
023885_805DCF570,0
023885_805DEB4F0,0
023885_805F5CB00,0
023885_8062C8270,0
023885_8066F0370,0
023885_806736600,0
023885_806E0EE30,0
023885_80718C8E0,0
023885_807360610,0
023885_8079EF480,0
023885_807A09690,0
023885_807A09920,0
023885_8080AD360,0
023885_808526930,0
023885_8086C0BE0,0
023885_8088A9880,0
023885_808F08430,0
023885_808FC7ED0,0
023885_809FCC2C0,0
023885_80A046680,0
023885_80A36AA80,0
023885_80A45EC70,0
023885_80A4CCEE0,0
023885_80A723EF0,0
023885_80AC9C290,0
023885_80ADFDF40,0
023885_80B66FDD0,0
023885_80B6EF520,0
023885_80C2764B0,0
023885_80CB1A940,0
023885_80D1963E0,0
023885_80D31D240,0
023885_80D95E100,0
023885_80E82BBD0,0
023885_81007EE10,0
023885_8104D68E0,0
023885_810553E30,0
023885_811166900,0
023885_8116B2B70,0
023885_81179EC20,0
023885_812D5BFB0,0
023885_813018BE0,0
023885_81303A1E0,0
023885_813684920,0
023885_813A12F20,0
023885_8145663B0,0
023885_8147880B0,0
0239163_80ED43550,0
0239163_80F0AFAE0,0
0239163_80F603060,0
0239163_80FB76B60,0
0239163_810CA1690,0
0239163_811D2EB30,0
0239163_81210B830,0
0239173_80E444F50,0
0239173_80F828A80,0
0239173_80FF52210,0
0239173_810F00410,0
0239173_810F4F6D0,0
0239173_810FB54E0,0
0239173_811199FE0,0
0239173_8116F4780,0
0239173_812ADDFF0,0
0239212_80EE1B4E0,0
0239212_80EE63FC0,0
0239212_8102AE1F0,0
0239212_8104B64B0,0
0239212_81057D5E0,0
0239212_810B08170,0
0239212_812B651D0,0
0239212_8138F59D0,0
0239212_813A4AB50,0
0239212_813ED2080,0
0239212_814399920,0
0239330_80EC6B0B0,0
0239330_80F0A1DF0,0
0239330_80F270E80,0
0239330_80F7677A0,0
0239330_810EE8DA0,0
0239330_812371440,0
0239330_8129BE5B0,0
0239330_812A98510,0
0239330_81303C430,0
0239330_81347D380,0
0239330_81353D320,0
0239330_813694DD0,0
0239330_81382CEC0,0
0239330_8139DF460,0
0239330_813A0F7F0,0
0239330_814367960,0
0239330_814962050,0
023_800058470,0
023_80005FD30,0
023_8000606A0,0
023_800062570,0
023_8000652B0,0
023_800068890,0
023_8000EF220,0
023_8000F1AF0,0
023_8000F9730,0
023_8000FAD90,0
023_8000FB9C0,0
023_8000FBD00,1
023_8000FD480,0
023_8000FE790,0
023_8000FFF70,0
023_800102060,0
023_8001023B0,0
023_800102AA0,0
023_8001169F0,0
023_800124770,0
023_800125440,0
023_8001256F0,0
023_80012C0A0,0
023_800165E30,0
023_8001665B0,0
023_800167090,0
023_8001679A0,0
023_80016FAF0,0
023_800178900,0
023_80017C870,0
023_80017DD40,0
023_80017F480,0
023_8001866E0,0
023_8001AEBF0,0
023_8001B2240,0
023_8001B7920,0
023_8001C1630,0
023_8001FC460,0
023_8001FE5D0,1
023_800200A60,0
023_800202570,0
023_8002045A0,0
023_800206E50,0
023_80022D090,0
023_80022E260,0
023_800230480,0
023_800230FD0,0
023_800239A90,0
023_8002428B0,0
023_800242CC0,1
023_800245360,0
023_800255CD0,0
023_800269DF0,0
023_8002759E0,0
023_800275D50,0
023_80027A2B0,0
023_80027A4E0,0
023_80027BA60,1
023_800283390,0
023_8002917C0,0
023_8002989D0,0
023_80029AE00,0
023_80029EE50,0
023_80029FB90,0
023_8002A3860,0
023_8002A7660,0
023_8002B3CE0,0
023_8002D5850,0
023_8002E1710,0
023_8002E49D0,0
023_8002EEC10,0
023_8002F3670,0
023_80030DEA0,0
023_800316A90,0
023_80031DB30,0
023_800358AB0,0
023_80035CC40,0
023_800421350,0
023_80048E650,0
023_8004F5100,0
023_8004FF7A0,0
023_800500DA0,0
023_8005054C0,0
023_80050EB30,0
023_8005153C0,0
023_8005241E0,0
023_8005505C0,0
023_8005678A0,0
023_800568B90,0
023_80056C8A0,0
023_800586900,0
023_8005D23E0,0
023_8005E56B0,0
023_8005E5BE0,0
023_80060B490,0
023_80063C9D0,0
023_800661FB0,0
023_8006C20E0,0
023_8006DED80,0
023_800749040,0
023_800770C90,0
023_8007927F0,0
023_8007D5B50,0
023_8007DEFC0,0
023_8007E4520,0
023_8007F73D0,0
023_800844D10,0
023_8008B6D50,0
023_800916AF0,0
023_8009761D0,0
023_80097DF90,0
023_8009927C0,0
023_8009C94C0,0
023_8009CE490,0
023_8009D5080,0
023_8009D78B0,0
023_8009EA030,0
023_800A062D0,0
023_800A07FA0,0
023_800A12130,0
023_800A18ED0,0
023_800A1F2F0,0
023_800A22330,0
023_800A9D200,0
023_800AB6A30,0
023_800B62C40,0
023_800B7EDE0,0
023_800B88C00,0
023_800B95E40,0
023_800BCCD20,0
023_800BE9A70,0
023_800C72DF0,0
023_800C8FC60,0
023_800CA6C60,0
023_800D083E0,0
023_800D89BB0,0
023_800D8E100,0
023_800D957E0,0
023_800E656D0,0
023_800EB8DA0,0
023_800F84020,0
023_800FAED00,0
023_801019520,0
023_80101C530,0
023_80106D3E0,0
023_8010C4690,0
023_8010C6070,0
023_80113F130,0
023_80114BBE0,0
023_8011C6920,0
023_8011F80C0,0
023_801202A10,0
023_8012A8690,0
023_8013319A0,0
023_8013353F0,0
023_80135EE10,0
023_801394460,0
023_8013D3A50,0
023_801409380,0
023_8014DD1D0,0
023_8014EAE70,0
023_8015153A0,0
023_8015176D0,0
023_801553500,0
023_8015BF4D0,0
023_8015C23B0,0
023_8016BF000,0
023_8017FF700,0
023_801809F20,0
023_80180F550,0
023_80181B460,0
023_80189C480,0
023_8019BBBB0,0
023_8019C3EF0,0
023_801AA8160,0
023_801ADE8B0,0
023_801AE3A60,0
023_801B33970,0
023_801BCBD50,0
023_801C5B720,0
023_801C82690,0
023_801D96180,0
023_801DAC980,1
023_801DCC310,0
023_801DF5760,0
023_801E1A130,0
023_801EEB2F0,0
023_801F008B0,0
023_801F2DA30,0
023_801FD2FF0,0
023_802041810,0
023_8020643A0,0
023_8020A5F10,0
023_8021205B0,0
023_80219E4D0,0
023_80224C880,0
023_8022E9780,0
023_8023E9530,0
023_8024DE780,0
023_8024E31E0,0
023_802520E90,0
023_802572690,0
023_8026966A0,0
023_8027DC8F0,0
023_8027EDD30,0
023_8028CF040,0
023_802A04340,0
023_802ACA690,0
023_802B19250,0
023_802BD33F0,0
023_802D5C900,0
023_802D97840,0
023_802DA36B0,0
023_802F61A10,0
023_8031F5680,0
023_803264CA0,0
023_80335D250,0
023_80400D3E0,0
023_8040B7570,0
023_804385960,0
023_804EBD260,0
023_805322D40,0
023_8056D4B60,0
023_805AC1770,0
023_8060582F0,0
023_8068CFC60,0
023_8068D8B80,0
023_806C3EC90,0
023_806D40760,0
023_806DE9620,0
023_80763BCD0,0
023_8077A5C30,0
023_8077AE780,0
023_807806220,0
023_8078521C0,0
023_80786DB20,0
023_8079B24F0,0
023_807B94960,0
023_8091F5280,0
023_80A32BE10,0
023_80A795A40,0
023_80AC4CCE0,0
023_80B5A08D0,0
023_80B6A27E0,0
023_80BCF2000,0
023_80D40BEF0,0
023_80D7F0150,0
023_80DE451D0,0
023_80EBEBEF0,0
023_80ED014B0,0
023_80F8C21A0,0
023_80FAB4250,0
023_810717930,0
023_8111D0A10,0
023_81162E720,0
023_811B0D770,0
023_812648DA0,0
023_813F2E4C0,0
0240229_80F384AF0,0
0240492_80EFE0F40,0
0240492_80EFF0120,0
0240492_8100A8D10,0
0240492_8103EBF70,0
0240492_8107527E0,0
0240492_81175BA70,0
0240492_811761580,0
0240492_8117762F0,0
0240492_812A4ED10,0
0240492_812EB2EF0,0
0240492_813921B10,0
0240492_813E30E80,0
0240492_813F1CC90,0
0240648_80ED2A0A0,0
0240648_80EE773C0,0
0240648_80EF27EF0,0
0240648_80F1C0E50,0
0240648_8104FCB20,0
0240648_811C67650,0
0240648_81303B1E0,0
0240707_80ED04A20,0
0240707_80EF64780,0
0240707_80F3E81C0,0
0240707_80F9707D0,0
0240707_810DBB620,0
0240707_8113E09B0,0
0240707_8116F6500,0
0240707_812DC1DD0,0
0240707_813837F50,0
0240707_8139F9DC0,0
0240707_8142F7890,0
0241213_8101F8FC0,0
0241213_811A0D960,0
0241213_811F00C40,0
0241213_8126EA050,0
0241213_81283FEC0,0
0241213_8130F3C90,0
0241213_81353DC90,0
0241213_813957F70,0
0241213_8141F7B90,0
0241213_8145CDBB0,0
0241309_810575540,0
0241309_8112C5550,0
0241309_8124F0060,0
0241309_813237840,0
024132_801859540,0
024132_801930360,0
024132_801958C30,0
024132_8019AF5F0,0
024132_801A1F3C0,0
024132_801A3CA30,0
024132_801ABA4B0,0
024132_801AC0870,0
024132_801D67370,0
024132_801E917E0,0
024132_801EA0BE0,0
024132_802087AB0,0
024132_8021BBF60,0
024132_8021C7710,0
024132_802231070,0
024132_8022C6E50,0
024132_8022D1800,0
024132_802391B00,0
024132_80242DAE0,0
024132_802580960,0
024132_8025A0E70,0
024132_802683D10,0
024132_8027658A0,0
024132_8027CE3B0,0
024132_80286C920,0
024132_8028F53B0,0
024132_802A71370,0
024132_802AB4F60,0
024132_802AE72E0,0
024132_802AEE3B0,0
024132_802B6B020,0
024132_802E151F0,0
024132_802ED3BD0,0
024132_803044FF0,0
024132_80320BB30,0
024132_8032B2770,0
024132_8035547F0,0
024132_80357C1D0,0
024132_80378FA80,0
024132_80388D3D0,0
024132_803ACD950,0
024132_803D78AE0,0
024132_804022DB0,0
024132_8041F52E0,0
024132_8042F1970,0
024132_8045BE470,0
024132_80484C360,0
024132_80490A140,0
024132_804F6DF00,0
024132_8056F6AF0,0
024132_805737D90,0
024132_805B0D700,0
024132_805B5A000,0
024132_805CC42B0,0
024132_805F8F2C0,0
024132_806066B30,0
024132_806076720,0
024132_806265520,0
024132_8062F88E0,0
024132_8063D10A0,0
024132_806CF0880,0
024132_8071281C0,0
024132_80728FB80,0
024132_807545580,0
024132_807CA04F0,0
024132_807D1C970,0
024132_807D4ABA0,0
024132_807DC1950,0
024132_80824A940,0
024132_808A1A3B0,0
024132_808BC86E0,0
024132_808F74570,0
024132_8096369D0,0
024132_8097B7BE0,0
024132_8098BB830,0
024132_80992E990,0
024132_809E1ADD0,0
024132_809F21E10,0
024132_80A176BE0,0
024132_80A26D120,0
024132_80A504170,0
024132_80A887260,0
024132_80ABF6F40,0
024132_80ACE1A40,0
024132_80AE18D60,0
024132_80B32F090,0
024132_80B3BC7A0,0
024132_80C0E44E0,0
024132_80C5A5690,0
024132_80C6F02C0,0
024132_80CA77780,0
024132_80CF72E20,0
024132_80D047940,0
024132_80D0D54C0,0
024132_80D144CE0,0
024132_80D54A390,0
024132_80D5AE0B0,0
024132_80DF07310,0
024132_80DF24B60,0
024132_80DF7A530,0
024132_80DFDD870,0
024132_80E593770,0
024132_80EB5F490,0
024132_80F952010,0
024132_811BD9F40,0
024132_812D37B30,0
024132_8130CB1F0,0
024132_8133E45D0,0
024132_813539460,0
024132_813E73EF0,0
024144_8014541D0,0
024144_8018222D0,0
024144_80184BCF0,0
024144_8018DF7D0,0
024144_801904EB0,0
024144_801B1A170,0
024144_801BAA710,0
024144_801D347A0,0
024144_801F03140,0
024144_801F18330,0
024144_801F51780,0
024144_8020E7CB0,0
024144_80213AB70,0
024144_8021F8C60,0
024144_8023BB0F0,0
024144_8024E3050,0
024144_80270CAA0,0
024144_80294F280,0
024144_802AFECA0,0
024144_802B78CE0,0
024144_802C90A90,0
024144_802D05210,0
024144_802F37680,0
024144_8031562A0,0
024144_803261B20,0
024144_80331CC70,0
024144_8033DDCD0,0
024144_8033E1BA0,0
024144_803562940,0
024144_803BA7430,0
024144_803D85770,0
024144_804001DA0,0
024144_8041AA950,0
024144_804830F00,0
024144_804922C20,0
024144_804EDC730,0
024144_80506BC60,0
024144_80574CFE0,0
024144_805EBBA40,0
024144_8062E6280,0
024144_8062F6C00,0
024144_8066FB030,0
024144_8068A4DD0,0
024144_80690BB10,0
024144_806918190,0
024144_806980860,0
024144_8071B53F0,0
024144_807285740,0
024144_8072FDA50,0
024144_8074644A0,0
024144_807B29E00,0
024144_807D65510,0
024144_807D69710,0
024144_808F0D440,0
024144_808F38BD0,0
024144_808F46050,0
024144_8093C4C30,0
024144_809844960,0
024144_80ABF8830,0
024144_80C05A2C0,0
024144_80D1EBFB0,0
024144_80D418900,0
024144_80D942780,0
024144_80D9B69A0,1
024144_80DD42FE0,0
024144_80E4D9680,0
024144_80E64FEB0,0
024144_80F1BF320,0
024144_80F7C4930,0
024144_810716670,0
024144_810E085F0,0
024144_810E36130,0
024144_811AB9DC0,0
024144_812160AC0,0
0241485_80EDAB090,0
0241485_81043CCA0,0
0241485_810C86D20,0
0241485_81122EF20,0
0241485_8116BA760,0
0241485_81218E570,0
0241485_812B7AB30,0
0241485_8130862B0,0
0241485_813128B20,0
0241485_814218020,0
0241686_8104471D0,0
0241686_810BA0B20,0
0241686_811110780,0
0241686_811E150F0,0
0241686_8124CC450,0
0241686_812970400,0
0241686_812BA89A0,0
0241686_813120C10,0
0241686_81336E8A0,0
0241686_813598D50,0
0241686_8135DF450,0
0241686_81391C480,0
0241686_813ECA580,0
0241686_814277770,0
0241704_810A68940,0
0241704_8110AB8A0,0
0241704_81271CBF0,0
0241704_8127352E0,0
0241742_80F626D10,0
0241742_80F8D2B90,0
0241742_80FBEBE80,0
0241742_811790CD0,0
0241742_811D54110,0
0241742_812BA3970,0
0241742_813137780,0
0241742_813681080,0
0241742_814696960,0
0241775_811AFF380,0
0241775_81211C2D0,0
0241775_8121C1920,0
0241775_812779F30,0
0241775_8128C0DA0,0
0241788_80F3E9110,0
0241788_80FF48380,0
0241788_8111F8C30,0
0241788_811230F20,0
0241788_811746E70,0
0241788_812249580,0
0241788_81260D4A0,0
0241788_813612C30,0
0241801_80F5B9F70,0
0241801_811521170,0
0241801_81177C430,0
0241801_8124E98A0,0
0241801_812EF5F80,0
0241801_81361C790,0
0241801_81399EA00,0
0241801_8139E0620,0
0242061_8105836C0,0
0242061_810DF6920,0
0242061_8126FE040,0
0242061_812EE9280,0
0242061_813311DC0,0
0242061_813A23F80,0
0242061_813D6A0B0,0
0242295_80F952DD0,0
0242295_80F96F400,0
0242295_80FBDD000,0
0242295_80FDDAE40,0
0242295_8103D2400,0
0242295_8106CEC70,0
0242295_810AD1D30,0
0242295_8121531B0,0
0242295_812680C00,0
0242295_812A2A210,0
0242295_8132F98B0,0
0242295_81368C0D0,0
0242295_81382B6D0,0
0242295_8139B5370,0
0242782_80FEA2450,0
0242782_80FEA5FB0,0
0242782_8104C8B30,0
0242782_810AE9C30,0
0242782_811181B90,0
0242782_81176F800,0
0242782_8117A2D90,0
0242782_811827240,0
0242782_811BDB720,0
0242782_811D4F550,0
0242782_8126B89D0,0
0242782_812B91480,0
0242782_812BBB400,0
0242782_8130D76C0,0
0242782_8132DF9D0,0
0242782_813384D90,0
0242782_81354FBA0,0
0242782_813EF41E0,0
0243254_8103FC280,0
0243254_8118D6C20,0
0243254_8119E05C0,0
0243254_811CCEE40,0
0243445_80FF35FD0,0
0243445_810E09990,0
0243445_8120D9DD0,0
0243445_812486500,0
0243445_813E88B70,0
0243805_8102A82B0,0
0243805_81172B400,0
0243805_81328F5E0,0
0243805_813956100,0
0243805_8139CB720,0
0243807_803343B90,0
0243807_81037DEA0,0
0243807_810AAC4E0,0
0243807_810B3CCC0,0
0243807_810B433C0,0
0243807_810C7F7B0,0
0243807_810C9B330,0
0243807_8113F0D20,0
0243807_81149B5C0,0
0243807_811CE7AE0,0
0243807_8133114B0,0
0243807_8145E1D70,0
0243837_810C2A5F0,0
0243837_811019ED0,0
0243837_81166ACF0,0
0243837_81177EA30,0
0243837_811AE81F0,0
0243837_81249D660,0
0243837_8124D9B40,0
0243837_81275CC50,1
0244380_8118E99D0,0
0244380_811F57620,0
0244380_81277A7C0,0
0244380_813EDB6C0,0
0244381_8104E4670,0
0244381_8104EA1E0,0
0244381_8115FC0A0,0
0244381_811972140,0
0244381_81247A430,0
0244490_81110A830,0
0244490_8116AA040,0
0244490_811917E00,0
0244490_81215D230,0
0244490_8121E7190,0
0244490_8129A6030,0
0244490_813375510,0
0244490_813464810,0
0244490_81390E920,0
0244490_813AA1250,0
0244684_8107ED7C0,0
0244684_810F1F8A0,0
0244684_81148E0B0,0
0244684_811A331E0,0
0244684_811C8C7B0,0
0244684_812702B00,0
0244684_8137E1780,0
0244723_81138BE30,0
0244723_811E3E4F0,0
0244723_8131B8490,0
0244723_8141D5800,0
024482_801A7BD70,0
024482_801B9E330,0
024482_801C02840,0
024482_801C63560,0
024482_801D863F0,0
024482_801EFEC60,0
024482_801F00BF0,0
024482_801F520A0,0
024482_801F92C90,0
024482_801FDF950,0
024482_80209ECA0,0
024482_80237EE50,0
024482_802410770,0
024482_80262EF70,0
024482_802660B40,0
024482_8027576A0,0
024482_802867150,0
024482_8028DCB80,0
024482_80299C260,0
024482_8029E3980,0
024482_802A88780,0
024482_802DD70A0,0
024482_802E4F7B0,0
024482_803141800,0
024482_80319C8B0,0
024482_8032BAA00,0
024482_803350460,0
024482_8037525C0,0
024482_803BC3560,0
024482_8049301E0,0
024482_804ED58D0,0
024482_805067AD0,0
024482_8052D4EB0,0
024482_805AE4380,0
024482_80644A3D0,0
024482_8067A06B0,0
024482_8068E6420,0
024482_8070BBAC0,0
024482_807450FA0,0
024482_80763CEB0,0
024482_80789D030,0
024482_8079630D0,0
024482_807CDE440,0
024482_808031200,0
024482_80808FDF0,0
024482_80821F6A0,0
024482_8093F8030,0
024482_809744C30,0
024482_80AB7EDB0,0
024482_80B220A40,0
024482_80B3545A0,0
024482_80B365940,0
024482_80B4C5A10,0
024482_80B6771C0,0
024482_80B7D32B0,0
024482_80B8540D0,0
024482_80B985D20,0
024482_80B9EC270,0
024482_80C1FEF80,0
024482_80C7C3EA0,0
024482_80CD94210,0
024482_80DEC0F70,0
024482_8119AAC30,0
024482_811D19810,0
0244886_811108AE0,0
0244886_81146A680,0
0244886_81177D070,0
0244886_811C93D30,0
0244886_81221D7B0,0
0244886_81280D100,0
0244886_813121510,0
0244886_813A66780,0
0245141_812B92C20,0
0245141_813069DF0,0
0245141_813095FA0,0
0245141_81327CE90,0
0245141_813320E50,0
0245141_813A27AE0,0
0245141_813BB7A80,0
024515_801722400,0
024515_801A1DCC0,0
024515_801BE0BD0,0
024515_801BF06D0,0
024515_801C9F6D0,0
024515_801EB6D90,0
024515_802017220,0
024515_802072FB0,0
024515_80215E520,0
024515_8021FC6E0,0
024515_802292020,0
024515_802320B90,0
024515_80239AE80,0
024515_8023FE680,0
024515_80248A380,0
024515_8024CDDD0,0
024515_8025092A0,0
024515_80250C350,0
024515_802551860,0
024515_802562BF0,0
024515_802AC7B70,0
024515_802AE8610,0
024515_802CBA050,0
024515_802CC0530,0
024515_802F92770,0
024515_80327C760,0
024515_8032A0AF0,0
024515_803584CF0,0
024515_8035EC2E0,0
024515_8037383E0,0
024515_80388CD20,0
024515_803A5C840,0
024515_803B6CCB0,0
024515_803E12430,0
024515_803E15600,0
024515_804219FE0,0
024515_805157D00,0
024515_805300230,0
024515_805703E40,0
024515_8057220D0,0
024515_805B701A0,0
024515_805C3CFD0,0
024515_80623B570,0
024515_80657CD50,0
024515_806690340,0
024515_806854C10,0
024515_806A21480,0
024515_8074330C0,0
024515_807EACE10,0
024515_808227370,0
024515_808336BD0,0
024515_808501200,0
024515_808569FD0,0
024515_8086E3980,0
024515_80899E060,0
024515_808A399E0,0
024515_809044E10,0
024515_80A0C70F0,0
024515_80A0C8FE0,0
024515_80A19D240,0
024515_80AEEBB90,0
024515_80B105020,0
024515_80B5556F0,0
024515_80BD58780,0
024515_80C386C70,0
024515_80C50A900,0
024515_80C700D90,0
024515_80C8160E0,0
024515_80CF5E0A0,0
024515_80D15E700,0
024515_80D18EFC0,0
024515_80D2D0550,0
024515_80D34AE90,0
024515_80E056870,0
024515_80E09AD50,0
024515_80F7D51D0,0
024515_80FF2BD80,0
024515_81005FC30,0
024515_811710BA0,0
024515_811D50BC0,0
024515_81253E890,0
024515_812A3BF90,0
024515_813877F30,0
024515_813ADE8B0,0
0245310_811DE1DF0,0
0245310_811EC9130,0
0245310_81242B800,0
0245310_813253900,0
0245310_813574930,0
0245310_813A0DF10,0
0245335_8111EAB20,0
0245335_8111FCCF0,0
0245335_81146E5A0,0
0245335_811A07170,0
0245335_812ED62E0,0
0245993_8110B6950,0
0245993_8113E6820,0
0245993_812569F40,0
0245993_812B479D0,0
0245993_81301B9F0,0
0245993_81329E3D0,0
0245993_8132B6F30,0
0245993_8132DF050,0
0245993_81419F5C0,0
0246279_810E62150,0
0246279_8116A9BB0,0
0246279_8117A1740,0
0246279_81289DD10,0
0246279_812AC1590,0
0246279_812C670A0,0
0246279_812F0AF30,0
0246279_813295780,0
0246363_810E5DC80,0
0246363_81261D580,0
0246363_8136844B0,0
0246363_813942C20,0
0246363_813AD72F0,0
0246363_813E0BF10,0
0246748_811054F30,0
0246748_8126169D0,0
0246789_811630BD0,0
0246789_8119A3830,0
0246789_81259C8A0,0
0246789_812DA2280,0
0246789_813FF45D0,0
0246894_811D180E0,0
0246894_811D3D9D0,0
0246894_81278BAE0,0
0246894_812C28020,0
0246894_812E9D810,0
0246909_814014380,0
0247368_811745630,0
0247368_811C86B40,0
0247368_81230CED0,0
0247368_812456BE0,0
0247368_81288EC40,0
0247368_813124F20,0
0247368_813372170,0
0247415_811C9BBA0,0
0247415_811D830B0,0
0247415_8126B0210,0
0247415_812962060,0
0247415_812FC9100,0
0247415_8130B5250,0
0247415_8135CF3E0,0
0247415_813973420,0
0247585_8116313A0,0
0247585_8121FFF40,0
0247585_8125678A0,0
0247585_812788970,0
0247585_8128CE1C0,0
0247898_812347A70,0
0247898_8126B8110,0
0247898_812AC8E10,0
0247898_812B7FF90,0
0247898_812EFD8A0,0
0247898_8131B1F20,0
0247898_8133524E0,0
0247898_813365750,0
0247898_813FD65C0,0
0247898_8143EA160,0
0247963_811D4BFC0,0
0247963_8124348A0,0
0247963_812497ED0,0
0247963_812565B60,0
0247963_813257A70,0
0248047_81190B5D0,0
0248047_811BDA5E0,0
0248047_811CBEAD0,0
0248047_81261D1F0,0
0248047_812B67100,0
0248047_812EB8B00,0
0248047_8133EBDD0,0
0248047_81345BE90,0
0248047_813693640,0
0248047_813FFA7F0,0
0248047_814220FA0,0
024811_801BD53B0,0
024811_801C7AD30,0
024811_801D946A0,0
024811_801DD6220,0
024811_801ED65C0,0
024811_801F156F0,0
024811_801FDB230,0
024811_801FE5440,0
024811_80209D2E0,0
024811_8020D1110,0
024811_8021C1930,0
024811_80237E8D0,0
024811_8023FF110,0
024811_8024E6C60,0
024811_8025BD0C0,0
024811_8025D40E0,0
024811_80267BAE0,0
024811_8026D1920,0
024811_802730870,0
024811_8029043A0,0
024811_8029526D0,0
024811_802999FC0,0
024811_802A29A70,0
024811_802A96C80,0
024811_802C697C0,0
024811_802C89CA0,0
024811_802E55A10,0
024811_802EB1BF0,0
024811_802F20410,0
024811_802F28F70,0
024811_803350A50,0
024811_803D186B0,0
024811_8041F85A0,0
024811_8048C7F70,0
024811_804975230,0
024811_804EC29F0,0
024811_8057489F0,0
024811_805AFB8D0,0
024811_8065178F0,0
024811_80689C000,0
024811_806C44EF0,0
024811_807940560,0
024811_807AC8770,0
024811_80809D990,0
024811_808199340,0
024811_808468810,0
024811_808A3EA30,0
024811_808F1DB20,0
024811_808FA1DB0,0
024811_80937F860,0
024811_80947A690,0
024811_809CCFCD0,0
024811_80A8DE610,0
024811_80AB8F2F0,0
024811_80B992A20,0
024811_80BBE0490,0
024811_80BC06E30,0
024811_80C8DF940,0
024811_80D9E9E80,0
024811_80ECB8CF0,0
024811_8102FEE20,0
024811_810317360,0
024811_810420900,0
024811_81097BE90,0
024811_810AF4AC0,0
024811_81233B3F0,0
0248160_811ECCA80,0
0248160_8121ED560,0
0248160_812453080,0
0248160_813149FB0,0
0248160_8132532E0,0
0248160_81453F310,0
0248257_8118DBC60,0
0248257_811C5B770,0
0248257_811C5B7C0,0
0248257_811C5B7C1,0
0248257_812C787D0,0
0248257_81356E6A0,0
0248257_813900120,0
0248257_814706000,0
0248290_811C0B8B0,0
0248290_812C7FEE0,0
0248290_8146B9740,0
0248314_81264D700,0
0248314_81276F780,0
0248314_8128C7370,0
0248314_812FECA70,0
0248314_814845050,0
024840_801237580,0
024840_801C7B510,0
024840_801D5D5C0,0
024840_801DF9140,0
024840_801E03FC0,0
024840_801E27000,0
024840_801F4C9A0,0
024840_801FA2770,0
024840_801FE02A0,0
024840_801FF52E0,0
024840_8020A29D0,0
024840_8020F1BE0,0
024840_802121CB0,0
024840_80218B3D0,0
024840_8021AA200,0
024840_8025222B0,0
024840_8025CFF90,0
024840_8025DD1B0,0
024840_80260AA80,0
024840_8026410C0,0
024840_802745CE0,0
024840_8027987E0,0
024840_8028660D0,0
024840_8028A6350,0
024840_8028AE0B0,0
024840_802A2CC10,0
024840_802A55280,0
024840_802B09AF0,0
024840_802BAD2E0,0
024840_802C70B60,0
024840_802CEABE0,0
024840_802CF4460,0
024840_802D094B0,0
024840_802F0F840,0
024840_8031A69F0,0
024840_8032656A0,0
024840_803BC92B0,0
024840_803D08400,0
024840_8045DCC20,0
024840_804965A60,0
024840_804ED00E0,0
024840_80507CF90,0
024840_8050A10A0,0
024840_805752100,0
024840_805827650,0
024840_8065167E0,0
024840_806C9F410,1
024840_807347560,0
024840_807998940,0
024840_8079BD760,0
024840_807B7B4F0,0
024840_8080B9530,0
024840_808248E40,0
024840_808265C90,0
024840_8093EC820,0
024840_80AB485B0,0
024840_80AB97AC0,0
024840_80AF0ED40,0
024840_80B2F9FF0,0
024840_80B405C90,0
024840_80B4295E0,0
024840_80B60C4B0,0
024840_80B992DA0,0
024840_80C216310,0
024840_80C282540,0
024840_80C2A7960,0
024840_80C30E480,0
024840_80C8CAD30,0
024840_80E1637B0,0
024840_80E756210,0
024840_80ED40FF0,0
024840_80ED853F0,0
024840_80F644430,0
024840_810281BE0,0
024840_8108FAB20,0
024840_810FAD410,0
024840_8110BDB10,0
024840_8111F13A0,0
024840_811ABA4F0,0
024840_812867990,0
024840_812E6DB90,0
024840_813E7B430,0
0248500_811A41F20,0
024850_801451D40,0
024850_801C75060,0
024850_801CD2FF0,0
024850_801E43B50,0
024850_801EE9B70,0
024850_801FBDC40,0
024850_801FDB9C0,0
024850_802056870,0
024850_802133E60,0
024850_802175810,0
024850_8022B3440,0
024850_8023062A0,0
024850_802321E20,0
024850_80234AF30,0
024850_8025CB9D0,0
024850_8025FB210,0
024850_80264DE00,0
024850_8026B7850,0
024850_8026ED970,0
024850_802A2A950,0
024850_802A39EF0,0
024850_802A4ABC0,0
024850_802A61E60,0
024850_802B06D40,0
024850_802BB0560,0
024850_802D706E0,0
024850_802DD1A60,0
024850_80313E980,0
024850_803519970,0
024850_8037550C0,0
024850_8037B08A0,0
024850_803A582D0,0
024850_80425EEC0,0
024850_8042C4F00,0
024850_8048DD360,0
024850_804966710,0
024850_8059E55B0,0
024850_805A13380,0
024850_80663D650,0
024850_806708750,0
024850_806708751,0
024850_8068077C0,0
024850_8069B77A0,0
024850_806DE9450,0
024850_8078418D0,0
024850_807859C10,0
024850_807896F20,0
024850_8079109F0,0
024850_807BF3AC0,0
024850_807C17E20,0
024850_807CC6770,0
024850_807D9BC60,0
024850_807E391D0,0
024850_8082B1E00,0
024850_80841CB90,0
024850_808491E80,0
024850_8086EBF80,0
024850_80881B4D0,0
024850_808A513A0,0
024850_809371120,0
024850_809FE2110,0
024850_80AAC40C0,0
024850_80AB23840,0
024850_80B916050,0
024850_80B937820,0
024850_80BC21DE0,0
024850_80C23B6C0,0
024850_80D3F0520,0
024850_80D8AA850,0
024850_80DC9DDC0,0
024850_80DCF2220,0
024850_80E7AF590,0
024850_8102875C0,0
024850_8102951C0,0
024850_810740A40,0
024850_810B6C9A0,0
024850_810FABB70,0
024850_81111F380,0
024850_812599E60,0
024850_8131CAEE0,0
0248571_8120F26A0,0
0248571_8128C0730,0
0248571_814402100,0
0248622_811F1F490,0
0248622_8124E5410,0
0248622_8125A6BD0,0
0248622_812614EA0,0
0248734_8131BDB10,0
0248734_8134710F0,0
0248734_813AC16B0,0
0248734_813F32A30,0
0248734_814188BC0,0
0248783_81271FE80,0
0248783_81337B670,0
0248783_8139030B0,0
0248783_814228D00,0
0248926_811EAD670,0
0248926_8122FD0B0,0
0248926_81280F3B0,0
0248926_812A44DE0,0
0248926_813082C80,0
0248926_8131AF370,0
0248926_8134BA240,0
0248926_8135B4DE0,0
0248926_814190BE0,0
0248926_8143AFA50,0
0248926_814457200,0
0248926_81471DD30,0
0248937_811CFB9A0,0
0248937_8123CDE20,0
0248937_812919DC0,0
0248941_812536C50,0
0248941_812598EF0,0
0248975_8120E1E90,0
0248975_812D369B0,0
0248975_8135EC110,0
0248975_81385B320,0
0248975_8139B8690,0
0249007_8128A8A40,0
0249007_813218A00,0
0249007_814082530,0
0249007_814200A30,0
0249407_80E053640,0
0249407_812D93020,0
0249407_813298410,0
0249407_8135BFCD0,0
0249407_813B10BE0,0
0249407_813BCF770,0
0249407_8146DCAD0,0
024963_801D2E530,0
024963_801D91EF0,0
024963_801E60260,0
024963_801E77970,0
024963_801EE3330,0
024963_801EFB000,0
024963_801F3A000,0
024963_801F45EC0,0
024963_801F9A530,0
024963_801F9A730,0
024963_801FA2A00,0
024963_8020C1E90,0
024963_8020C89D0,0
024963_80213B8F0,0
024963_802182BC0,0
024963_802184D70,0
024963_802211020,0
024963_802568B50,0
024963_80259A0E0,0
024963_8026CE310,0
024963_8026F7430,0
024963_80271EAF0,0
024963_8028AF9E0,0
024963_8029D5B80,0
024963_802AFB250,0
024963_802C97990,0
024963_802D57AD0,0
024963_8032A44E0,0
024963_80331B760,0
024963_803358920,0
024963_8040B4AD0,0
024963_804169560,0
024963_8041C4CE0,0
024963_804830860,0
024963_8057AD4D0,0
024963_8063FCBB0,0
024963_8065C50C0,0
024963_8067D0780,0
024963_8067EC1F0,0
024963_806815750,0
024963_806963F80,0
024963_8069A0A00,0
024963_806C2A900,0
024963_806CEA1C0,0
024963_807974AC0,0
024963_807AEC1A0,0
024963_808040CF0,0
024963_808465590,0
024963_8085334A0,0
024963_808DF7D60,0
024963_8093A7C30,0
024963_8093BACF0,0
024963_809763DD0,0
024963_809808870,0
024963_80A07FAB0,0
024963_80A629E30,0
024963_80AA80A60,0
024963_80AAEB490,0
024963_80AC18890,0
024963_80B6E7680,0
024963_80B7ABC50,0
024963_80BA24770,0
024963_80BA520D0,0
024963_80C1B1470,0
024963_80C6C2C80,0
024963_80D44FC10,0
024963_80DE0F4A0,0
024963_80F7DEA60,0
024963_8102F9A40,0
024963_810D81AF0,0
024963_81277B810,0
024963_814200070,0
0249699_806A37620,0
0249699_8122AB630,0
0249699_81296EB70,0
0249699_812B70E40,0
0249699_812B95150,0
0249699_812FB9AB0,0
0249699_813379960,0
0249699_813673300,0
0249699_81367F9B0,0
0250208_812474340,0
0250208_8130B4C00,0
0250208_8138E17D0,0
0250208_813AE8840,0
0250209_80C77B4A0,0
0250209_812F03CB0,0
0250209_81337AF40,0
0250209_81346D530,0
0250209_814194D40,0
0250209_8142597A0,0
0250242_81289FD90,0
0250242_812C2BD90,0
0250242_812ED2DF0,0
0250242_8139B72B0,0
0250242_814079430,0
0250298_8124E8790,0
0250298_812EFDEB0,0
0250298_813AC18F0,0
0250298_8145DBC40,0
0250298_8146FAA40,0
0250350_812723310,0
0250350_812775170,0
0250350_8128B3A60,0
0250402_812F8F6A0,0
0250493_813109BA0,0
0250508_8127332E0,0
0250508_812944990,0
0250508_812B09440,0
0250508_813516F60,0
0250508_81368EB40,0
0250508_8139CB0B0,0
0250508_8142F1370,0
0250511_812780040,0
0250511_81418E690,0
0250726_812A4A020,0
0250726_812D90E00,0
0250726_813458FC0,0
0250726_813799EA0,0
0250726_813997CA0,0
0250726_8142C52C0,0
0250726_8143C69B0,0
0250726_8144445F0,0
0250726_8145E14B0,0
0250732_8128CBF50,0
0250732_81310B070,0
025075_80117FF50,0
025075_801EA5ED0,0
025075_801F1A650,0
025075_80220EFA0,0
025075_80233F820,0
025075_80238E070,0
025075_80241F530,0
025075_80245B990,0
025075_802532670,0
025075_80258EB50,0
025075_8027C0F00,0
025075_802ACD840,0
025075_802B58CF0,0
025075_802C603F0,0
025075_8030F60B0,0
025075_8032B4700,0
025075_8032E0550,0
025075_803527520,0
025075_803764D70,0
025075_803ABD010,0
025075_8041CED00,0
025075_804420150,0
025075_8048CD6B0,0
025075_804AA7A90,0
025075_804EB9340,0
025075_804ECD630,0
025075_8051E87A0,0
025075_805AE4120,0
025075_805CC5DD0,0
025075_805CF17E0,0
025075_8062B9160,0
025075_806412D60,0
025075_8064F9690,0
025075_806633010,0
025075_806633260,0
025075_806C3D010,0
025075_80735D970,0
025075_807D1FE20,0
025075_807F70B50,0
025075_8081FB3E0,0
025075_8083408D0,0
025075_8086F1340,0
025075_8086FCAF0,0
025075_808B68430,0
025075_808D0D160,0
025075_808E03500,0
025075_808F267B0,0
025075_809943A90,0
025075_80A0C27A0,0
025075_80AE9C2F0,0
025075_80B39FE40,0
025075_80BD51A50,0
025075_80BDB7B90,0
025075_80BDDAA30,0
025075_80D16D3B0,0
025075_80D3F6B60,0
025075_80D7FE3B0,0
025075_80DA66140,0
025075_80DEBBA00,0
025075_80DF19050,0
025075_80E064130,0
025075_80F6E0B80,0
025075_80FE3F700,0
025075_810025060,0
025075_8100998F0,0
025075_81026AD20,0
025075_8105B1510,0
025075_81219C130,0
025075_8126BDD10,0
025075_812F0A180,0
025075_8130BB800,0
025075_8130F6050,0
025075_813104D80,0
025075_813B0F8B0,0
025075_81437E7B0,0
025075_814398660,0
025075_814813570,0
0250800_8128C3300,0
0250810_812BCA8D0,0
0250810_812D2C640,0
0250810_8130FB340,0
0250810_813A54990,0
0250810_813AA73E0,0
0250810_814261960,0
0250814_813140290,0
0250814_813484320,1
0250814_8147F8200,0
0250830_812BAA220,0
0250830_8133C8B30,0
0250830_8135B9370,0
0250969_8147287D0,0
0251001_8129CAB90,0
0251001_813036E60,0
0251001_81311FF20,0
0251001_8139C28A0,0
0251001_813BD9270,0
0251027_81348A8F0,0
0251034_8133CB030,0
0251042_812ABD020,0
0251042_812D95250,0
0251042_8133F7DE0,0
0251042_8139BFE10,0
0251042_8144A9F30,0
0251107_812B85130,0
0251107_812BB2DE0,0
0251107_812F77BF0,0
0251107_8130AD490,0
0251107_8131ACDA0,0
0251202_812FE04F0,0
0251202_813135BD0,0
0251202_813381BC0,0
0251202_8138E0B00,0
0251202_813ABC920,0
0251395_814223420,0
0251487_81393E210,0
0251487_813E6D5A0,0
0251487_81481F010,0
0251973_813F2D360,0
0252346_8133254E0,0
0252346_813831CB0,0
0252346_8139D82B0,0
0252346_813D56D40,0
0252947_813955570,0
0252947_813978260,0
0252947_8143B87E0,0
0253110_8138B4B30,0
0253110_813ECBB70,0
0253110_81407C250,0
0253917_813AEC160,0
0253917_814076C30,0
0253964_813A63330,0
0253964_814441A10,0
0254910_814775DF1,0
0255328_81471FF00,0
0255328_81478ADB0,0
025536_801884700,0
025536_802061920,0
025536_8021F24D0,0
025536_802241230,0
025536_80233B810,0
025536_802349C10,0
025536_802387B90,0
025536_80253BA20,0
025536_8025FA400,0
025536_80262F1D0,0
025536_802660620,0
025536_8026BB0A0,0
025536_80272FF30,0
025536_802830700,0
025536_8028D9360,0
025536_8028E6FD0,0
025536_802996A30,0
025536_802A47730,0
025536_802A907F0,0
025536_802BCBB30,0
025536_802C08C60,0
025536_802C9F7F0,0
025536_802D69D50,0
025536_802DBFAF0,0
025536_802E5E4B0,0
025536_802ECF3C0,0
025536_802EE9000,0
025536_802EFBA30,0
025536_802F333F0,0
025536_802F4A4D0,0
025536_802F55D20,0
025536_8031539F0,0
025536_8031BB480,0
025536_8032066B0,0
025536_8040AD4A0,0
025536_8041A7ED0,0
025536_804907CB0,0
025536_804A68770,0
025536_80513B600,0
025536_8052BF040,0
025536_80601D810,0
025536_80644A860,0
025536_8067982B0,1
025536_806886C00,0
025536_8068ECE50,0
025536_806905700,0
025536_8069B4740,0
025536_806E7EB80,0
025536_806F977D0,0
025536_80789A420,0
025536_807CDE1B0,0
025536_808082570,0
025536_8088E8240,0
025536_8088F92D0,0
025536_8093ED9C0,0
025536_8097FF510,0
025536_809F86FA0,0
025536_80A626120,0
025536_80A768D60,0
025536_80AF33AE0,0
025536_80B6B06F0,0
025536_80BA354B0,0
025536_80D32CB70,0
025536_80D3F4F30,0
025536_80D9EE3D0,0
025536_80EC08E40,0
025536_80FEE51E0,0
025536_810CA1C50,0
025536_81144D0C0,0
025547_80228C4E0,0
025547_80229D9C0,0
025547_8022EDD90,0
025547_8023134C0,0
025547_8023A2240,0
025547_802448410,0
025547_80255C3C0,0
025547_80262BB30,0
025547_8026A9150,0
025547_8027CF970,0
025547_8027D36C0,0
025547_802A06620,0
025547_802BCE750,0
025547_802C238C0,0
025547_802C939C0,0
025547_802CA6CF0,0
025547_802E17B30,0
025547_802E1A990,0
025547_802EE65E0,0
025547_8032D79A0,0
025547_8032EBB70,0
025547_803417930,0
025547_803419DB0,0
025547_803AC50F0,0
025547_8041C8630,0
025547_80455AEA0,0
025547_8048D3660,0
025547_804BA7B40,0
025547_804E15DE0,0
025547_804ED1750,0
025547_804EF2220,0
025547_80500EB10,0
025547_8051EF2F0,0
025547_8052A5BB0,0
025547_8052B7B10,0
025547_8052F9FE0,0
025547_8053EF5E0,0
025547_805708D50,0
025547_80599E880,0
025547_805B29120,0
025547_805C1A0B0,0
025547_8062BE350,0
025547_8062BFFB0,0
025547_80661ED00,0
025547_806841A00,0
025547_806855BA0,0
025547_8069CD910,0
025547_8069F8E30,0
025547_806A51A60,0
025547_8070F7E70,0
025547_807119C10,0
025547_807220450,0
025547_807274B70,0
025547_8072E4C40,0
025547_8079C9320,0
025547_807F43C80,0
025547_8082E4FB0,0
025547_808FEB210,0
025547_809EBF7C0,0
025547_80B561320,0
025547_80B6E4170,0
025547_80BECCCC0,0
025547_80C32E570,0
025547_80C798050,0
025547_80CBC3B90,0
025547_80D122C70,0
025547_80D4FCEF0,0
025547_80D80DDF0,0
025547_80E0F8360,0
025547_80FCC7CA0,0
025547_81076ACF0,0
025547_810E8E360,0
025547_81122CEF0,0
025547_812B7DB60,0
025547_8133BFE40,0
025547_813928B90,0
025547_813ADD400,0
0255972_81471FCE0,0
0255972_8147CE480,0
025637_801438890,0
025637_802244FA0,0
025637_8023202B0,0
025637_8023604D0,0
025637_8024AA8E0,0
025637_8024B8160,0
025637_802560EF0,0
025637_8025D2160,0
025637_80273D5F0,0
025637_8027FED00,0
025637_8028F4A10,0
025637_8028F9BD0,0
025637_8029250A0,0
025637_802A718E0,0
025637_802CB7B20,0
025637_802CBC450,0
025637_802DF9910,0
025637_802E2A010,0
025637_802E43C80,0
025637_802F45C90,0
025637_802F9D570,0
025637_802FA8F80,0
025637_802FAE1F0,0
025637_8031F0210,0
025637_8032AD040,0
025637_80332E960,0
025637_8034BE700,0
025637_8034E5DD0,0
025637_803509820,0
025637_80350CAA0,0
025637_803565290,0
025637_8035868B0,0
025637_803B0C4D0,0
025637_803C68D40,0
025637_803D3BD50,0
025637_803F01D60,0
025637_803F04AB0,0
025637_8042635D0,0
025637_80493C130,0
025637_804992350,0
025637_804DC7CD0,0
025637_804F50CD0,0
025637_80508A760,0
025637_8051047E0,0
025637_805152D90,0
025637_805161A30,0
025637_8052A5530,0
025637_80565E210,0
025637_8057DB220,0
025637_805837960,0
025637_805925430,0
025637_80599E4D0,0
025637_805A4A040,0
025637_805B76960,0
025637_805DF5A30,0
025637_807029FE0,0
025637_80711CF60,0
025637_807221B80,0
025637_8072C2F40,0
025637_8073E5640,0
025637_8079F4990,0
025637_8079F5400,0
025637_80817B680,0
025637_8081AFD60,0
025637_808525F90,0
025637_80857B3A0,0
025637_80887A920,0
025637_808994E60,0
025637_808FB8680,0
025637_8091AB9A0,0
025637_8091EACE0,0
025637_809251F60,0
025637_80952BE20,0
025637_80A0378B0,0
025637_80AD47F20,0
025637_80B277FF0,0
025637_80B3B0310,0
025637_80B5403F0,0
025637_80B78DB40,0
025637_80BFCE320,0
025637_80C6B6BA0,0
025637_80D2CF950,0
025637_80DDD94B0,0
025637_80DF7D8F0,0
025637_80DFDB330,0
025637_80E0AA580,0
025637_80E0F5F70,0
025637_80E82A590,0
025637_810DFE8A0,0
025637_81118B9A0,0
025637_8118BE590,0
025637_811A20FB0,0
025637_812B83F20,0
025637_812D0A5A0,0
025637_81359AF90,0
025637_8138C8020,0
025637_813B94ED0,0
025637_813EFD7E0,0
025768_802379A70,0
025768_8023C6190,0
025768_80243FCA0,0
025768_80255A9F0,0
025768_8025F0230,0
025768_80265CF90,0
025768_802673100,0
025768_8026C7A40,0
025768_8027A0850,0
025768_8027BC7E0,0
025768_8027ED310,0
025768_8028C25D0,0
025768_802995440,0
025768_8029B0970,0
025768_802A4A050,0
025768_802A51950,0
025768_802B5D4B0,0
025768_802BB14E0,0
025768_802D0E0D0,0
025768_802D1E340,0
025768_802D43600,0
025768_802DD9BF0,0
025768_802DE6B70,0
025768_80312E570,0
025768_80322AD70,0
025768_80350B5E0,0
025768_803731930,0
025768_804208B20,0
025768_8043C91A0,0
025768_804E3FCD0,0
025768_805AC3BD0,0
025768_806314A90,0
025768_806C17590,0
025768_8078C4C10,0
025768_807BB4EF0,0
025768_807C1A150,0
025768_8080CD9A0,0
025768_80860D370,0
025768_8088FDDB0,0
025768_808A3C8A0,0
025768_809F97CD0,0
025768_80AF370A0,0
025768_80B4E0640,0
025768_80B93F790,0
025768_80C0BD630,0
025768_80C0CAA00,0
025768_80C53A580,0
025768_80C56E8D0,0
025768_80C576050,0
025768_80DDB5740,0
025768_80E277CA0,0
025768_80E383340,0
025768_810477460,0
025768_810E0A2E0,0
025768_811F9B750,0
025866_80213C730,0
025866_8022FB100,0
025866_8023B84C0,0
025866_8023BFD60,0
025866_802577ED0,0
025866_802579EE0,0
025866_802627A90,0
025866_802631E10,0
025866_80267DE10,0
025866_80268F490,0
025866_802792140,0
025866_802984380,0
025866_802A54AC0,0
025866_802B1A050,0
025866_802D03500,0
025866_802D4EED0,0
025866_802E9B1D0,0
025866_803294280,0
025866_803364910,0
025866_803CFEBB0,0
025866_8041F84B0,0
025866_8041F9A70,0
025866_804262810,0
025866_80493F150,0
025866_80494E3A0,0
025866_804C4D190,0
025866_8050F9B60,0
025866_805277FF0,0
025866_805289760,0
025866_8052B1DF0,0
025866_80530E460,0
025866_805568550,0
025866_8059E90A0,0
025866_807342F90,0
025866_807761BE0,0
025866_807895C10,0
025866_807B1DBD0,0
025866_8081C8410,0
025866_8085BB040,0
025866_8088E5990,0
025866_8093CEE80,0
025866_8093EA2F0,0
025866_8094C7CA0,0
025866_809740E30,0
025866_80A66A1E0,0
025866_80AAEAD90,0
025866_80AF49020,0
025866_80B363FF0,0
025866_80C521430,0
025866_80C89A770,0
025866_80DCF3CA0,0
025866_80E27AA10,1
025866_80F364930,0
025866_810C2A4B0,0
025866_810FC5D30,0
025866_811651D20,0
025866_8118E3910,0
025866_81201F8A0,0
025866_812723E90,0
025866_8128CD100,0
025866_81321CA10,0
025866_813BF6AE0,0
02591_8001EEFE0,0
02591_800285510,0
02591_800285630,0
02591_8003159D0,0
02591_800356CC0,0
02591_80035DFE0,0
02591_8003604D0,0
02591_8003846E0,0
02591_800384B30,1
02591_80040AE00,0
02591_800427BE0,0
02591_80048E4C0,0
02591_80048F4A0,0
02591_80048FAD0,0
02591_8004ECF90,0
02591_8004EED30,0
02591_8004F37D0,0
02591_8004F4490,0
02591_8004F61E0,0
02591_8004F6FA0,0
02591_800501540,0
02591_80050C740,0
02591_80050E0D0,0
02591_800527E90,0
02591_800534130,0
02591_80053CE80,0
02591_800554510,0
02591_80055AB00,0
02591_8005692B0,0
02591_800586D10,0
02591_80059C390,0
02591_8005C4700,0
02591_800602EA0,0
02591_800608DF0,0
02591_800632E70,0
02591_80069D810,0
02591_8006BEA20,0
02591_800740F70,0
02591_800747D70,0
02591_800749A50,0
02591_80074B690,0
02591_80076C860,0
02591_8007DA0D0,0
02591_8008440E0,0
02591_80088A220,0
02591_800896D20,0
02591_8008B0CA0,0
02591_8008B5C30,0
02591_80090C6F0,0
02591_80090D710,0
02591_800916770,0
02591_800918670,0
02591_8009233E0,0
02591_800926A30,1
02591_800930B70,0
02591_8009633C0,0
02591_80096F760,1
02591_8009714C0,0
02591_800975C20,0
02591_80098AD50,0
02591_80098F4B0,0
02591_800990D80,0
02591_80099BAE0,0
02591_8009B45E0,0
02591_8009B96F0,0
02591_8009C6BD0,0
02591_8009C83A0,0
02591_8009D56C0,0
02591_800A03520,0
02591_800A045A0,0
02591_800A084A0,0
02591_800AE7420,0
02591_800AE9F90,0
02591_800B3A500,0
02591_800C64F30,0
02591_800C701A0,0
02591_800C88140,0
02591_800D73B70,0
02591_800E046B0,0
02591_800E55FE0,0
02591_800E6E480,0
02591_800E6EE10,0
02591_800EF0F70,0
02591_800FD0220,0
02591_800FD3EF0,0
02591_80104D340,0
02591_801087240,0
02591_801088BF0,0
02591_80113DE20,0
02591_8011C6970,0
02591_8013A1870,0
02591_8013B5FC0,0
02591_8013BD8B0,0
02591_80140CB80,0
02591_8014D1540,0
02591_8014D23E0,0
02591_8014DFC00,0
02591_801501080,0
02591_801520A50,0
02591_8015803B0,0
02591_8015848B0,0
02591_8015891E0,0
02591_8015A9360,0
02591_8016D5F80,0
02591_8016EE480,0
02591_80174BC90,0
02591_80178D6F0,0
02591_8017AC2F0,0
02591_8017AD7B0,0
02591_80182B050,0
02591_80185EDF0,0
02591_8018A9920,0
02591_801901770,0
02591_801921410,0
02591_8019678B0,0
02591_8019CB990,0
02591_801A147B0,0
02591_801BAB760,0
02591_801C76380,0
02591_801D5BDC0,0
02591_801D5D140,0
02591_801DF6870,0
02591_801E6B9D0,0
02591_801ED5A40,0
02591_801F1C3D0,0
02591_801F3A200,0
02591_801F681E0,0
02591_802043770,0
02591_80211CB70,1
02591_802179240,0
02591_802186FA0,0
02591_8021A5F90,0
02591_8022455F0,0
02591_802355000,0
02591_802465F20,0
02591_8024AFE10,0
02591_802538E50,0
02591_802593D40,0
02591_802605C00,0
02591_80261A480,0
02591_80266DB40,0
02591_8026731F0,0
02591_8026DC860,0
02591_8027177D0,0
02591_8027C90C0,0
02591_8028D0040,0
02591_802981150,0
02591_8029CEA70,0
02591_802AF9D00,0
02591_802B1F950,0
02591_802C2FA50,0
02591_802CF44B0,0
02591_802D85C10,0
02591_802D9D3C0,0
02591_802D9EAE0,0
02591_802DE6F00,0
02591_8030BDCA0,0
02591_8031A1100,0
02591_8031A8700,0
02591_80322A6B0,0
02591_803367AE0,0
02591_803CFB790,0
02591_803D27590,0
02591_804BF7B70,0
02591_805066A40,0
02591_805069DF0,0
02591_805073810,0
02591_805280080,0
02591_8052E2DB0,0
02591_8056DF490,0
02591_806913440,0
02591_806945E10,0
02591_806E70440,0
02591_80798F7E0,0
02591_80799AC20,0
02591_807BC9080,0
02591_807BCFA90,0
02591_807FCAFF0,0
02591_80830E120,0
02591_8085BAC20,0
02591_8088D2930,0
02591_80943C620,0
02591_80A76B000,0
02591_80B61B750,0
02591_80B6408D0,0
02591_80B9137A0,0
02591_80B957210,0
02591_80BB63AD0,0
02591_80BDD02C0,0
02591_80D531800,0
02591_80E61BBB0,0
02591_80EBD3880,0
02591_80F244400,0
02591_80F5123E0,0
02591_810850030,0
02591_810E0E780,0
02591_810E71C80,0
02591_810FA8FB0,0
02591_81162A100,0
02591_811665FA0,0
02591_812529A10,0
02591_81253BA80,0
02591_8128EF940,0
025981_802369A20,0
025981_80246B680,0
025981_802470150,0
025981_8024CEEE0,0
025981_802532340,0
025981_802545700,0
025981_80255D5E0,0
025981_8025ACB00,0
025981_802816660,0
025981_802863A30,0
025981_802A66370,0
025981_802AD82D0,0
025981_802B7FEE0,0
025981_802D55D00,0
025981_802DD6570,0
025981_802DE7FE0,0
025981_802E33BE0,0
025981_802EF0450,0
025981_802F2FDE0,0
025981_8031050C0,0
025981_8031B4280,0
025981_8032A1530,0
025981_803331750,0
025981_80345C210,0
025981_803502260,0
025981_80351D3F0,0
025981_8035F6A30,0
025981_803A0A100,0
025981_803A5BFE0,0
025981_803AE3080,0
025981_8041CFD50,0
025981_804200C30,0
025981_804427530,0
025981_804577660,0
025981_804DEAFF0,0
025981_804FE6E00,0
025981_8052DB3B0,0
025981_8052E82E0,0
025981_8052F83E0,0
025981_8053A10E0,0
025981_80559F900,0
025981_8058C3030,0
025981_805B21600,0
025981_805CCEE90,0
025981_805DE6290,0
025981_806691E90,0
025981_806C4DD20,0
025981_8071A07F0,0
025981_807306A10,0
025981_80735DF60,0
025981_8074AC5B0,0
025981_807C163A0,0
025981_807CEB3E0,0
025981_8086F8440,0
025981_808703980,0
025981_808BB86D0,0
025981_809275440,0
025981_809C7B300,0
025981_80A36B920,0
025981_80B493F70,0
025981_80B577610,0
025981_80B90F930,0
025981_80BD8D2B0,0
025981_80BDBC460,0
025981_80BFB7360,0
025981_80C805BF0,0
025981_80C8FEAC0,0
025981_80CEAB5E0,0
025981_80D334350,0
025981_80D956980,0
025981_80DAD11B0,0
025981_80DB70630,0
025981_80E050120,0
025981_80E267840,0
025981_80E35AC20,0
025981_80E49BD50,0
025981_80E4A78C0,0
025981_80F297F30,0
025981_8103B3F70,0
025981_8105C59A0,0
025981_810B42A40,0
025981_811EFFC80,0
025981_8132871D0,0
025981_813942B80,0
025981_8139B9FB0,0
026024_801438390,0
026024_802470680,0
026024_8024ED210,0
026024_8026E2B30,0
026024_8028E87A0,0
026024_802A15870,0
026024_802B58C00,0
026024_802C30D20,0
026024_802C36A60,0
026024_802DB2F60,0
026024_803024D80,0
026024_80315F310,0
026024_803164AC0,0
026024_803175FD0,0
026024_80318DF20,0
026024_8034A8780,0
026024_8034C6850,0
026024_803AF6EF0,0
026024_80405A440,0
026024_804197D70,0
026024_80474FF00,0
026024_80495DC80,0
026024_804E597A0,0
026024_804E5CA10,0
026024_804ECBD00,0
026024_8051724E0,0
026024_8051CEE70,0
026024_805213DD0,0
026024_8056CA5D0,0
026024_805A2A540,0
026024_805A52E10,0
026024_805BF4B20,0
026024_805DF6070,0
026024_8063B9E20,0
026024_806681460,0
026024_80672C610,0
026024_8067A13F0,0
026024_8067C5480,0
026024_806A652F0,0
026024_807224620,0
026024_8072E2160,0
026024_80744D120,0
026024_8077FB880,0
026024_807CAC6D0,0
026024_807DC9270,0
026024_8082C18D0,0
026024_808665890,0
026024_8086BA1E0,0
026024_809146E30,0
026024_809B50D60,0
026024_809C3B300,0
026024_80AA80230,0
026024_80B0C7510,0
026024_80B258D00,0
026024_80B5E6350,0
026024_80B6F0270,0
026024_80B797850,0
026024_80B860B60,0
026024_80BEE1FB0,0
026024_80C59DB10,0
026024_80D12ACA0,0
026024_80DD1F250,0
026024_80E0B6C50,0
026024_812BF0120,0
026024_813468420,0
026024_8148209B0,0
026463_802637D30,0
026463_80263F730,0
026463_802721290,0
026463_8027C9CA0,0
026463_8027E58E0,0
026463_8028DCFA0,0
026463_802995B50,0
026463_802A8EE40,0
026463_802B39750,0
026463_802D49DB0,0
026463_802D62720,0
026463_802E59C60,0
026463_802EF9190,0
026463_8031A8F80,0
026463_80362DCD0,0
026463_803987860,0
026463_803CB4270,0
026463_803E885B0,0
026463_8048C53E0,0
026463_80507BB30,0
026463_80575A8A0,0
026463_80579AC40,0
026463_80580C3E0,0
026463_805A31990,0
026463_805AD6930,0
026463_805B423C0,0
026463_805B47680,0
026463_806C17920,0
026463_808051D50,0
026463_8083EFEB0,0
026463_808502F70,0
026463_8088E3310,0
026463_8093EA480,0
026463_80942FAD0,0
026463_8097FE460,0
026463_80A40F5C0,0
026463_80B40C0B0,0
026463_80B507C80,0
026463_80B9EE910,0
026463_80BC910C0,0
026463_80C566220,0
026463_80D0EA710,0
026463_80DD51530,0
026463_80DDB5980,0
026463_80E4DC100,0
026463_810454E40,0
026463_8109606C0,0
026463_810B5D540,0
026463_810F77FF0,0
026463_81248D2C0,0
026463_812573E80,0
026463_812DB7010,0
026580_80269CCB0,0
026580_8026CCD10,0
026580_80271CD20,0
026580_80279C7E0,0
026580_8027E09E0,0
026580_8028ADD40,0
026580_802954910,0
026580_802D8FC20,0
026580_802DDE4C0,0
026580_802EB34B0,0
026580_802EB94F0,0
026580_80313DB40,0
026580_8031A0620,0
026580_803BA5400,0
026580_803BA9B50,0
026580_803D28640,0
026580_8041DC580,0
026580_804249950,0
026580_804A6B350,0
026580_804F6B3B0,0
026580_805223810,0
026580_805262EE0,0
026580_805415540,0
026580_805546840,0
026580_8055D7AE0,0
026580_80583F420,0
026580_805842000,0
026580_805DCAA70,0
026580_8068147F0,0
026580_806962260,0
026580_8069C7B30,0
026580_806AC6BC0,0
026580_806C3EEC0,0
026580_807916050,0
026580_80792A240,0
026580_807A77B00,0
026580_807AC8CC0,0
026580_807BFEFC0,0
026580_807E2C100,0
026580_808080E90,0
026580_808554310,0
026580_808AD9180,0
026580_808F32970,0
026580_808F39D50,0
026580_80942E330,0
026580_8098DF7A0,0
026580_80AA0C890,0
026580_80B68AAC0,0
026580_80BABD100,0
026580_80C0CC440,0
026580_80D1E7330,0
026580_80D53AF90,0
026580_80ECF59D0,0
026580_81042EA30,0
026580_811A8DDD0,0
026580_812539940,0
026580_8125A6080,0
026580_81270B5A0,0
026580_81359F840,0
026624_802661210,0
026624_8026EF890,0
026624_802812390,0
026624_802838BB0,0
026624_8029E2D40,0
026624_8029EE4A0,0
026624_802A679B0,0
026624_802AA44A0,0
026624_802BBE9C0,0
026624_802C578C0,0
026624_802DC5820,0
026624_802E5E5A0,0
026624_802F13940,0
026624_8031CCDD0,0
026624_80341AC70,0
026624_80355ECF0,0
026624_80367B570,0
026624_803BAD2A0,0
026624_803BB6630,0
026624_8042DD840,0
026624_804C4E420,0
026624_806A46670,0
026624_807244130,0
026624_807246F30,0
026624_8077CB8A0,0
026624_807995190,0
026624_807AACF60,0
026624_80821C0F0,0
026624_808AFD420,0
026624_80941F080,0
026624_809C50990,0
026624_80A74DF90,0
026624_80ACCA660,0
026624_80BA4D900,0
026624_80BA99360,0
026624_80BAB1B90,0
026624_80CD8DEF0,0
026624_80DF345A0,0
026624_80FB8D2C0,0
026624_810F3AC50,0
026624_8118FE2E0,0
026624_8126A10E0,0
026624_812729A40,0
026624_812FE2830,0
026818_8027E29E0,0
026818_80293B410,0
026818_80294A470,0
026818_802953410,0
026818_802A03100,0
026818_802A4B550,0
026818_802A93450,0
026818_802BBE290,0
026818_802BEACA0,0
026818_802C69E70,0
026818_802C72B10,0
026818_802D2DCC0,0
026818_802D7FA70,0
026818_802DE0A70,0
026818_8030BE5F0,0
026818_803159C30,0
026818_803221890,0
026818_803BD8BE0,0
026818_803C02360,0
026818_803CF8A00,0
026818_8046EAB20,0
026818_80490D9E0,0
026818_80491A4C0,0
026818_805195250,0
026818_8052E6D50,0
026818_80558E750,0
026818_8056CCEA0,0
026818_80581F560,0
026818_805826B50,0
026818_805B110A0,0
026818_8069B62F0,0
026818_8069B6E10,0
026818_8069BFE50,0
026818_806ACB210,0
026818_806CAFB80,0
026818_806FFAD70,0
026818_807426390,0
026818_807619FD0,0
026818_80779E7B0,0
026818_8078EAA50,0
026818_80793CCE0,0
026818_8079BB6D0,0
026818_807AD4AF0,0
026818_807C0F250,0
026818_807C7B420,0
026818_80804CFE0,0
026818_808215880,0
026818_8082F8920,0
026818_808A66BF0,0
026818_80A092E30,0
026818_80AACB250,0
026818_80ABA4220,0
026818_80ABEA320,0
026818_80AC1ECD0,0
026818_80AF3F830,0
026818_80B514580,0
026818_80B63B490,0
026818_80BAC5D00,0
026818_80BBC3080,0
026818_80C80E250,0
026818_80D8AA320,0
026818_80FBB74D0,0
026818_8104D9820,0
026818_8108F8760,0
026818_810C0BE50,0
026818_8110A6CC0,0
026818_8110D0660,0
026818_811154DC0,0
026818_812106BB0,0
026818_8124A5210,0
026818_813073CB0,0
026860_8027A1270,0
026860_8027E2D00,0
026860_80287D700,0
026860_80287D701,0
026860_802959760,0
026860_802A0C560,0
026860_802B062A0,0
026860_802BB84A0,0
026860_802C05040,0
026860_802EA0850,0
026860_8033BF830,0
026860_80372C1D0,0
026860_803759700,0
026860_803D4CB30,0
026860_803D770A0,0
026860_803E818A0,0
026860_803EAA7E0,0
026860_8040B5F90,0
026860_8041ABC20,0
026860_804206EA0,0
026860_8048DABF0,0
026860_80490DC20,0
026860_80491A2A0,0
026860_804C4D000,0
026860_80555FFC0,0
026860_805840CD0,0
026860_805AF2610,0
026860_8062E9A60,0
026860_8068E0C80,0
026860_8068F1060,0
026860_807429B70,0
026860_807856410,0
026860_8078B34F0,0
026860_807911BF0,0
026860_807D67F70,0
026860_8080A0CF0,0
026860_808246F10,0
026860_8082B6F10,0
026860_808323DE0,0
026860_8084675A0,0
026860_809005BD0,0
026860_809439A10,0
026860_80A07DB60,0
026860_80A096C60,0
026860_80A15F2F0,0
026860_80A3F5A40,0
026860_80B3628A0,0
026860_80B6BD1F0,0
026860_80BA13C60,0
026860_80CAF3190,0
026860_80D0EEC50,0
026860_80D4833E0,0
026860_80EBC6BA0,0
026860_80F0B08F0,0
026860_81164B170,0
026860_811900E90,0
026860_811AD7E30,0
026860_8124E3B10,0
026860_812757D20,0
027103_8029DEFF0,0
027103_802B7DA00,1
027103_802BEECE0,0
027103_802BF4190,0
027103_802C1FAF0,0
027103_802C7C2C0,0
027103_802CFDC50,0
027103_802F48030,0
027103_80334F980,0
027103_80396C390,0
027103_803B31110,0
027103_803C44F80,0
027103_803CE4EF0,0
027103_8041FC260,0
027103_805331CA0,0
027103_80556CF70,0
027103_80581F230,0
027103_8058203C0,0
027103_806820720,0
027103_80699B530,0
027103_806ED7E40,0
027103_80735A900,0
027103_80747F810,0
027103_8077507E0,0
027103_80778A400,0
027103_8077F4C70,0
027103_807A7F010,0
027103_807B01A40,0
027103_80804F170,0
027103_80823BAC0,0
027103_8089FE450,0
027103_80A768D10,0
027103_80AB48870,0
027103_80AC29170,0
027103_80AF497B0,0
027103_80B303540,0
027103_80B551550,0
027103_80B601B70,0
027103_80B6B55D0,0
027103_80B9F9460,0
027103_80BB7DEB0,0
027103_80BCE3FF0,0
027103_80C091FA0,0
027103_80CEF45A0,0
027103_80DE3A560,0
027103_80E73AF40,0
027103_80ED2FA40,0
027103_80ED42790,0
027103_81050A560,0
027103_8106C1390,0
027103_8125244B0,0
027103_81254D130,0
027103_812572150,0
027103_81278FDE0,0
027140_8029B97D0,0
027140_802A21A30,0
027140_802A5D3F0,0
027140_802A69860,0
027140_802A7EF70,0
027140_802ADEC10,0
027140_802B3B3A0,0
027140_802BB5CF0,0
027140_802C7BEA0,0
027140_802CC2880,0
027140_802D3EAA0,0
027140_802D5E2C0,0
027140_802DC4A90,0
027140_802F220E0,0
027140_802F58130,0
027140_80312AA30,0
027140_8033C3550,0
027140_803566450,0
027140_8037A6C90,0
027140_803BB5D20,0
027140_803CA2E80,0
027140_803EAA060,0
027140_805754030,0
027140_806755370,0
027140_8067EFCC0,0
027140_8068A3B00,0
027140_80693BCA0,0
027140_8069DB260,0
027140_806C1F270,0
027140_8077CF190,0
027140_8077EABA0,0
027140_807867AE0,0
027140_808003330,0
027140_8081BE4E0,0
027140_808C93310,0
027140_80A19FA70,0
027140_80AB56E30,0
027140_80B31ACA0,0
027140_80B96F120,0
027140_80B9DD690,0
027140_80BB332F0,0
027140_80BC07010,0
027140_80D1E1EA0,0
027140_80DAB0BD0,0
027140_80E320010,0
027140_80EBCEC80,0
027140_80EF36AB0,0
027140_810BDF000,0
027140_8111568A0,0
027140_81212DB20,0
027140_81247D1E0,0
027140_8125B4BE0,0
027140_81262D910,0
027217_802A7FF60,0
027217_802A84360,0
027217_802DCFDB0,0
027217_802EBFE20,0
027217_802EF7FE0,0
027217_802FA3A10,0
027217_80313ACB0,0
027217_803313600,0
027217_804384310,0
027217_8048DA320,0
027217_804906550,0
027217_804952140,0
027217_80557A340,0
027217_805790370,0
027217_805AC5390,0
027217_8067216F0,0
027217_80679F7F0,0
027217_806826380,0
027217_80688CA30,0
027217_806932FA0,0
027217_807BBA500,0
027217_807DBA9A0,0
027217_807F27770,0
027217_80806D8D0,0
027217_8080CB030,0
027217_80821EFA0,0
027217_8082EAD30,0
027217_808A43ED0,0
027217_8092DCBF0,0
027217_8093DB9D0,0
027217_80946C020,0
027217_809655210,0
027217_80A09B4E0,0
027217_80A0A3FE0,0
027217_80B16C650,0
027217_80B98C6F0,0
027217_80BAB90A0,0
027217_80BADEE20,0
027217_80C7D7FA0,0
027217_80D3DA980,0
027217_80DE16B80,0
027217_80E03AC60,0
027217_80E754330,0
027217_80E7961B0,0
027217_80EC0A5A0,0
027217_80F7B6E00,0
027217_80F7C3F60,0
027217_810613B60,0
027217_8108F0B50,0
027217_811676760,0
027217_811778B10,0
027217_811AA2580,0
027217_812142F80,0
027241_802A645D0,0
027241_802BF0F90,0
027241_802C9BC90,0
027241_802CF6DE0,0
027241_802EF66E0,0
027241_802F4E0F0,0
027241_8031C51C0,0
027241_80322AE60,0
027241_8033BF640,0
027241_803BE2470,0
027241_803CE8750,0
027241_8041C8EE0,0
027241_8043EBD00,0
027241_8048C2390,0
027241_80497BBE0,0
027241_805836A90,0
027241_805AD1470,0
027241_806A92100,0
027241_8070196B0,0
027241_80799C750,0
027241_808047240,0
027241_80850B6B0,0
027241_8087FA470,0
027241_80939CAA0,0
027241_8093BA6A0,0
027241_80A26A090,0
027241_80A6659E0,0
027241_80A88C170,0
027241_80A8DC690,0
027241_80A8DFC80,0
027241_80ABB5F30,0
027241_80ABE1CE0,0
027241_80AEF0190,0
027241_80AF0EF30,0
027241_80B639B30,0
027241_80B996650,0
027241_80BAE03D0,0
027241_80C129780,0
027241_80C51E190,0
027241_80DCDF2A0,0
027241_80DCF4420,0
027241_80DE456A0,0
027241_80E67F690,0
027241_810293B10,0
027241_810F972A0,0
027241_811B5A510,0
027241_811D14F10,0
027241_812C471D0,0
027288_802B4EEB0,0
027288_802DC94C0,0
027288_802DD1740,0
027288_802F00210,0
027288_802F41320,0
027288_80332C030,0
027288_8033D4D60,0
027288_803755CE0,0
027288_8038F5B90,0
027288_803E8E4F0,0
027288_8041A6150,0
027288_804873A90,0
027288_80490D8A0,0
027288_8050A1380,0
027288_80510E0E0,0
027288_805263980,0
027288_805577DC0,0
027288_805747EE0,0
027288_805818730,0
027288_8068EAA60,0
027288_806E6F1F0,0
027288_8077BC5E0,0
027288_8077D5400,0
027288_807987560,0
027288_807B1D2A0,0
027288_807B5C330,0
027288_807F31890,0
027288_80806C7E0,0
027288_80806E140,0
027288_808074F00,0
027288_80807DDA0,0
027288_808F8CA10,0
027288_8092DCA00,0
027288_8093D4210,0
027288_80A0A6C50,0
027288_80A694D90,0
027288_80B30FBF0,0
027288_80B606660,0
027288_80B789B00,0
027288_80BA01130,0
027288_80C291050,0
027288_80C89A400,0
027288_80D44C450,0
027288_80D518410,0
027288_80D893630,0
027288_80DAAD4B0,0
027288_80DBB33A0,0
027288_80DE3FE00,0
027288_80DEB4FF0,0
027288_80F7DD020,0
027288_811062160,0
027288_8127403D0,0
027444_802BCFE40,0
027444_802BFDA90,0
027444_802C4ECD0,0
027444_803132140,0
027444_8031B7C10,0
027444_803231B10,0
027444_8033F39F0,0
027444_8034586A0,0
027444_8034642B0,0
027444_803468260,0
027444_803494ED0,0
027444_8034F3F20,0
027444_803591500,0
027444_803653CD0,0
027444_803769E70,0
027444_803785E60,0
027444_803930F40,0
027444_803DC4BB0,0
027444_803E48E80,0
027444_803EF20B0,0
027444_803EF20B1,0
027444_8041B1D70,0
027444_8041E2E30,0
027444_8042362D0,0
027444_804297880,0
027444_80479CBA0,0
027444_804DD6D10,0
027444_804FC1F20,0
027444_8051F9CE0,0
027444_80521C110,0
027444_805328B40,0
027444_805527770,0
027444_8055D6950,0
027444_805621340,0
027444_805BF13C0,0
027444_805E06C60,0
027444_8060199E0,0
027444_8066AE8E0,0
027444_806B74B50,0
027444_806B9C880,0
027444_806E79350,0
027444_8072BC020,0
027444_807579A00,0
027444_807BE5900,0
027444_807D460B0,0
027444_8087582C0,0
027444_8089836E0,0
027444_808B3D020,0
027444_808B44900,0
027444_808D32940,0
027444_808D50D90,0
027444_808DE9780,0
027444_809FDDA10,0
027444_809FE0320,0
027444_80A15C5E0,0
027444_80A33C6F0,0
027444_80A39F850,0
027444_80A7498D0,0
027444_80A848610,0
027444_80AC9CF80,0
027444_80B152930,0
027444_80C09BA20,0
027444_80C255E60,0
027444_80C7FD5F0,0
027444_80CBAA8B0,0
027444_80CD8AFE0,0
027444_80D0C8C00,0
027444_80D2244A0,0
027444_80D504690,0
027444_80DA471C0,0
027444_80DFAE2F0,0
027444_80EBB4110,0
027444_80EF24F50,0
027444_80F34DBD0,0
027444_80FC3F470,0
027444_80FE29A00,0
027444_80FE88CA0,0
027444_80FED8320,0
027444_80FEE6E00,0
027444_8103A7FA0,0
027444_811218960,0
027444_8116DA220,0
027444_811EE65B0,0
027444_8124385C0,0
027444_813517A40,0
027444_8135E6000,0
027444_813925F30,0
027444_813FE75E0,0
027616_802D63AF0,0
027616_802D66B00,0
027616_802E51F60,0
027616_802F449E0,0
027616_80329C7B0,0
027616_8033C07C0,0
027616_8037570B0,0
027616_803BAD730,0
027616_803CF4320,0
027616_805139140,0
027616_805333650,0
027616_805361070,0
027616_80582F990,0
027616_8058BC2A0,0
027616_805CD6830,0
027616_8068C7CC0,0
027616_8068E57F0,0
027616_807838070,0
027616_8078A0620,0
027616_8078CE300,0
027616_807972870,0
027616_807BAC890,0
027616_807DBCB70,0
027616_807FFD030,0
027616_808196000,0
027616_808BFD280,0
027616_808F23350,0
027616_809006A30,0
027616_809BEB4F0,0
027616_80A27F6C0,0
027616_80A825C00,0
027616_80B62C220,0
027616_80B6B95E0,0
027616_80B886360,0
027616_80B950DA0,0
027616_80C239740,0
027616_80C3E0D60,0
027616_80D475E30,0
027616_80D4BD560,0
027616_80D9B43F0,0
027616_80DDE69C0,0
027616_80E7BE5F0,0
027616_80ECD2430,0
027616_80ECFF740,0
027616_80ED757B0,0
027616_80EF350A0,0
027616_80F3CF4D0,0
027616_8104D7560,0
027616_811D08740,0
027637_80228C940,0
027637_802C73B50,0
027637_802E02370,0
027637_80316AF00,0
027637_80321B6B0,0
027637_8032A9650,0
027637_80330A230,0
027637_80357AD60,0
027637_80364FC40,0
027637_80388CEB0,0
027637_803A9ABD0,0
027637_803AE56A0,0
027637_803B6D520,0
027637_803D55770,0
027637_803EA4D00,0
027637_8043C7360,0
027637_804455080,0
027637_804978CA0,0
027637_804BB6CA0,0
027637_804ED84E0,0
027637_80518A110,0
027637_8052DA160,0
027637_805A7B0B0,0
027637_805F928B0,0
027637_80651B6F0,0
027637_80751F5A0,0
027637_807800890,0
027637_807F64410,0
027637_8084342B0,0
027637_80854F940,0
027637_8085955D0,0
027637_808D3E6D0,0
027637_808D64F70,0
027637_808ED25E0,0
027637_809281BA0,0
027637_80935EE70,0
027637_8093631E0,0
027637_80999A670,0
027637_80A3EF0D0,0
027637_80A991FD0,0
027637_80AE95610,0
027637_80B8031D0,0
027637_80B836AF0,0
027637_80B8BF5B0,0
027637_80BD72E60,0
027637_80C309BC0,0
027637_80C6A6E00,0
027637_80DCB8550,0
027637_80DCC4520,0
027637_80DDCACA0,0
027637_80DEA23F0,0
027637_80E13B9D0,0
027637_80E39B310,0
027637_80E4193A0,0
027637_80E614650,0
027637_80E616E80,0
027637_80EC70230,0
027637_80F6E0080,0
027637_80FBF9310,0
027637_8105ACD00,0
027637_8106C90F0,0
027637_8109A7540,0
027637_810F79DA0,0
027637_8114844B0,0
027637_81199A290,0
027637_812210710,0
027637_8122EFD60,0
027637_813159660,0
027637_813465E40,0
027637_813EFA650,0
027637_814816FA0,0
027684_802D27170,0
027684_802D52FC0,0
027684_802F28C90,0
027684_802F4C200,0
027684_8031D5630,0
027684_8032EB230,0
027684_803E398E0,0
027684_8042C0540,0
027684_804E2DBC0,0
027684_805073FC0,0
027684_805338E70,0
027684_80595B700,0
027684_805AD2AE0,0
027684_805EC2860,0
027684_8066F3EC0,0
027684_8068F1A60,0
027684_806A940C0,0
027684_806ACD1F0,0
027684_806E61620,0
027684_8078666C0,0
027684_807ADA860,0
027684_808048560,0
027684_8080B5810,0
027684_8081CD830,0
027684_808432580,1
027684_8088D48F0,0
027684_8089BACE0,0
027684_808AFCE30,0
027684_80943E5F0,0
027684_809773300,0
027684_809B8EDA0,0
027684_80A8296C0,0
027684_80AED9FF0,0
027684_80B600920,0
027684_80B7F56B0,0
027684_80B9EC1D0,0
027684_80BA28DD0,0
027684_80BA3B700,0
027684_80BB51870,0
027684_80BE2D5B0,0
027684_80C21EBE0,0
027684_80D1E4E50,0
027684_80E3C9710,0
027684_80E3EA8F0,0
027684_80FE6DE40,0
027684_811630A90,0
027684_812742BE0,0
027920_802F4B0C0,0
027920_8048ECFE0,0
027920_8049211B0,0
027920_804A5FAA0,0
027920_805265BD0,0
027920_8052D2C90,0
027920_805565350,0
027920_80575DCE0,0
027920_80581CA70,0
027920_805ABFCF0,0
027920_805B3ECA0,0
027920_80632D080,0
027920_8069ABBB0,0
027920_8072EF430,0
027920_8075F4DF0,0
027920_807829F90,0
027920_807A8CA80,0
027920_807AB31E0,0
027920_807B41560,0
027920_807D0E880,0
027920_808890C10,0
027920_8088DF320,0
027920_808A4C8A0,0
027920_8093D3F40,0
027920_809C8EF60,0
027920_80A66FDF0,0
027920_80AB2B6D0,0
027920_80AB7F210,0
027920_80AEB3D20,0
027920_80AEED710,0
027920_80AFE7820,0
027920_80B225420,0
027920_80B668050,0
027920_80B911960,0
027920_80B963620,0
027920_80B9F4A80,0
027920_80C233FF0,0
027920_80C24A770,0
027920_80D55D680,0
027920_80DA11C50,0
027920_80DF343C0,0
027920_80E109390,0
027920_80EC08D50,0
027920_80F60BA50,0
027920_8111DEC40,0
027920_812111D80,0
027920_812496090,0
027920_812578A30,0
027920_8126391B0,0
027920_81263EDA0,0
027920_81264C4A0,0
027920_812C2CC10,0
027920_813BA6830,0
027920_81418CC10,0
027_80BD34860,0
028183_802BF77C0,0
028183_803126F70,0
028183_8033D8210,0
028183_80362BBD0,0
028183_80386F240,0
028183_803E7B900,0
028183_8040A7030,0
028183_804886A60,0
028183_8048F83A0,0
028183_805AD4C50,0
028183_805BBC050,0
028183_805EC4EA0,0
028183_8062E6110,0
028183_8067A1940,0
028183_8069544F0,0
028183_806C26910,0
028183_807341220,0
028183_807467D40,0
028183_8075D3390,0
028183_8075E6E80,0
028183_807773260,0
028183_807792B70,0
028183_807B0F870,0
028183_8088C81E0,0
028183_808A5F2F0,0
028183_808D032A0,0
028183_808F16F90,0
028183_8093B1420,0
028183_809551760,0
028183_80A5253A0,0
028183_80AEFED40,0
028183_80B366860,0
028183_80BA9C380,0
028183_80C0B29E0,0
028183_80D08AF20,0
028183_80D8A82D0,0
028183_80DA88910,0
028183_80DA91F10,0
028183_80DE75B00,0
028183_80E41FB50,0
028183_80E7BED30,0
028183_80F0ABF80,0
028183_8109539E0,0
028183_811D3F9C0,0
028183_81249E770,0
028183_81259B4F0,0
028183_8134A2340,0
028255_802FC45C0,0
028255_8030D64B0,0
028255_8030DF900,0
028255_80311FED0,0
028255_803207310,0
028255_803315CB0,0
028255_803451820,0
028255_8034A3E60,0
028255_8034E40E0,0
028255_803654E80,0
028255_803A4ADA0,0
028255_803CB0520,0
028255_803D666B0,0
028255_803EA75D0,0
028255_80428E130,0
028255_8043C9F00,0
028255_80445C110,0
028255_8045274C0,0
028255_804835000,0
028255_80483F070,0
028255_8049423E0,0
028255_804A4E0A0,0
028255_804F56C00,0
028255_805124560,0
028255_805A65430,0
028255_805EC66A0,0
028255_8062FD430,0
028255_80671DC80,0
028255_807A164F0,0
028255_8081F9F30,0
028255_80889C060,0
028255_808A23610,0
028255_808EAB4F0,0
028255_809056E80,1
028255_809270890,0
028255_809AEB890,0
028255_809AEC980,0
028255_80A831DE0,0
028255_80AA86850,0
028255_80AB0D620,0
028255_80AB764F0,0
028255_80B1B4980,0
028255_80B421B70,0
028255_80B8D3110,0
028255_80BACD940,0
028255_80C15ED80,0
028255_80C80E7A0,0
028255_80C816BF0,0
028255_80CF5FE00,0
028255_80D0B6980,0
028255_80DA581E0,0
028255_80DBB0740,0
028255_80DCADAB0,0
028255_80DDBEF40,0
028255_80DECAE60,0
028255_80DF24CA0,0
028255_80DF7D2B0,0
028255_80E738490,0
028255_80EBB1F10,0
028255_80EC87FB0,0
028255_80FDFE5F0,0
028255_810B197E0,0
028255_810D7EEE0,0
028255_8111F2D90,0
028255_81172DA80,0
028255_81219D7D0,0
028255_8123210C0,0
028255_812E62DE0,0
028255_8139E1EE0,0
028255_813AE6820,0
028255_8141A9E30,0
028255_8145D8680,0
02843_8002374E0,0
02843_8004981D0,0
02843_8004C1240,0
02843_8004C8F80,0
02843_8004E6490,0
02843_8004E7920,0
02843_800535010,0
02843_8005350D0,0
02843_800571340,0
02843_80057FC70,0
02843_80057FF00,0
02843_8005931C0,0
02843_8005A5680,0
02843_8005AB230,0
02843_8005AC9B0,0
02843_8005CEB10,0
02843_8005E1750,0
02843_8005EA150,0
02843_8005F3310,0
02843_8006181F0,0
02843_800619250,0
02843_800619490,0
02843_8006273C0,0
02843_80062C5C0,0
02843_800647440,0
02843_80064F2C0,0
02843_8006558B0,0
02843_8006572C0,0
02843_800658770,0
02843_80065C9B0,0
02843_8006B6220,0
02843_8006C7DC0,0
02843_8006F6FC0,0
02843_8007012B0,0
02843_80072C8C0,0
02843_80072E5C0,0
02843_8007356C0,0
02843_80073DA70,0
02843_80075CF00,0
02843_80076A920,0
02843_80077CE60,0
02843_80078F560,0
02843_8007AC8C0,0
02843_8007E9570,0
02843_80083FC80,0
02843_8008476E0,0
02843_80087A360,0
02843_80089B220,0
02843_8008A0C60,0
02843_8008C3450,0
02843_8009F3C40,0
02843_800A698E0,0
02843_800A87960,0
02843_800A88540,0
02843_800AC4320,0
02843_800ACA260,0
02843_800ACFDC0,0
02843_800B08350,0
02843_800B0F090,0
02843_800B77C40,0
02843_800BD5940,0
02843_800BE58E0,0
02843_800C10BD0,0
02843_800C13660,0
02843_800C29FD0,0
02843_800C3A5A0,0
02843_800D0E120,0
02843_800D1B190,0
02843_800DD5F90,0
02843_800DDAD60,0
02843_800E2FA80,0
02843_800E96FF0,0
02843_800E97230,0
02843_800E9DBE0,0
02843_800EA0440,1
02843_800F6AAE0,0
02843_800FA0580,0
02843_800FA19F0,0
02843_800FA6960,0
02843_800FBC750,0
02843_800FF7870,0
02843_8010ACF40,0
02843_8011022F0,0
02843_80112A050,0
02843_80115FAE0,0
02843_80117D700,0
02843_80127ADE0,0
02843_801280760,0
02843_8012A0F20,0
02843_8012A0F70,0
02843_801375620,0
02843_8013C8390,0
02843_8013F24E0,0
02843_801433C80,0
02843_801462830,0
02843_80148AFC0,0
02843_80161DFD0,0
02843_8017020B0,0
02843_801727270,0
02843_801780050,0
02843_80179FF90,0
02843_8017A9850,0
02843_801892040,0
02843_801959900,0
02843_80195D000,0
02843_80196C940,0
02843_801A4D330,0
02843_801B6E900,0
02843_801BF71A0,0
02843_801C31170,0
02843_801E8AFB0,0
02843_801F64D30,0
02843_801F6EDE0,0
02843_8021C7C90,0
02843_8022AF270,0
02843_8022CDF50,0
02843_80239EE80,0
02843_802444380,0
02843_802474650,0
02843_8025B1540,0
02843_8026A86A0,0
02843_802710FF0,0
02843_802762D70,0
02843_8027A6A50,0
02843_8028741A0,0
02843_802C6BE90,0
02843_802E1B140,0
02843_8030BAB10,0
02843_8031EE610,0
02843_8032CA500,0
02843_8034086F0,0
02843_80345B9D0,0
02843_8036FA980,0
02843_80374EA90,0
02843_8037A22B0,0
02843_803B9F410,0
02843_803E1A830,0
02843_804015AC0,0
02843_8040A89F0,0
02843_804399B20,0
02843_80451EAA0,0
02843_804827F40,0
02843_804A775A0,0
02843_804D32940,0
02843_804DDA5B0,0
02843_804F2E280,0
02843_804FE7C50,0
02843_80515E100,0
02843_80517EBA0,0
02843_8052FC360,0
02843_8059B01A0,0
02843_805A04240,0
02843_805A16DC0,0
02843_805A87900,0
02843_805DF4670,0
02843_806649C00,0
02843_80670D620,0
02843_806838E50,0
02843_806846AE0,0
02843_8069EFE00,0
02843_806D1E390,0
02843_8070BC390,0
02843_8071150A0,0
02843_807160A80,0
02843_80805C570,0
02843_8084FB1B0,0
02843_808D21A10,0
02843_809E862F0,0
02843_80A5785D0,0
02843_80AAE7070,0
02843_80AB74570,0
02843_80BFF0FC0,0
02843_80C307280,0
02843_80C762790,0
02843_80C813490,0
02843_80C9083E0,0
02843_80CF5EE50,0
02843_80D162DD0,0
02843_80D378940,0
02843_80D80C510,0
02843_80DDBA930,0
02843_80DE057B0,0
02843_80DE569E0,0
02843_80DEE9810,0
02843_80E1466B0,0
02843_80FE24130,0
02843_810F78700,0
02843_8113E3AA0,0
02843_811C9ED80,0
02843_811E09580,0
02843_81223AC80,0
02843_813A189C0,0
02843_8141B7590,0
02843_814393580,0
028627_8032068C0,0
028627_803377800,0
028627_8033A7450,0
028627_80367B520,0
028627_803C5BBB0,0
028627_803D86590,0
028627_803E82940,0
028627_804901F70,0
028627_804FA84D0,0
028627_8050DDD70,0
028627_805974C60,0
028627_8059ED980,0
028627_8062E5BD0,0
028627_806917A50,0
028627_8069BA120,0
028627_807642A40,0
028627_807752D10,0
028627_8077CE9E0,0
028627_8079395F0,0
028627_807ACD1C0,0
028627_807B41AD0,0
028627_807B6F8E0,0
028627_807FD9600,0
028627_8080AB9D0,0
028627_80820CDB0,0
028627_808793AA0,0
028627_808A3E590,0
028627_808FA8EE0,0
028627_809553CD0,0
028627_80B63A980,0
028627_80B856190,0
028627_80BC292C0,0
028627_80BC3C6D0,0
028627_80D1F4880,0
028627_80D47AE60,0
028627_80DC90EF0,0
028627_80DED43C0,0
028627_80E48C160,0
028627_80FBB7DF0,0
028627_80FC19CC0,0
028627_810716460,0
028627_810B73540,0
028627_810E6DE30,0
028627_811022490,0
028627_8119600C0,0
028627_8119A6640,0
028627_8120E40E0,0
028627_812130EB0,0
028627_81233EE80,0
028627_812483970,0
028627_81276F870,0
028627_81277C670,0
028627_8128C0AB0,0
028629_803914AF0,0
028629_803CF00F0,0
028629_803E8DDF0,0
028629_8042BEFA0,0
028629_8042C8D50,0
028629_80438E500,0
028629_8048EE370,0
028629_805315930,0
028629_805EDA390,0
028629_807253710,0
028629_807788C80,0
028629_8077C33D0,0
028629_8078349F0,0
028629_807894C10,0
028629_807BB3840,0
028629_807F2B790,0
028629_808085A60,0
028629_8081851B0,0
028629_808481A50,0
028629_8093755B0,0
028629_80937CEC0,0
028629_80ABD8FE0,0
028629_80B59D350,0
028629_80B636DA0,0
028629_80BB9B6B0,0
028629_80D2183D0,0
028629_80D3F4AD0,0
028629_80D55BBF0,0
028629_80EC18700,0
028629_80ECB8B00,0
028629_80FBA0510,0
028629_80FE6DCB0,0
028629_810CA4260,0
028629_8126D45D0,0
028629_813E66520,0
028693_8032A2140,0
028693_8033AD070,0
028693_8034A9680,0
028693_8035A0480,0
028693_8036E8980,0
028693_80378B770,0
028693_8037C06E0,0
028693_803AB2BE0,0
028693_803D5B600,0
028693_804018220,0
028693_8040A7BE0,0
028693_8043B1F40,0
028693_8045E4360,0
028693_8049CFD80,0
028693_804B039B0,0
028693_804DBF290,0
028693_804F60990,0
028693_8051928A0,0
028693_8053A1800,0
028693_8054AD390,0
028693_805594380,0
028693_8057E1B90,0
028693_8058F99F0,0
028693_8059E1A80,0
028693_805AA16B0,0
028693_805B50AD0,0
028693_80600FF20,0
028693_806076000,0
028693_80623C860,0
028693_80626E290,0
028693_8063C80C0,0
028693_8065F8740,0
028693_8066926F0,0
028693_8066C7CD0,0
028693_806A8DAA0,0
028693_806D3A6A0,0
028693_807025930,0
028693_807063600,0
028693_8070E3A70,0
028693_8077EE060,0
028693_8079E7860,0
028693_807D43A30,0
028693_80865ABD0,0
028693_8088AA9A0,0
028693_809BB0AA0,0
028693_809C34680,0
028693_80A83A530,0
028693_80A884050,0
028693_80B3B4E10,0
028693_80B5BFDC0,0
028693_80BB309E0,0
028693_80BB3A3C0,0
028693_80BB4AC40,0
028693_80BB4C9E0,0
028693_80BF68FF0,0
028693_80BF73FF0,0
028693_80BFE2890,0
028693_80C0D2B60,0
028693_80C217680,0
028693_80C3E1A60,0
028693_80C4009C0,0
028693_80C908B00,0
028693_80D36FDD0,0
028693_80DC84FA0,0
028693_80DCC24D0,0
028693_80DF14160,0
028693_80DF39C00,0
028693_80DF7F110,0
028693_80E558300,0
028693_810020B90,0
028693_810389310,0
028693_810B41CC0,0
028693_810D98E20,0
028693_81185F7F0,0
028693_813460180,0
028693_813910D00,0
028694_803323460,0
028694_8033ABC90,0
028694_803782700,0
028694_80378B110,0
028694_803934880,0
028694_803A8C840,0
028694_804271530,0
028694_8043D9300,0
028694_80466C690,0
028694_80485FB00,0
028694_804A6F910,0
028694_804E65750,0
028694_80511ACA0,0
028694_8051A4130,0
028694_805216E00,0
028694_80539E680,0
028694_80568C5D0,0
028694_8057C9A90,0
028694_8057D5D60,0
028694_805B3BAA0,0
028694_805B78CC0,0
028694_805F330A0,0
028694_805FF83D0,0
028694_80603EC40,0
028694_8060F7BE0,0
028694_8062C87B0,0
028694_8063D37A0,0
028694_806579950,0
028694_8065C89E0,0
028694_8066CEE50,0
028694_806E898A0,0
028694_80730B3D0,0
028694_8074E2290,0
028694_8075535A0,0
028694_8075A0790,0
028694_807A46930,0
028694_807CD7AE0,0
028694_807EB1130,0
028694_807F460D0,0
028694_8082AE5D0,0
028694_809922CF0,0
028694_80993AB10,0
028694_809C43030,0
028694_809C8AD60,0
028694_80A0847D0,0
028694_80AEE7110,0
028694_80BB181E0,0
028694_80BB4B0B0,0
028694_80BFD2E20,0
028694_80C3EF960,0
028694_80C53EAC0,0
028694_80C768EE0,0
028694_80D4A5E00,0
028694_80D78BBE0,0
028694_80D7AD9E0,0
028694_80DDE2DB0,0
028694_80E065CC0,0
028694_80E1EE9B0,0
028694_80EC552B0,0
028694_80F5BBF30,0
028694_8103AF1A0,0
028694_8106D5B20,0
028694_810EFAC30,0
028694_81178D320,0
028694_811F8A6C0,0
028694_8126E82B0,0
028694_812B92BD0,0
028694_813358C60,0
028694_81382A340,0
028694_8138334A0,0
028694_813908700,0
028694_813AAA660,0
028694_813BB7490,0
028694_81482B7A0,0
028711_80206EB60,0
028711_803359170,0
028711_803475A80,0
028711_8048B3690,0
028711_805A324B0,0
028711_805B28E50,0
028711_80678EDC0,0
028711_8069BAE40,0
028711_80773F340,0
028711_807A7D620,0
028711_807AEC420,0
028711_807F19F90,0
028711_807FCE2C0,0
028711_808025D60,0
028711_808536AC0,0
028711_808E55FE0,0
028711_808FF96B0,0
028711_8094CF050,0
028711_809BC18D0,0
028711_80A07F890,0
028711_80A51CEE0,0
028711_80B4A5400,0
028711_80B52CC00,0
028711_80B570610,0
028711_80B5FF5E0,0
028711_80B784F60,0
028711_80B8532F0,0
028711_80B97B450,0
028711_80B97EAB0,0
028711_80B9BDAF0,0
028711_80BA634B0,0
028711_80E3A3FA0,0
028711_80EDAFA00,0
028711_80F1094E0,0
028711_80F7BD520,0
028711_81263FF50,0
028711_8128E9EB0,0
028711_81480CFF0,0
028726_8033C0CD0,0
028726_803494010,0
028726_803516720,0
028726_803516770,0
028726_8037323C0,0
028726_803752750,0
028726_80375B700,0
028726_803A58CE0,0
028726_803E8F8F0,0
028726_8041DEE40,0
028726_8041E3B90,0
028726_8048B9ED0,0
028726_804BA88E0,0
028726_804E84650,0
028726_805BDF0A0,0
028726_806261BB0,0
028726_8067D9C20,0
028726_806821050,0
028726_8068C78D0,0
028726_8068E7200,0
028726_80699CCC0,0
028726_80745DAF0,0
028726_807473E90,0
028726_8078FA360,0
028726_807AD6790,0
028726_807F288A0,0
028726_808575030,0
028726_80A7905D0,0
028726_80ACB2430,0
028726_80B3FFA40,0
028726_80BB73660,0
028726_80BC220A0,0
028726_80DCD9840,0
028726_80DCFADF0,0
028726_80E303590,0
028726_80E692860,0
028726_80E697200,0
028726_810B65A60,0
028726_811670360,0
028726_8121261A0,0
028726_812542940,0
028726_81256F260,0
028726_81276A500,0
028726_8128CEBA0,0
028726_8128DAC10,0
028726_813201E70,0
028771_8032BCEC0,0
028771_8034DB440,0
028771_8034E2B50,0
028771_8034FB630,0
028771_80351DD40,0
028771_80360DB70,0
028771_803639A20,0
028771_8036A4D00,0
028771_803921070,0
028771_803C18600,0
028771_804090B50,0
028771_804216DD0,0
028771_80437CC40,0
028771_8044FB320,0
028771_8045B0990,0
028771_804831FE0,0
028771_80487FA50,0
028771_804947710,0
028771_804D5E950,0
028771_804E799D0,0
028771_8051E4800,0
028771_8055BFD50,0
028771_805785130,0
028771_8057C66A0,0
028771_805ADACC0,0
028771_805B458F0,0
028771_805F8EA20,0
028771_80620B640,0
028771_806448C80,0
028771_8066FC780,0
028771_80724D1D0,0
028771_807272710,0
028771_8072AC7E0,0
028771_80762F540,1
028771_807CD2920,0
028771_807D19100,0
028771_807D31040,0
028771_807EBE970,0
028771_807F0BFE0,0
028771_8081A3EB0,0
028771_80876AFE0,0
028771_8087881E0,0
028771_80898E190,0
028771_808BC6AF0,0
028771_80923E5E0,0
028771_80927C260,0
028771_8094A1FC0,0
028771_80967C890,0
028771_80978A5E0,0
028771_809C55080,0
028771_809FFA7E0,0
028771_80A5035A0,0
028771_80A568F40,0
028771_80A74C4F0,0
028771_80AADC980,0
028771_80B3488F0,0
028771_80B466CE0,0
028771_80B6C2570,0
028771_80BD6D080,0
028771_80BF2D7A0,0
028771_80C0E3CE0,0
028771_80C2B9DC0,0
028771_80C85A5C0,0
028771_80C98CA40,0
028771_80D227A90,0
028771_80D2CF0A0,0
028771_80DC2A5B0,0
028771_810B17AF0,0
028771_810B3D6C0,0
028771_811169B70,0
028771_81178F0B0,0
028771_811F41880,0
028771_81307F650,0
028771_813486280,0
028771_8138F4370,0
028771_813E1DC60,0
028800_8006C4A80,0
028800_80333FB70,0
028800_8036FB790,0
028800_8038D8080,0
028800_803A37770,0
028800_803AC4030,0
028800_803ADADE0,0
028800_803E2BEF0,0
028800_8040B98F0,0
028800_80416B420,0
028800_804452BC0,0
028800_8045D0BB0,0
028800_804766BF0,0
028800_80479F2A0,0
028800_804D31B10,0
028800_804DF4970,0
028800_804E609E0,0
028800_804EAF700,0
028800_804EE0D90,0
028800_804FC3A40,0
028800_804FEEAE0,0
028800_80504F760,0
028800_80511ECA0,0
028800_805176FA0,0
028800_8051BA8E0,0
028800_8052068C0,0
028800_80547CC00,0
028800_8055DD580,0
028800_805D9CE00,0
028800_80600C810,0
028800_806CA4460,0
028800_806F68450,0
028800_8071920D0,0
028800_8073F4170,0
028800_8076537B0,0
028800_807D9CA40,0
028800_808EA3530,0
028800_809361750,0
028800_80AA07FC0,0
028800_80B62E460,0
028800_80B900560,0
028800_80BAACDF0,0
028800_80BDB3180,0
028800_80BE09C10,0
028800_80C166050,0
028800_80C362ED0,0
028800_80C3ECF70,0
028800_80C573A20,0
028800_80C7231C0,0
028800_80C7A14D0,0
028800_80D1854B0,0
028800_80D952100,0
028800_80E136970,0
028800_80E1EA2F0,0
028800_8102175C0,0
028800_8106FF1D0,0
028800_810EE94F0,0
028800_81108C5B0,0
028800_811753C80,0
028800_8118274F0,0
028800_811E27970,0
028800_812045CC0,0
028800_8126B82C0,0
028800_8133F15F0,0
028827_803388A80,0
028827_80351C9D0,0
028827_803531060,0
028827_803556C30,0
028827_80357D9B0,0
028827_803647E40,0
028827_803654E30,0
028827_80371B600,0
028827_8037B2640,0
028827_803A05590,0
028827_803BC2590,0
028827_803D3D220,0
028827_8040D1E50,0
028827_8041E0610,0
028827_804251470,0
028827_804255E80,0
028827_8047F1040,0
028827_804845970,0
028827_804971940,0
028827_804B6D420,0
028827_805194E70,0
028827_8052F1370,0
028827_8053A1850,0
028827_805547E90,0
028827_8055B25A0,0
028827_8056ECB00,0
028827_8057E5FF0,0
028827_805C2C700,0
028827_805D83490,0
028827_8060435B0,0
028827_8065BFDE0,0
028827_8066C8DA0,0
028827_806C666C0,0
028827_806C67450,0
028827_806CDCC00,0
028827_806FE3590,0
028827_806FF22A0,0
028827_807245A80,0
028827_8077E2930,0
028827_8079D8510,0
028827_807A6F080,0
028827_80854A780,0
028827_8085981A0,0
028827_808AE5290,0
028827_808F052A0,0
028827_809200390,0
028827_809238FC0,0
028827_80979BB00,0
028827_809BD3EE0,0
028827_809C0B2B0,0
028827_809E93040,0
028827_80A539710,0
028827_80ADF9220,0
028827_80AE9C9D0,0
028827_80B497BE0,0
028827_80B558C90,0
028827_80B55A720,0
028827_80B6973D0,0
028827_80BD55900,0
028827_80BEDF410,0
028827_80C9CF1A0,0
028827_80D420480,0
028827_80D4DA380,0
028827_80DA04EA0,0
028827_80DFD9590,0
028827_80E3068A0,0
028827_80F2A7A10,0
028827_80F968660,0
028827_8116C5810,0
028827_8117CFA50,0
028827_8118DCDD0,0
028827_8123CCED0,0
028827_812BA5190,0
028827_814448C50,0
028827_81495EA90,0
028_80A4EEAF0,0
028_80C947DE0,0
029069_803D77D90,0
029069_8040AFFF0,0
029069_804937520,0
029069_8052BE760,0
029069_805396BA0,0
029069_805811C10,0
029069_805A64570,0
029069_8067B3C20,0
029069_8077A1DB0,0
029069_8078EA5E0,0
029069_807A55110,0
029069_807D36460,0
029069_80809F550,0
029069_8082407C0,0
029069_808310660,0
029069_808C95320,0
029069_808D55340,0
029069_8093B3F10,0
029069_8097C59E0,0
029069_80A902FB0,0
029069_80B5F3BD0,0
029069_80B9861E0,0
029069_80BA02E30,0
029069_80BA03850,0
029069_80BAE1A40,0
029069_80BB8FD40,0
029069_80BEA0480,0
029069_80BF4D9F0,0
029069_80D23A3D0,0
029069_80D7EFE30,0
029069_80E557200,0
029069_80EBF8F60,0
029069_80FEFC390,0
029069_810BE0820,0
029069_8116465C0,0
029069_81198C990,0
029069_811AE9C90,0
029069_811AF1140,0
029069_81211B9D0,0
029069_812215250,0
029069_812489540,0
029069_81266CBA0,0
029069_81273AA80,0
029069_812E5D480,0
029089_803528E20,0
029089_803655710,0
029089_803D46E50,0
029089_804091770,0
029089_8041E43C0,0
029089_804280FF0,0
029089_804832230,0
029089_804EE4460,0
029089_8051AD480,0
029089_8051F04B0,0
029089_80521BD30,0
029089_8055F7600,0
029089_8057B5880,0
029089_80592CDA0,0
029089_80601FFF0,0
029089_8060F73E0,0
029089_80650C4F0,0
029089_8069A49F0,0
029089_806CA4840,0
029089_806D4A8E0,0
029089_806E99B00,0
029089_8071A0A10,0
029089_8074B6250,0
029089_807C8BAE0,0
029089_807EB3A70,0
029089_808179520,0
029089_80893BAE0,0
029089_808E8A810,0
029089_808E933C0,0
029089_808ED1A80,0
029089_80968AF50,0
029089_80A074F30,0
029089_80B131A30,0
029089_80B6FFF80,0
029089_80B801DF0,0
029089_80B8B5890,0
029089_80BD4D3F0,0
029089_80BFB8460,0
029089_80C2ABD00,0
029089_80C5871E0,0
029089_80D02C3C0,0
029089_80D04DEC0,0
029089_80D145E60,0
029089_80D2EBF70,0
029089_80D7F1D90,0
029089_80DA5E880,0
029089_80E3AD310,0
029089_80EC75A20,0
029089_80F63DCE0,0
029089_81005FBE0,0
029089_8103FA640,0
029089_810AE4FA0,0
029089_810E287E0,0
029089_811A33710,0
029089_811E0E620,0
029089_811E53070,0
029089_8123C75F0,0
029089_812624490,0
029089_814196050,0
02915_80050E080,0
02915_800527930,0
02915_80052D570,0
02915_800554C90,0
02915_8005857A0,0
02915_8005F4520,0
02915_800600A60,0
02915_80060BB40,0
02915_80060C750,0
02915_800611420,0
02915_800634E20,0
02915_80065E4D0,0
02915_8006626F0,0
02915_8006A2D10,0
02915_800743500,0
02915_800749E80,0
02915_8007D9710,0
02915_8007E3C30,0
02915_8007E41C0,0
02915_800864AB0,0
02915_800865530,0
02915_800889EB0,0
02915_8008B3770,0
02915_800913EF0,0
02915_80091AB90,0
02915_800982820,0
02915_80099D190,0
02915_8009A7500,0
02915_8009AD9E0,0
02915_8009CF650,0
02915_8009E6CC0,0
02915_8009E8F60,0
02915_8009EC920,0
02915_800A25B70,0
02915_800A30080,0
02915_800A31080,0
02915_800A39970,0
02915_800A3ECB0,0
02915_800AAAC20,0
02915_800AB8D10,0
02915_800AEB1A0,0
02915_800C64BB0,0
02915_800C9F480,0
02915_800CBF5A0,0
02915_800DA8AD0,0
02915_800E59460,0
02915_800E5A050,0
02915_800E665D0,0
02915_800E682C0,0
02915_800E704E0,0
02915_800EF04A0,0
02915_800F94030,0
02915_800F961C0,0
02915_800FEC210,0
02915_80102D360,0
02915_80106CC80,0
02915_8010C2AB0,0
02915_8010E9CF0,0
02915_801201720,0
02915_8012FAC00,0
02915_8013A7A10,0
02915_8013BF3B0,0
02915_801421270,0
02915_8014A8840,0
02915_8014BD560,0
02915_8014CD380,0
02915_801509940,0
02915_80159BBF0,0
02915_801680800,0
02915_8016AF200,0
02915_80172DA30,0
02915_80181FB90,0
02915_8018CB750,0
02915_801B024B0,0
02915_801B164C0,0
02915_801B36CB0,0
02915_801B568A0,0
02915_801B92790,0
02915_801BB7D10,0
02915_801E14230,0
02915_801E338D0,0
02915_801ED61F0,0
02915_801F1E330,0
02915_801F25560,0
02915_801F389B0,0
02915_801FBA4A0,0
02915_801FEF760,1
02915_802077CB0,0
02915_80217E120,0
02915_80218D620,0
02915_8021C34F0,0
02915_802214AD0,0
02915_8022FE9C0,0
02915_80240B8B0,0
02915_802591FE0,0
02915_8025CCFD0,0
02915_8025D63C0,0
02915_802646C00,0
02915_802663410,0
02915_8026C09E0,0
02915_8026CE540,0
02915_80272F7F0,0
02915_8027A1530,0
02915_8027F4420,0
02915_802815050,0
02915_802838D40,0
02915_8028DEC70,0
02915_8029C0AE0,0
02915_802A28510,0
02915_802A50D10,0
02915_802A77B10,0
02915_802ADE260,0
02915_802BB1D20,0
02915_802BB96A0,0
02915_802D4A8C0,0
02915_802D62270,0
02915_802DE2940,0
02915_802E57B30,0
02915_802E58E60,0
02915_802ED5DF0,0
02915_802EE3990,0
02915_803141760,0
02915_803A060C0,0
02915_80426B720,0
02915_8042C51E0,0
02915_8043812D0,0
02915_8056D2BC0,0
02915_806072890,0
02915_806866540,0
02915_8068AE680,0
02915_806A90D40,0
02915_806E6A570,0
02915_806E71CF0,0
02915_80761C2A0,0
02915_807795F70,0
02915_8077ACC80,0
02915_8077C4630,0
02915_8078AC3E0,0
02915_8079A96C0,0
02915_8079B3CE0,0
02915_8079BACF0,0
02915_807A599E0,0
02915_807D14210,0
02915_80819DCA0,0
02915_8085BBD00,0
02915_808AABE00,0
02915_808C47370,0
02915_809002E10,0
02915_8097C9B60,0
02915_8098419C0,0
02915_809FB9560,0
02915_80AC411A0,0
02915_80B5D8A70,0
02915_80B99E870,0
02915_80BA66790,0
02915_80BAB3F80,0
02915_80BABC0F0,0
02915_80BB9F6A0,0
02915_80BBD8FA0,0
02915_80BFD69F0,0
02915_80CD864D0,0
02915_80E788B50,0
02915_80F2CC1F0,0
02915_8104EE580,0
02915_810D88990,0
02915_810E647E0,0
02915_810F4E9A0,0
02915_8111D0D30,0
02915_811685900,0
02915_8116C2F20,0
02915_811AE1990,0
02915_812747A00,0
02915_812FAD420,0
02915_813661B30,0
029251_803793170,0
029251_80385A5A0,0
029251_803C949A0,0
029251_803D36DD0,0
029251_803D46A50,0
029251_803D58860,0
029251_803E80C10,0
029251_804502820,0
029251_8047568D0,0
029251_8047984D0,0
029251_8047DE280,0
029251_8047F11D0,0
029251_80483F510,0
029251_8050FFBF0,0
029251_805119A00,0
029251_805199A70,0
029251_80522D890,0
029251_8052333F0,0
029251_805B39C90,0
029251_805B760C0,0
029251_805DEAB80,0
029251_80624D730,0
029251_8066419A0,0
029251_8069F4050,0
029251_8073C2360,0
029251_8077060C0,0
029251_807C75E30,0
029251_807C7FE60,0
029251_808228E70,0
029251_808D320C0,0
029251_808E8EA70,0
029251_8090548D0,0
029251_80923B700,0
029251_809283110,0
029251_8093FDFA0,0
029251_809748A80,0
029251_809B82EE0,0
029251_809BB1490,0
029251_80A05AF40,0
029251_80AC4F9C0,0
029251_80B8C65D0,0
029251_80C0C8A60,0
029251_80C312380,0
029251_80C34C2C0,0
029251_80C4093C0,0
029251_80D260E60,0
029251_80D405710,0
029251_80D43C0D0,0
029251_80DF17530,0
029251_80E058A80,0
029251_80E076360,0
029251_80EA52330,0
029251_80F644D60,0
029251_80FBF4F20,0
029251_80FE3F9D0,0
029251_810402730,0
029251_810801E40,0
029251_81126DE30,0
029251_8114FA120,0
029251_8116978D0,0
029251_81181E510,0
029251_8121FBEC0,0
029251_812F9FA40,0
029251_8130B7C10,0
029251_81367BBA0,0
029251_813CCAC90,0
029251_8141B1D20,0
029279_80364A8A0,0
029279_803C0DF30,0
029279_8040B3680,0
029279_8041FEE20,0
029279_8042EAAB0,0
029279_8043BE140,0
029279_804501450,0
029279_80495FDC0,0
029279_804E14AE0,0
029279_804E56E80,0
029279_805106110,0
029279_8053A15E0,0
029279_8053DF5B0,0
029279_8053E8390,0
029279_8053E8391,0
029279_80556F120,0
029279_805D48CF0,0
029279_8062EF700,0
029279_806B59070,0
029279_806E854A0,0
029279_80769E130,0
029279_807942040,0
029279_8079C61F0,0
029279_8088B9780,0
029279_808D17F00,0
029279_808F94910,0
029279_80935BE20,0
029279_8093C67C0,0
029279_8098BC7A0,0
029279_80993D8E0,0
029279_80999EEF0,0
029279_809B0E720,0
029279_809BD3740,0
029279_80A06E1C0,0
029279_80A074250,0
029279_80A0F2C60,0
029279_80A750480,0
029279_80AE8A860,0
029279_80B4D4B00,0
029279_80C0E2BF0,0
029279_80C70B910,0
029279_80CA76B50,0
029279_80D1C0DF0,0
029279_80D4543E0,0
029279_80E37B6A0,0
029279_80E6B8AC0,0
029279_80EB81730,0
029279_80EC32A20,0
029279_80ED556F0,0
029279_80F5B9820,0
029279_8109BDC80,0
029279_81110F0E0,0
029279_811180CB0,0
029279_8118B44B0,0
029279_811A164E0,0
029279_8126EBD00,0
029279_812BB7870,0
029279_8132D8240,0
029279_8132DD310,0
029279_813D46E80,0
029404_80371ACA0,0
029404_803A2E5D0,0
029404_803BDF1C0,0
029404_803D43D30,0
029404_8043A2E10,0
029404_804BAC310,0
029404_804C33330,0
029404_804CE8250,0
029404_805068A40,0
029404_8051C2880,0
029404_8057E6320,0
029404_805B19CF0,0
029404_805B76580,0
029404_805B968B0,0
029404_805C8F8D0,0
029404_8062F63F0,0
029404_806649230,0
029404_8066BDD70,0
029404_806745FE0,0
029404_80676A0B0,0
029404_806A0E190,0
029404_806ECF490,0
029404_806FF0420,0
029404_807326180,0
029404_80759A1B0,0
029404_807948810,0
029404_807D25040,0
029404_807D312B0,0
029404_807FBFCC0,0
029404_8086A3C00,0
029404_808ADD740,0
029404_808E85F00,0
029404_808E934F0,0
029404_80977E390,0
029404_8099A3B40,0
029404_809B1EF50,0
029404_80A5874B0,0
029404_80A75F790,0
029404_80B6C6FC0,0
029404_80B782720,0
029404_80BDE70E0,0
029404_80BE39A40,0
029404_80C11D0A0,0
029404_80C2731A0,0
029404_80C3F5170,0
029404_80C6CD3B0,0
029404_80CD42D30,0
029404_80E3C7F20,0
029404_80E4A7640,0
029404_80F2BD1F0,0
029404_80F842630,0
029404_80F8CF6C0,0
029404_80FF50060,0
029404_810426AC0,0
029404_810583E80,0
029404_81104CB80,0
029404_811A93700,0
029404_812605260,1
029404_812D4BF60,0
029404_8142209E0,0
029404_8146F34E0,0
029685_803285ED0,0
029685_80396DDB0,0
029685_804188BA0,0
029685_804272150,0
029685_804526B30,0
029685_8045BEC90,0
029685_80482EFD0,0
029685_804D21890,0
029685_8050B04E0,0
029685_805118AF0,0
029685_80522D410,0
029685_80572D4D0,0
029685_8066A8C00,0
029685_8066B8FC0,0
029685_806A61060,0
029685_806C7C0E0,0
029685_806CADE90,0
029685_8075FE1D0,0
029685_807988800,0
029685_807AE2E60,0
029685_807C8BD20,0
029685_807F4B7E0,1
029685_807F70480,0
029685_8081E30C0,0
029685_80825B4A0,0
029685_8084FE560,0
029685_808583510,0
029685_808A00B60,1
029685_808FEE930,0
029685_8094AB110,0
029685_809BB61B0,0
029685_80A596E40,0
029685_80A5A37B0,0
029685_80A644CC0,0
029685_80AD49640,0
029685_80AE5FB70,0
029685_80AFB7340,0
029685_80B488C40,0
029685_80B4D3570,0
029685_80B7FAEF0,0
029685_80BF64C70,0
029685_80C0B7B10,0
029685_80C5A42F0,0
029685_80CE66FA0,0
029685_80D0109A0,0
029685_80D1F9610,0
029685_80D2CE430,0
029685_80D3F9110,0
029685_80D443CB0,0
029685_80D6EB640,0
029685_80D7D6380,0
029685_80DA42C00,0
029685_80DE37FA0,0
029685_80DEEFE30,0
029685_80F35CD10,0
029685_8103E88A0,0
029685_81040EEA0,0
029685_810C80110,0
029685_810D0BB40,0
029685_810DA88D0,0
029685_811E676E0,0
029685_8125ADE30,0
029685_812AC3550,0
029685_812D3B4C0,0
029685_813517CD0,0
029685_813614EB0,0
029685_813994EE0,0
029788_8058B5CA0,0
029788_805F1BD40,0
029794_80475D8A0,0
029794_804906DC0,0
029794_80491EDC0,0
029794_8050A01F0,0
029794_8057FBE90,0
029794_8065CD500,0
029794_806812960,0
029794_80690D400,0
029794_80699FDB0,0
029794_806A729D0,0
029794_8078810D0,0
029794_80788CF00,0
029794_807924650,0
029794_807B27B60,0
029794_80810FA50,0
029794_80A010BD0,0
029794_80A424DD0,0
029794_80AB25C10,0
029794_80AB9F120,0
029794_80AF4BB60,0
029794_80B5BC360,0
029794_80BA21380,0
029794_80C018890,0
029794_80C2F9730,0
029794_80C8AD4C0,0
029794_80D133120,1
029794_80E76DAB0,0
029794_80F1FF1B0,0
029794_810F61EF0,0
029794_8110B6110,0
029794_811105AF0,0
029794_8111D82E0,0
029794_811617270,0
029794_81167D7C0,0
029794_811D0FE50,0
029794_8124C3800,0
0310005_8083DCAF0,0
0310005_80A58B940,0
0310013_8057BE620,0
0310019_80B49B950,0
0310024_803AE5250,0
031008_80073F920,0
031008_8034ABB80,0
0310096_803BA6050,0
0310099_80DD30EF0,0
0310099_81356C150,0
031011_80068F4F0,0
031011_8013EF5D0,0
031011_80CD842A0,0
0310128_803B6D660,0
0310128_808A397B0,0
0310128_80E1D5EC0,0
031014_8015C04A0,0
0310159_803B94A10,0
0310165_812714790,0
0310169_81273E990,0
0310171_807837660,0
0310177_803BB1B90,0
0310177_80785BA60,0
0310179_80581E5B0,0
0310180_805AC55E0,0
0310180_81273F940,0
0310185_803BC5D80,0
0310192_808338B20,0
0310192_80DF3B210,0
0310198_810263DB0,0
0310200_80506D1C0,0
0310200_8053A3570,0
0310209_80B9F0F80,0
0310210_8077F40A0,0
031021_8007374B0,0
031021_8010EA610,0
031021_8079F7A20,0
0310224_803C20690,0
0310233_803C24A80,0
031023_8107826B0,0
0310278_80B624960,0
0310281_80F2DC840,0
0310284_807104510,0
0310284_80BD24ED0,0
0310286_803D574D0,0
0310299_8093C6A60,0
0310299_80F2D6930,0
0310310_8088B9440,0
0310312_803CB0D80,0
0310314_803CB3A60,0
0310314_803D329E0,0
0310314_8093EA840,0
031031_801229320,0
031032_8010873D0,0
031032_802D9A490,0
031032_806945B90,0
0310333_80A683080,0
0310337_80ECA9FD0,0
031034_810FDFD60,0
0310353_807246390,0
0310359_8055BEF70,0
0310359_813517FE0,0
0310369_80763C730,0
0310376_807BF11F0,0
031037_80BA49C90,0
0310381_8050174B0,0
0310381_806CDCF70,0
0310384_803FFF810,0
0310384_805B2F120,0
0310394_808AFF020,0
0310398_80A5A39B0,0
0310406_805BDDB30,0
0310413_8072903B0,0
0310417_811056000,0
0310418_804001DF0,0
0310418_8123249D0,0
0310419_806E81980,0
0310422_8052D4E60,0
0310422_808DF4BC0,0
031045_800615D30,0
031045_80E382970,0
0310543_8067CA150,0
0310543_809BFD470,0
0310545_80993E690,0
0310553_80519B610,0
0310554_8042EB8F0,0
0310564_80593CCD0,0
0310564_80A8D17C0,0
0310567_803E47520,0
0310567_80511BF90,0
031058_800FA7080,0
031058_8016520B0,0
031058_802A16650,0
0310619_810E24B90,0
0310634_8051349C0,0
0310635_803EA2F90,0
0310635_80EC0A820,0
0310647_8132D81F0,0
0310650_80D435520,0
031065_801BC52F0,0
031067_800E6FFA0,0
0310695_803F093D0,0
0310698_80FBF8940,0
0310698_810779170,0
031069_80255AC50,0
031074_800A26330,0
031074_8052825F0,0
031078_8026A8C40,0
031078_8032FE4B0,0
031078_804B03AA0,0
031082_8008BE840,0
031082_809B0B700,0
0310832_805A88E60,0
0310844_8118B2D70,0
031086_8006620A0,0
031086_8024E11B0,0
0310888_807D816A0,0
0310889_80D6404F0,0
031088_80076B3C0,0
031091_8006EE530,0
031091_801341300,0
031091_8013F73C0,0
031091_8027CB3A0,0
031091_806D45BE0,0
0310926_813333760,0
0310934_807C05F50,0
0310934_8094D6E50,0
0310934_80B8A3D20,0
031093_802817650,0
031093_8055A77D0,0
031096_800DB8390,0
031097_80BF9D280,0
031098_80E168A10,0
031101_80076E860,0
031101_8032AB820,0
031102_802A20810,0
031102_80D084980,0
0311051_80A16A410,0
031107_80351BE70,0
031108_8010A31D0,0
031108_8121D7F50,0
0311101_808D338C0,0
0311116_80D16ECA0,0
0311119_805232590,0
0311119_8104B8520,0
0311122_80515CD30,0
0311123_808CFBB40,0
031113_801C72A80,0
0311148_807B56600,0
0311148_807B584C0,0
0311153_8042D1BF0,0
0311153_8066DDCD0,0
0311163_805BD1C10,0
0311164_809B79460,0
0311173_80CB83720,0
0311178_8041E47A0,0
0311183_8051D21B0,0
0311183_80E388000,0
0311185_80AD44280,0
0311186_807468910,0
031118_80AEAA140,0
0311198_80AD482E0,0
0311206_80F274E00,0
0311206_811759840,0
031120_8006AB850,0
031120_802447E90,0
031120_804250E00,0
031120_80B7E9CA0,0
031120_8116E20E0,0
0311247_80CBC0500,0
031124_8008D6C40,0
031124_8045B9B80,0
0311257_80E545D20,0
0311257_81268A1B0,0
0311265_809B7E610,0
0311265_80A540030,0
031126_8006AF920,0
031126_80C4EACF0,0
031128_8027C1C90,0
0311293_8056F67E0,0
0311293_805F98130,0
0311293_80755F430,0
0311305_810FA4FA0,0
0311306_809B84DD0,0
0311309_8042BB1C0,0
0311309_80E1E25F0,0
0311316_8042C5B80,0
0311325_80D09B2F0,0
0311327_80AB94FB0,0
031139_8029293E0,0
031140_801375CC0,0
031140_801A21200,0
0311425_80774DCC0,0
0311426_8043499E0,0
0311426_80C248790,0
0311451_8077E21D0,0
0311452_812782150,0
0311475_8043866B0,0
0311478_8083279D0,0
031148_806C9F840,0
0311498_811AE3290,0
0311504_8043B1B80,0
0311514_80C320280,0
0311517_80E3E7C90,0
0311517_813949C70,0
0311530_80DD24300,0
031153_8008475F0,0
0311550_811D926D0,0
0311551_805B1A860,0
0311578_80440FB30,0
0311588_806508D80,0
031159_8006DC2D0,0
031159_800A6C050,0
031159_800CA3850,0
031161_802A160D0,0
031162_808351540,0
031162_809CE8A20,0
031166_8013286C0,0
031166_80E704540,0
0311677_8044CEA10,0
0311691_8085B2B40,0
031169_805016DE0,0
031171_802D82100,0
0311739_812C803C0,0
0311758_811775920,0
0311768_8060046C0,0
031177_800DEFB70,0
031177_801199E10,0
031177_809217BD0,0
0311794_805B5F3F0,0
0311794_80B89C4D0,0
0311833_807B8B310,0
0311835_807BA17B0,0
0311842_80B66F990,0
0311844_8052D8700,0
0311881_80F446C60,0
031188_8008ED1D0,0
031192_805AE7A40,0
031194_80072DB80,0
031195_800B4EAC0,0
031195_802998790,0
031195_80690C190,0
031195_8085B69D0,0
031199_80230B260,0
031199_8032437B0,0
0312133_80F62E4A0,0
0312143_812130910,0
031216_80072C740,0
031216_8028EF910,0
031216_803231E80,0
031216_803EC1A40,0
031218_8011B7190,0
0312193_804796F30,0
031223_803460B50,0
0312267_8047EF870,0
031227_80948D970,0
0312313_80B3454D0,0
0312316_80BDEC9A0,0
0312322_80D556D30,0
0312327_811AA7C60,0
0312333_809F12E90,0
0312333_80C6C37A0,0
031233_801C66B50,0
0312358_80FBEBA10,0
031238_801E11040,0
0312398_8079ACD60,0
031239_800746FC0,0
031239_809367AE0,0
0312402_8048C1F30,0
0312405_8048C6420,0
0312424_8048D97C0,0
0312454_8077AE9A0,0
0312460_80AEA6E70,0
0312460_812EF8AE0,0
0312462_806ACC1B0,0
0312463_8057F27D0,0
0312480_80A6819E0,0
0312480_80B6A3100,0
0312497_804924490,0
0312499_8072357C0,0
0312499_80FB9FEC0,0
031249_800A99E10,0
031249_80130A380,0
0312502_808323D90,0
0312513_814754B70,0
0312515_804DC7FA0,0
0312515_80CBDDCC0,0
031251_801DBE0E0,0
031251_8025B1B10,0
0312522_80494F8A0,0
0312525_8081AC5D0,0
0312531_8079F5C60,0
0312536_804962B80,0
0312538_80AE81F40,0
031253_803431C70,0
031254_805A46790,0
0312561_8054BDAC0,0
0312561_80BF73F50,0
0312565_805FF1730,0
0312567_809F1D7B0,0
0312567_80D93F7B0,0
031256_811BD9990,0
0312573_805F8D160,0
031263_800E00440,0
031263_800EEAB90,0
031263_8073E9F80,0
031265_8007D4570,0
031265_8008C1180,0
031265_801381370,0
031265_80221E460,0
031265_8027D0730,0
031265_808226B30,0
0312695_807FE5FF0,0
0312695_808A48A90,0
0312697_80954E120,0
0312697_80A0BD510,0
031269_8010B61B0,0
031269_802CBC860,0
0312701_80B9D1800,0
0312702_804A62050,0
0312716_804A6E8E0,0
0312716_80B9AFCE0,0
0312716_80BF377F0,0
0312719_80FEAD3C0,0
031271_81283FCD0,0
031274_8042DEEC0,0
031276_80A3921F0,0
031277_8007830A0,0
031278_806A3EEB0,0
0312798_804AEE2B0,0
0312799_8110DE820,0
031279_800785F50,0
031279_802729F40,0
031283_800CD6F90,0
031283_8053DA890,0
0312872_80DF137C0,0
0312872_80F087190,0
031287_800F6FB60,0
031287_8016509F0,0
0312947_8057031D0,0
0312947_80AE10270,0
0312947_80E3185C0,0
0312950_804BA5D50,0
0312953_808A046A0,0
0312971_81471A060,0
0312992_804BD36F0,0
0313014_804BF1080,0
0313018_80BFB9A30,0
0313059_807D3F980,0
031306_8007A6870,0
0313073_80853B730,0
031307_800C1EF30,0
031307_80BC2AF10,0
0313175_804CE6D90,0
0313212_804D1E4A0,0
0313212_8059312C0,0
0313212_808A6B660,0
0313212_812DE67F0,0
0313227_80EE64B00,0
0313228_809F21E60,0
0313229_805165970,0
0313229_808A2F860,0
031328_801CB6FA0,0
0313327_80A034670,0
0313328_8065C54A0,0
0313332_808F866A0,0
031333_8009CCEA0,0
031333_8009E7750,0
031333_8021300B0,0
031333_8093B8950,0
0313341_80A07CCC0,0
0313342_80BC12BE0,0
0313351_80520EBA0,0
0313353_8145E1500,0
031335_80106C510,0
031335_812102D30,0
0313371_805A43260,0
0313372_804E07610,0
0313391_8057131F0,0
0313391_80920D940,0
0313394_812ED2F90,0
0313402_80BF8E2D0,0
0313402_80F7022D0,0
0313411_80B78B7A0,0
0313419_808A528B0,0
0313420_80FEE2EE0,0
0313421_8057C37E0,0
0313438_805F01AF0,0
0313438_8073E5BF0,0
0313438_809C79810,0
0313440_804E5D400,0
0313448_806FDB870,0
031344_8009CACF0,0
0313453_80817A430,0
0313453_809225D20,0
0313455_808EB90C0,0
0313457_8097AFDA0,0
0313478_810D79CD0,0
0313478_810DE9FB0,0
031347_8014A0080,0
031347_80BB88E00,0
031348_8009AE6F0,0
031348_802997220,0
0313514_80BFEA930,0
0313514_8106E97D0,0
0313517_8109FA3E0,0
031351_80236C210,0
031351_8055B0FA0,0
0313522_80A6A6DB0,0
0313535_804ED17A0,0
0313535_80851D940,0
0313542_80BF20490,0
0313546_80B93E720,0
0313551_813AD44B0,0
0313552_8051CA4C0,0
0313552_80D1B7B00,0
0313554_804EE9440,0
0313554_8081A05C0,0
031360_801537C10,0
031360_806835460,0
031360_808700640,0
0313610_813156C70,0
0313646_804F53090,0
0313647_806269340,0
0313647_80BFA7560,0
0313655_80599E920,0
0313659_8143CEE00,0
031370_810F47FE0,0
031371_80730A180,0
031371_813313FD0,0
0313721_805A15EA0,0
031373_8011DC490,0
031373_807EA7410,0
031373_80FE9E700,0
0313742_804FC1B10,0
031378_80BDD5060,0
031379_800C907E0,0
031379_802E7D830,0
031379_803C6A990,0
031381_804456E10,0
0313871_806CBDCB0,0
0313873_80BA159E0,0
031388_8008178A0,0
0313891_811226000,0
0313904_805A43880,0
0313904_807EBD3A0,0
0313905_806430CD0,0
031390_800955FD0,0
031394_800849C60,0
0313954_812C4F9A0,0
0313957_805544060,0
0313960_80C827C70,0
0313960_80D1B9670,0
0313963_808FDD8C0,0
0313967_80DD30F90,0
0313978_805120810,0
0313978_8079F9E10,0
031397_800F58940,0
031397_802EEA470,0
0313983_805125460,0
0313993_80ECBADC0,0
0314005_80BFF5820,0
0314006_80E137B80,0
0314016_81026E560,0
0314021_808059BE0,0
0314021_80CBAC7E0,0
0314022_80D2F6D60,0
0314028_80517BA50,0
0314033_805187DA0,0
0314033_812701ED0,0
0314034_80A9586A0,0
0314035_8053E9EF0,0
0314037_8079F0720,0
031403_80B83AB30,0
031403_80E4AA930,0
0314045_805E146E0,0
0314046_8145DBCE0,0
031404_808ADBD90,0
031405_800EE7320,0
031405_8018512D0,0
0314064_8067344C0,0
0314064_80A64C280,0
0314070_8051B5180,0
0314073_811CD1660,0
031407_801610990,0
031407_8065FDAA0,0
0314084_80BDF09D0,0
0314086_80BEDEE10,0
0314087_8051D58B0,0
0314088_8079CD8E0,0
031408_807194B00,0
0314091_8053070D0,0
0314098_809B07410,0
0314099_808BA1790,0
031410_8008D4C70,0
031410_8064070C0,0
031410_80A682B80,0
0314121_8055A8DC0,0
0314125_807EA9200,0
0314126_8081ACA00,0
0314126_80B0CA950,0
0314142_808D0CE30,0
031416_800B0DB50,0
031416_800B28EB0,0
031416_8025A1A50,0
031416_809C8B1C0,0
031417_8008BB6B0,0
0314182_8098988E0,0
0314187_80525B720,0
0314195_80AEF1330,0
0314195_80BAB1220,0
0314212_80BCB8CE0,0
031422_80E14FBA0,0
0314238_8052A7830,0
0314242_80553D4D0,0
0314244_8081FA560,0
0314251_8052B4370,0
0314275_8052D3980,0
0314277_8052DAB50,0
0314277_807DADBD0,0
0314277_80B8CD640,0
0314277_813B92F60,0
0314278_80D1B4680,0
031427_80D5661A0,0
031427_811ADDDF0,0
0314280_807597530,0
0314296_80B4BE410,0
031429_8039BF9D0,0
031429_809B0C100,0
0314305_806E6B240,0
031430_8017117A0,0
031430_80273C7B0,0
0314319_80D249AB0,0
031431_8008C8440,0
0314321_805749AC0,0
0314323_807878040,0
0314334_8053310D0,0
0314337_8059EE500,0
031433_800C03AD0,0
0314343_8053381F0,0
0314386_8063F9A70,0
031438_801C9F810,0
031438_801DAFA50,0
031438_8032E38E0,0
031438_806C525A0,0
031441_8010ED770,0
031441_801EA38E0,0
031441_8034E19F0,0
0314427_807BEBD60,0
0314448_8070E7570,0
0314448_80C314FA0,0
0314448_80D6235D0,0
0314448_810C89350,0
0314449_8053E6210,0
0314449_8068FE320,0
0314454_812EB6F70,0
031446_8016CB720,0
031447_800AAC120,0
031447_8013B2000,0
031447_80822F600,0
0314496_810FB5530,0
031449_8023038F0,0
0314556_806464560,0
0314558_8089F67C0,0
0314604_813459BA0,0
031461_802C383E0,0
031461_80C7C4F60,0
0314629_80BF69040,0
0314629_80F7D3870,0
0314650_812B98280,0
0314661_805558940,0
0314665_80B653480,0
0314666_805560C90,0
0314666_80871D150,0
0314675_8062C0EE0,0
0314707_80C9C3020,0
0314710_80590C9A0,0
0314711_8055AE5D0,0
0314723_8055CC610,0
0314723_810D9BDA0,0
0314724_80D27C430,0
031474_800F718A0,0
031479_8008DF0B0,0
031479_804291ED0,0
031479_80DC2B520,0
031484_802281610,0
031485_8015677A0,0
031485_811473090,0
031488_800C08B90,0
031488_80AD78060,0
0314907_8056D67F0,0
031490_8009549A0,0
031490_80E0FCA60,0
0314917_805A9B220,0
0314917_80B58D350,0
0314919_8056E9850,0
0314921_8056EB790,0
031492_802EB0510,0
0314933_80D32DFC0,0
0314933_80D4D0330,0
0314935_805705F90,0
0314935_807CD0CE0,0
0314935_80BDBF3D0,0
0314940_80AD49550,0
0314945_807A7FD80,0
031496_800B86420,0
0314989_805749940,0
0314992_80574BB50,0
0315001_80E7757D0,0
0315002_805846550,0
031500_804AFB880,0
0315070_8057D5DB0,0
0315072_809FFC610,0
0315079_808CF70D0,0
0315084_8057EF820,0
0315094_810E643A0,0
031509_80330C0F0,0
0315100_805809980,0
0315103_80580ECB0,0
0315115_80E135C20,0
0315123_80E5F7B50,0
0315134_80B221C50,0
031515_802B05780,0
0315185_80D4E85D0,0
0315190_807886580,0
0315237_813975120,0
0315239_8081B1D80,0
0315248_80600DF90,0
0315248_809EBEDA0,0
0315248_80E73E420,0
0315250_80B93A5F0,0
0315253_8058D5AF0,0
0315253_805A62390,0
0315253_80777F1D0,0
0315253_80B7EDCF0,0
0315253_80F8D8400,0
0315275_80D95B380,0
031528_804603E70,0
0315298_8145D6120,0
031531_801B8E3C0,0
0315329_8063E7830,0
031532_801A3C280,0
031532_80D36FEC0,0
0315330_80D460DC0,0
0315340_80593E7F0,0
0315341_80593E970,0
031534_80171CAE0,0
031534_809C59EC0,0
0315365_805B29370,0
031538_800ACFE10,0
031538_813E73E50,0
0315405_813295ED0,0
0315412_80FE2FE50,0
0315412_8143E77A0,0
031542_805572E50,0
031543_8009F14B0,0
031543_802292070,0
0315466_80C2B8FF0,0
0315466_80D28DCC0,0
031546_80179E160,0
0315476_809B84D80,0
0315487_80F2B4FB0,0
031548_8008E4850,0
0315499_80644A720,0
0315504_805A169A0,0
0315504_80A90C8B0,0
0315536_808330310,0
031553_80F2A4FA0,0
031553_80F6441A0,0
0315542_805A36CF0,0
0315542_80E1B6890,0
031554_807D92B10,0
031554_811386780,0
031554_813B02630,0
0315555_805A4B0B0,0
031555_8012EE0F0,0
031555_80620B690,0
0315571_80C2ADD90,0
031557_80ECE4A70,0
0315580_809BEDF90,0
0315580_80BCB3590,0
0315586_80737BD10,0
0315596_805A7D480,0
0315596_80A0C8DB0,0
031559_80428DBF0,0
031559_809938110,0
0315605_805A8DA70,0
0315610_812EEA4F0,0
0315632_805ABECF0,0
031563_80094B9E0,0
031563_800BC8E60,0
031563_801090260,0
0315646_805AD9730,0
0315647_8093CAA80,0
0315671_809841DE0,0
0315671_80C2E08C0,0
0315677_813AE8660,0
0315682_80657A9E0,0
0315683_80AE03DF0,0
0315685_80A82C5E0,0
031568_808503DF0,0
031568_80ABF8320,0
031568_811054FD0,0
031568_811CAFFF0,0
0315690_80EEADAB0,0
0315696_80A585BF0,0
031569_800E390A0,0
031569_8026F9470,0
0315705_80D333B10,0
0315710_808257500,0
0315711_8079CF4B0,0
0315719_80755D170,0
0315727_806E7B7F0,0
0315741_80A333B60,0
0315743_806F9F640,0
0315750_809EBDEA0,0
0315759_80BEE35D0,0
031575_801477E50,0
031575_801C69900,0
031575_80A652720,0
0315766_805BA52A0,0
0315767_80B58C5B0,0
0315767_80C6C0930,0
0315767_80F9659B0,0
0315767_8121FC870,0
031576_80299FF20,0
031576_80FAC1D00,0
0315770_80D9770A0,0
0315773_80649B590,0
0315773_80DD5FA40,0
0315773_812F2D430,0
0315783_80887B500,0
0315798_805BDCB60,0
0315809_80D16B760,0
0315810_805BF4E60,0
0315810_80825B590,0
0315888_805C91630,0
0315888_80ABFDB90,0
0315890_805C939A0,0
0315925_806A3D700,0
0315927_805CD0D40,0
0315927_80B697420,0
0315930_811D2AF50,0
0315931_805CDA750,0
0315931_80A88B060,0
0315933_805CDC760,0
031594_803A26910,0
031596_802279DA0,0
031596_80304B370,0
031596_80952EBE0,0
031604_807EBA020,0
031606_800F67B20,0
031606_8011DC3F0,0
031607_805CDA130,0
031607_80C818F80,0
0316104_80A0397C0,0
0316107_80B033240,0
031610_8032528E0,0
0316136_805E08180,0
0316139_80C0A6970,0
031615_800C700B0,0
031615_8041C8CA0,0
031615_8128D8320,0
031623_8014AD420,0
031623_811086540,0
0316244_810451780,0
0316263_80A58A500,0
0316275_807623B10,0
0316275_80DA75290,0
0316293_805EC0FE0,0
0316323_8124535D0,0
0316370_808C3BD80,0
0316370_812F9E0E0,0
031641_800A4C2A0,0
0316433_81332C930,0
0316438_80BD62AC0,0
0316440_805F95440,0
0316440_8075EBE90,0
0316445_805F9CFA0,0
0316506_80D2CAC40,0
0316510_80600E9A0,0
0316516_80BF76040,0
0316519_80601DBC0,0
0316519_80E2042A0,0
0316519_8116C5CF0,0
0316522_806020090,0
0316524_80F3DFBE0,0
0316531_80ACC8D70,0
0316541_808D3E720,0
0316541_813A26920,0
0316544_8139CB100,0
031654_801C6DCC0,0
031654_802CBC8B0,0
0316554_812F2BB20,0
031655_8015787A0,0
031655_801867540,0
031655_80223B6B0,0
0316570_808E53560,0
0316570_80D153320,0
0316574_80DDF31C0,0
0316577_806071460,0
031658_800AABF90,0
031658_800F25030,0
031658_80181A790,0
031660_800C86AE0,0
031660_801B8D1A0,0
031661_809549C80,0
031663_8012779E0,0
031665_8009A1B90,0
031665_800AA7A20,0
031665_8010F9CE0,0
031665_8018B4AC0,0
031670_8118EB370,0
031671_809740C40,0
031671_80A662410,0
031672_803350680,0
031672_807794B30,0
031672_807B5CA50,0
031673_801B58D80,0
031673_8033FE340,0
031673_80808BCA0,0
031676_800B67AC0,0
031676_801EC5580,0
031676_8024E1BA0,0
031676_80AF0FB90,0
031676_80BBEC400,0
031679_81250FC80,0
031685_800D56790,0
031685_806C20180,0
0316916_806246A80,0
0316939_8083E5DB0,0
0316939_80B8D0B40,0
0316939_80F7CCDC0,0
0317010_810F5B280,0
0317017_8062C0750,0
0317023_80BC2FDD0,0
0317023_8143974C0,0
031703_808093180,0
0317053_8062E5E00,0
0317053_80C2DFBD0,0
0317094_8099EECF0,0
0317097_80AF2BFC0,0
031710_8021882B0,0
031710_8026BE410,0
0317219_8063DA0D0,0
031723_808EC79D0,0
031724_8013BC640,0
0317253_806A52460,0
0317260_8077D7A10,0
0317281_8134FE020,0
0317290_811F92AA0,0
0317304_80B6C8CC0,0
0317304_80D638C00,0
0317307_80A0DE3C0,0
031734_802F4ACF0,0
031734_80E2EE2E0,0
031735_8010504C0,0
0317398_80F95C780,0
0317408_8079E8510,0
0317409_808338620,0
0317409_80B3C6F60,0
031740_80107E4F0,0
031740_804E3BC20,0
0317410_80DDCAE30,0
0317416_8132A8240,0
0317419_80650AC20,0
0317479_813154330,0
0317480_80BF5FD10,0
0317487_80E4AA0C0,0
031748_801212DA0,0
031748_801C0C250,0
031750_800A1D340,0
031750_804A5D650,0
031750_812536970,0
031752_801063B60,0
031752_8022879D0,0
0317564_808E86D30,0
0317564_80E1B7420,0
0317566_8091D14B0,0
0317566_80D467470,0
0317571_8077D7A60,0
0317575_806606380,0
031757_809785360,0
031760_800A3EB20,0
031760_8020A2DB0,0
031764_80169B9A0,0
0317677_80668F610,0
0317696_80C3E4020,0
0317696_8145AC860,0
0317700_80E5E9840,0
031772_807A0B140,0
0317731_8066DE7D0,0
0317731_80ACD1F20,0
0317733_8066E1A80,0
0317733_811FC3610,0
0317733_813828A30,0
031773_80B5F95A0,0
0317749_8066F2830,0
0317749_806850BE0,0
0317755_80BF90D40,0
0317761_80F7D11B0,0
0317761_8132AF850,0
0317767_80D5242E0,0
0317773_807BEE3A0,0
0317774_80D405B90,0
0317779_80671F120,0
0317788_808F2B200,0
0317788_80C843DD0,0
0317788_80CD996E0,0
031779_800A68FC0,0
031779_801E3E0D0,0
031779_8043BE0F0,0
0317809_80D1B8D70,0
0317815_80675D7E0,0
0317815_80A335250,0
0317816_807CF0A20,0
0317816_80AEBE030,0
0317822_809C3B080,0
0317824_8103D3640,0
0317826_80DECAF50,0
031782_800A4CCD0,0
031782_802BBBC20,0
031782_810A40A50,0
0317835_80EAEB960,0
0317835_81039B5E0,0
0317836_80BDE5B50,0
0317855_80A829760,0
0317855_812739EF0,0
031786_800A89EC0,0
031786_800E2BB90,0
031786_801273880,0
031786_80B8A9F70,0
031786_80BDE5660,0
031786_80F3C9450,0
0317870_80B84A680,0
0317876_8067B67E0,0
0317876_807644640,0
0317887_807C16890,0
0317890_80FF1B1C0,0
0317901_80B67DD50,0
0317903_80DCF7C50,0
0317903_810E6FA60,0
0317910_8118DFAE0,0
031793_801628830,0
031793_80225D420,0
031793_806C10730,0
031794_80290F350,0
031794_805BB29A0,0
031794_80FE36A00,0
0317957_8081EA7F0,0
0317957_80EA69E50,0
0317971_80FDA3580,0
0317973_80685A950,0
031798_800A69B50,0
031798_800D3D3F0,0
0317992_811B15570,0
0318005_8097BE1E0,0
0318037_8068C98E0,0
0318045_8079328C0,0
0318046_8069B2FC0,0
0318057_8068E5F90,0
0318064_80AEEE460,0
0318065_8079979C0,0
0318065_8088EDFE0,0
0318076_808F45B10,0
0318076_80A026980,0
0318077_8085B5170,0
031807_800A6F3C0,0
031807_8012415B0,0
031807_8030CC6A0,0
031807_80342EDE0,0
031807_804799280,0
0318094_812214190,0
0318101_81255F750,0
0318103_806933040,0
0318108_80693E870,0
0318118_809BC1740,0
0318118_80D9C25B0,0
0318123_80EC0A3C0,0
031813_80E023E10,0
0318141_807221E50,0
0318143_80698F780,0
0318157_807359F10,0
0318162_80F9CC910,0
0318168_8075F60A0,0
031816_800A8BFA0,0
031816_801839550,0
031817_812EFD3A0,0
031817_813141B40,0
031819_80176CC80,0
031819_80CD45CB0,0
0318212_8079FCA00,0
0318219_8069F0490,0
0318219_806FEC750,0
0318219_807C8E3D0,0
0318223_80D736900,0
0318270_81289BE10,0
0318276_80C2BB5D0,0
0318287_806C51EB0,0
0318298_806E8B3F0,0
0318301_806A66990,0
0318324_807B186F0,0
0318325_808551280,0
0318325_80AFD70F0,0
0318345_806A9D6F0,0
031836_806E97500,0
031839_800C77530,0
031840_811AC29A0,0
031842_800E6F740,0
031842_801F4AC50,0
031842_8069051B0,0
0318433_806B1F7E0,0
0318433_8091E5150,0
031843_80142C1C0,0
031844_800AA65A0,0
031845_800B94550,0
031845_8014B3810,0
031847_80EBF3AF0,0
0318490_806B75970,0
0318512_806B90C70,0
0318541_80F7D3CD0,0
0318611_81253B9E0,0
0318611_81270B5F0,0
0318613_8132AC680,0
0318635_808A67230,0
0318668_806C6CB60,0
031867_800CDDE20,0
031867_800DEE3A0,0
031870_801B7CB00,0
0318713_809317CC0,0
0318718_81121B310,0
031871_806242A20,0
031871_813A91590,0
0318721_808D02130,0
0318724_80A9002D0,0
0318736_80C38CD20,0
0318737_80DC53C00,0
0318744_8117BB7A0,0
0318757_806D0F280,0
0318757_80FD9E850,0
031875_8014C1FE0,0
031875_8102A50E0,0
0318764_806D1A310,0
0318764_80F2D68E0,0
0318765_80D7CF430,0
0318766_80DFFB080,0
0318767_8081AB650,0
0318773_80AB26BA0,0
0318777_80F955170,0
0318804_80F8AED00,0
0318806_806D55E20,0
0318808_813A92CC0,0
031880_807B281A0,0
031882_80B54F820,0
0318854_806D98710,0
0318854_80AEEC370,0
031885_8024FE110,0
031885_80A0A2700,0
0318905_8108511C0,0
0318908_80857FF50,0
0318909_80D30AF40,0
0318911_807D81130,0
0318911_812EEA450,0
031891_8010550C0,0
0318928_80730E9A0,0
031893_800AED600,0
031893_8014B0D80,0
031898_8034F6740,0
031899_8005EA5C0,0
031899_80736A420,0
0319009_806E6F550,0
031900_801D45FD0,0
0319019_80BCCECE0,0
0319038_806E902D0,0
031903_801709B40,0
031903_804972990,0
0319045_80C5ECB60,0
0319111_807D8ED50,0
031915_801AD9AA0,0
031915_803236CC0,0
031915_806318B10,0
031916_802551900,0
0319249_808989470,0
0319249_809922D40,0
0319249_811CC2B50,0
0319249_812EACBE0,0
0319249_81471BBA0,0
031924_802EDBBC0,0
031924_8082AE6C0,0
031924_80BDD9840,0
0319251_806FDCB70,0
0319257_8065ECA70,0
0319257_80777A190,0
0319257_809932FC0,0
0319259_808D1FA10,0
0319263_806FE8C80,0
031926_8024B2EE0,0
031932_80FF5A060,0
031935_802323630,0
0319386_80C7C8B90,0
0319387_80C25B360,0
0319387_8139C27B0,0
031938_80A7248A0,0
0319396_80708B730,0
0319396_807FF3480,0
031942_8015532C0,0
031942_805062460,0
0319438_8070C4B80,0
0319438_809009BD0,0
0319441_8070CEB30,0
0319447_80B7E1370,0
031950_812979430,0
031954_8027A3800,0
031954_8094C85C0,0
0319575_811786920,0
031960_802D7B4F0,0
0319650_80A77DD80,0
0319656_807CBCBE0,0
0319656_809938550,0
0319661_80EC57F50,0
0319668_80722E8F0,0
031966_80DCA1C00,0
0319675_811C62C50,0
0319682_80B838EE0,0
0319691_80C484D00,0
0319722_809B0A4B0,0
0319730_8119B0F70,0
0319750_80BDB7870,0
0319750_80FB57AC0,0
0319750_813A4C720,0
0319773_80C32F720,0
0319774_80EC4BF70,0
0319776_8079C9B90,0
0319776_808ADDCE0,0
0319776_80BFF0890,0
0319780_8072D1AE0,0
0319780_80C03B820,0
0319792_80934E7D0,0
031980_8009C1920,0
031980_801396870,0
031980_801C33810,0
0319832_80FA67B40,0
031983_8029AA730,0
0319841_807351170,0
0319841_807D21090,0
0319849_8118BDF80,0
031985_808F084D0,0
031987_802CB7FB0,0
031987_807D2EAF0,0
031988_801647AB0,0
031990_8104963E0,0
0319918_80A030470,0
031991_80121B960,0
0319930_8073E8420,0
0319930_8143C3350,0
0319976_80AC21200,0
0319983_80AA07B70,0
0319986_809B791F0,0
031998_800FE53F0,0
031998_801DDF990,0
0319995_80743B470,0
031999_8018C31B0,0
031999_80AEF4CA0,0
0320014_807458000,0
0320014_811679810,0
032001_8010FE420,0
0320035_810FF20A0,0
032003_8018BD4B0,0
032006_81109EDB0,0
032007_8077CACB0,0
0320085_80E0DD780,0
032008_8027F06D0,0
032008_8128E7D40,0
032010_8128C9660,0
0320120_80BEE2840,0
0320120_81390D450,0
032012_80394A280,0
032012_805FF8A00,0
032014_800F9DBA0,0
032014_80160DE40,0
032017_801B49ED0,0
032017_80BBF3F90,0
0320200_8086BE360,0
032021_800CA90F0,0
032021_802C07840,0
0320222_80AAD87D0,0
0320222_80F28C7A0,0
032022_8068569F0,0
032024_804EDD590,0
0320257_80A9FD740,0
032026_80115B0D0,0
032026_8052E7CA0,0
0320270_80B4B0C30,0
032027_800BB31C0,0
032027_80117B370,0
032027_81419BD40,0
0320298_80F8D4930,0
0320301_80ABCC6E0,0
0320307_80BD5C430,0
0320310_80761DA20,0
0320311_80D6522D0,0
0320329_80C5EFF00,0
0320329_812748090,0
0320341_808A327B0,0
0320368_80D0E86F0,0
032040_800BC8CE0,0
032040_800DD9EF0,0
032040_804E86460,0
032040_8065C8470,0
032041_805CE8B00,0
032044_80103E800,0
032044_801737A30,0
032044_8018FD6D0,0
032045_801A5C190,0
032049_80DAB21C0,0
03204_80126C220,0
0320528_8077404D0,0
032053_80BE27980,0
0320552_80F25C550,0
0320555_80C8BDD70,0
032055_809B0C410,0
032055_8131CFF40,0
0320565_80D4EF6C0,0
032056_81478C5C0,0
0320570_80B580530,0
0320579_80BA0FE30,0
0320588_807791E80,0
0320588_80B654660,0
0320588_811657310,0
0320631_80C2B5B70,0
0320633_8077DA160,0
0320634_80B3AEE90,0
0320641_8103AFEC0,0
0320646_810DC9B30,0
0320660_80780B760,0
0320669_808F749F0,0
0320669_80F95E100,0
0320689_807837030,0
0320689_807B49710,0
0320689_810302EB0,0
03206_800254580,0
03206_8005BE670,0
03206_80072A910,0
03206_80EFF7920,0
03206_812EFC0E0,0
0320706_811AF6B50,0
032073_800BFA720,0
032073_803417A20,0
0320772_8078B0810,0
0320782_80DCC95E0,0
0320789_80FA545D0,0
0320817_807AC1280,0
0320818_8078EF720,0
0320829_80D384630,0
0320834_810971860,0
0320849_80791D3C0,0
0320856_80B785230,0
0320858_807926900,0
0320875_8097B1700,0
032088_801D06890,0
03208_8000F4580,0
03208_800156AF0,0
03208_8006154D0,0
0320902_807972910,0
0320911_80A78FF00,0
0320918_80A0354B0,0
0320924_807999EB0,0
0320928_803D82400,0
0320936_80EC0C380,0
0320938_8079A73E0,0
0320941_807AD4730,0
0320941_80E1A7990,0
0320941_8121A4920,0
0320941_8128C6380,0
0320950_8125FC3F0,0
0320958_80ABB7740,0
0320972_80BE07900,0
0320978_807D0AAA0,0
032097_804D34070,0
03209_80042BC80,0
03209_800457A50,0
03209_800BDC130,0
0321008_812B088D0,0
0321009_808FE4550,0
0321011_807F5A140,0
032101_800C1FC00,0
032101_8012A4D30,0
032103_801CF0D60,0
032103_803521730,0
032103_807941670,0
0321047_8028480B0,0
0321049_80D640DA0,0
0321076_80A75A2E0,0
0321083_807AAD3C0,0
0321091_807ABF860,0
03210_8006BC850,0
03210_8073E49D0,0
0321109_80DF92AF0,0
0321112_80A0CF950,0
0321132_813391C80,0
0321197_80B320810,0
0321198_80EBF79A0,0
03211_80014BC00,0
03211_80049C2D0,0
03211_80059DC30,0
03211_81073AF10,0
0321205_807B54EA0,0
0321205_80B30B9C0,0
0321217_80D13D480,0
0321222_80DE1BFA0,0
0321239_80A06A340,0
0321247_8105B1C30,0
0321248_807BA4DE0,0
0321248_80D371E50,0
032124_8021FD870,0
0321250_80ABF3BB0,0
0321256_80DE0F6D0,0
0321280_80BCE2430,0
0321281_80939C960,0
0321281_80ACB8B60,0
0321283_8081C64B0,0
032128_80CA77C00,0
0321310_8098016A0,0
032131_801643D30,0
032132_800C4BD30,0
032132_8063308F0,0
032132_807D53D60,0
0321382_810E72C90,0
032138_800D9DCC0,0
0321397_807DA8BF0,0
0321423_80DA6B5F0,0
0321428_807CA1680,0
0321428_80A585740,0
0321428_811EA5EC0,0
0321435_812D5FF20,0
0321450_808F04C50,0
0321451_807EBBF00,0
0321460_80A006120,0
0321463_80B4A5270,0
032146_801724AF0,0
032146_80241FBC0,0
032146_808A1C570,0
0321473_8081CDF80,0
0321477_807CE3BB0,0
0321477_81210F020,0
0321485_8112F08C0,0
0321496_807D03760,0
0321497_807D03D60,0
0321516_80B92B7E0,0
0321516_80D2D2B90,0
0321519_80E066BB0,0
0321523_80B865C20,0
0321523_810074A60,0
0321526_812EAB310,0
0321529_812EF7B30,0
032152_80AB16B90,0
0321564_807D82F50,0
0321575_809147E00,0
0321575_80B5787A0,0
0321581_80FF5AD30,0
032158_801DD5A30,0
0321592_80A324440,0
0321592_80AF73A80,0
032160_811D48BD0,0
032164_800C6C450,0
032164_801AA8580,0
032164_8121A2D80,0
032170_80939E2E0,0
0321750_810E952D0,0
032177_801C05F40,0
032177_8128B22B0,0
032178_80212FBE0,0
032180_8013B8AC0,0
0321822_8097617B0,0
0321823_808196B30,0
0321823_80E2D8BE0,0
032182_8021CC0B0,0
0321833_807F3D890,0
032183_807ADFB80,0
032183_8091F5630,0
0321856_8081445C0,0
0321856_80A0C27F0,0
0321856_8139AC860,0
032185_800FE2A80,0
032185_8030BF0E0,0
032185_812568C70,0
0321868_8116AD9E0,0
032189_800C93470,0
032189_80DCF4DC0,0
032189_80DD42B70,0
03218_8029AE200,0
0321941_807FEA940,0
0321941_8093EDA60,0
0321943_80989C530,0
0321944_807FF0240,0
0321948_80F7AC220,0
0321958_80942DF80,0
032195_800E74910,0
032196_8033EB2B0,0
032196_8034F3A20,0
0321981_80802E560,0
0321981_80D6E5A30,0
0321981_811F60CE0,0
032199_800CA1090,0
032199_8018786D0,0
032199_8118B1810,0
0322009_80943DE30,0
0322017_81040CAD0,0
032201_800D7EB70,0
032201_801BBE9A0,0
032201_807AD19F0,0
032201_8109626F0,0
0322020_80805BA80,0
032202_8079AA4C0,0
032202_807ADD470,0
0322034_808FE4640,0
0322034_80DA5CC20,0
032204_800D0CAF0,0
0322077_80809D9E0,0
0322091_812100AB0,0
0322103_8115FA130,0
032210_8075C40B0,0
032210_80B555940,0
032210_80F8D3CB0,0
032213_800CBBD60,0
032214_80170CEA0,0
0322163_8124CE200,0
0322189_811523FA0,0
0322191_8086F8260,0
03221_8002027D0,0
03221_8004F6FF0,0
03221_800745690,0
03221_8010439C0,0
03221_801068810,0
0322217_808163580,0
032221_809F27610,0
0322221_81439A450,0
0322231_801579110,0
0322231_808178080,0
0322238_808E1DDB0,0
0322274_811EAE910,0
0322277_81108C6A0,0
0322280_80E75FAF0,0
032229_800CD04C0,0
032229_809BF6770,0
0322306_810E92490,0
0322316_80EDA6870,0
0322320_80C3ECE30,0
0322325_80AE9F240,0
0322337_813A4A050,0
0322339_80B8E56E0,0
0322341_8082232D0,0
0322342_8082244D0,0
0322356_808233E00,0
0322356_80DD6C490,0
0322356_8126E8CA0,0
0322366_808247840,0
0322373_80C2ACA00,0
03223_801229750,0
032241_80119B900,0
0322455_8113D6D00,0
0322456_80E3CF8E0,0
0322458_813598410,0
0322460_808D3AE80,0
0322460_80B865A40,0
0322468_8082C2090,0
032246_801174E60,0
032246_803C926E0,0
032246_80765FEA0,0
032246_80C2C0B60,0
032249_806FEAD60,0
03224_800FDC020,0
03224_8041FC300,0
03224_80BCB2710,0
0322524_80BBEC450,0
0322524_80D4D0AB0,0
0322524_80E788750,0
0322537_80831EFB0,0
032253_801096B30,0
032253_80DFB05B0,0
0322551_80A749920,0
032258_802818860,0
0322643_8126EDA80,0
032264_80360E4A0,0
032269_8020734A0,0
032269_8021E6B30,0
0322713_80D9AA960,0
0322718_80AAED6D0,0
032273_800D359D0,0
032273_8055A93A0,0
032273_805A8A2B0,0
032273_808C96D00,0
032273_80A1714B0,0
0322760_809FAB830,0
0322764_811074520,0
0322820_8097BC980,0
0322820_80BFBD530,0
032282_807D7CF20,0
032282_813A04790,0
0322878_8088C0CE0,0
032287_8011E13F0,0
032287_8021E6050,0
032287_80773C5B0,0
0322884_80CB83950,0
0322887_80B26BA10,0
0322899_813E73D60,0
03228_8000F0E90,0
03228_8001041E0,0
03228_800555910,0
0322904_8086BA280,0
0322910_80B7EA650,0
0322910_812998780,0
0322912_80BDA35A0,0
0322920_80B7A6470,0
0322920_80D1BDCB0,0
0322927_80D01EE40,0
032293_801499930,0
0322947_80B85D4B0,0
0322955_8085924D0,0
0322955_80BD62340,0
0322957_808D41EB0,0
032298_800D3FDE0,0
03229_800927CB0,0
0323024_80861A660,0
0323024_80CB60AF0,0
0323039_80D51D800,0
032304_8030E5BC0,0
032305_8019FFE60,0
032305_805361F70,0
0323060_80E7A3F00,0
032309_8051527A0,0
032311_800DB8520,0
032311_80D052D20,0
0323141_810E8F0B0,0
0323141_81399F970,0
0323157_80DA3F9F0,0
032315_8030CB820,0
032315_806503690,0
032317_800D4E490,0
0323191_809FE3080,0
032320_80182B6E0,0
032323_80973D8D0,0
0323245_80D0DB4F0,0
0323245_812378060,0
0323249_808791D30,0
0323249_80FDA5740,0
03232_8001AC390,0
03232_800434E10,0
032333_805B1D8D0,0
0323365_80DD09AA0,0
032338_8014EB330,0
03233_800106D50,0
03233_8003E4680,0
03233_80E6FE760,0
0323408_809A353A0,0
0323408_80C213810,0
0323414_80BDAED00,0
0323414_80D524290,0
0323440_80D1C3EC0,0
0323451_8088DD030,0
0323460_80B9ACA80,0
0323471_80D1F3A80,0
0323472_80E829300,0
0323485_80E4D6B20,0
0323485_80ECC8250,0
0323493_80A412850,0
032349_8080A2C00,0
032351_800E4B610,0
032351_800F24D20,0
0323567_80C0AA9C0,0
0323568_808978A90,0
0323568_80B0CCA60,0
0323578_8091D1A80,0
0323579_80D7E5CD0,0
0323582_80E033E60,0
0323590_80B29C8C0,0
032359_8029C0B80,0
0323612_80E582880,0
0323641_8089EB940,0
032367_800FE8F10,0
032367_801102620,0
032367_802129010,0
032367_8022B1B90,0
032367_802D74DF0,0
0323685_80ECB1910,0
032369_801C57C30,0
03236_80083C990,0
0323707_808D034D0,0
0323718_808A75EA0,0
032372_808793830,0
032375_8045BE7E0,0
032375_80BE26A90,0
0323774_808BA8670,0
0323784_80C827CC0,0
0323829_8103BEBF0,0
032384_81244F400,0
032385_8011B0E10,0
032385_80B5390F0,0
032388_801B378F0,0
0323894_810F42C20,0
0323901_80E0FC400,0
032390_800DC3110,0
032390_803B81B80,0
032391_800F492C0,0
032391_801794B10,0
032392_801393F80,0
032393_8093C8A50,0
0323948_810B44B60,0
0323959_810CA79A0,0
032395_801CEF680,0
0323995_80A3601C0,0
0323995_8107D92F0,0
03239_805BD38C0,0
03239_80CD9ED60,0
0324003_808BDF400,0
0324003_809F18FC0,0
032400_80146FBF0,0
032400_806722D60,0
0324044_808C21850,0
0324046_80DD12390,0
0324068_80BE275C0,0
032409_805B9D5C0,0
032409_80AAC86C0,0
032410_8054A9E60,0
032411_80292AE90,0
032412_803C5C3D0,0
0324191_80D805F40,0
0324194_811CE4AB0,0
03241_800145C30,0
03241_80014B200,0
03241_80033B7C0,0
03241_8004BBF50,0
03241_800A4A3F0,0
03241_80199B1D0,0
03241_801D68FD0,0
03241_80272A7E0,0
0324202_80E70EDA0,0
0324205_80FE48440,0
0324205_811A2B5A0,0
0324207_80B28C3D0,0
032421_8013837A0,0
0324225_81172C750,0
0324236_808D463E0,0
0324247_80999E900,0
0324247_80BD72700,0
0324264_80A0EE930,0
032426_80A06CE90,0
0324381_808E08930,0
0324382_80A002560,0
03243_800316A40,0
03243_80D4993E0,0
032441_80C989E40,0
0324439_812801030,0
032444_8043B3B50,0
0324484_808E8E6B0,0
0324485_80A586460,0
0324486_80DA4DCA0,0
0324496_81039B400,0
032450_8006B7960,0
032450_80D1F7AF0,0
0324542_808EDEEE0,0
032454_811EABFA0,0
032456_808784CC0,0
0324573_8116F9220,0
0324582_80BCD7960,0
0324590_808F254B0,0
0324593_808F283C0,0
0324594_8139F7890,0
0324601_809FF0300,0
032460_801809020,0
032460_8026F9BD0,0
032460_81270F5C0,0
0324636_80EC6E010,0
0324647_80E1E2CB0,0
0324652_808F93990,0
0324657_80A3349C0,0
0324657_8134F3D80,0
0324667_808FABBB0,0
0324676_80F7D3820,0
0324692_808FE0C00,0
0324692_8097C1EA0,0
0324692_80BFA6B60,0
0324702_80CB62580,0
0324702_80D3AA460,0
0324779_80A3ECE50,0
0324781_80DE91350,0
0324795_80EDAB0E0,0
032481_8069E63A0,0
0324861_80A002510,0
032486_80171E310,0
032487_809FC5350,0
032487_80A03AAE0,0
032488_801621350,0
032488_80247E2A0,0
032488_802E24050,0
032488_80E359010,0
032489_800E74560,0
032489_801097F50,0
03248_80046D1F0,0
03248_800CA2E00,0
03248_803AE2000,0
0324913_80BA834E0,0
032491_800E77140,0
0324951_8130694A0,0
0325030_8102D6160,0
0325033_8091AD060,0
032503_800E99030,0
032504_802A6B300,0
0325069_80D3C85B0,0
0325075_80B267440,0
0325077_80DFE7BB0,0
0325097_80AEC7750,0
0325097_80D34EFB0,0
0325097_80D73DF30,0
0325109_80921EFA0,0
0325110_809B87E60,0
032516_800EADE20,0
032523_80374C2C0,0
032524_8072E1410,0
032525_80B8A9930,0
0325286_80931FB00,0
032530_806E93090,0
032531_8057B19D0,0
0325327_8113E0AA0,0
0325327_8131200D0,0
0325355_809773210,0
0325361_80A65CFF0,0
0325364_810AF6C70,0
0325370_80A7908A0,0
0325370_810FAAC20,0
032537_8011024E0,0
0325391_8093BB690,0
0325408_80BCD1D50,0
0325410_8093DEF80,0
0325414_8110DC3B0,0
0325415_809458B50,0
0325423_8102DB980,0
0325451_8094205D0,0
0325485_80D3A3800,0
0325493_811CA6CB0,0
0325507_810971810,0
0325530_80948E940,0
032553_800ED8790,0
032553_801089800,0
032553_801BDF9D0,0
032553_806952E40,0
032553_807985000,0
032553_80D4253C0,0
032553_80DAC57A0,0
032555_804332A70,0
032555_806512360,0
0325580_8094C8CC0,0
0325586_8110CDEA0,0
0325587_80DD69100,0
032561_8021FAB80,0
0325676_80B6889C0,0
0325711_80C3532A0,0
032573_80DF34DB0,0
0325797_80C0CFCF0,0
0325797_80DE5B810,0
0325798_80978A630,0
0325802_80D7784A0,0
032580_80231FD10,0
032580_80C160200,0
0325841_80D02CED0,0
032588_803427020,0
032589_801ACA900,0
032589_8059CFD30,0
032589_805CD62E0,0
032592_805715000,0
0325946_80C016DB0,0
032597_801566770,0
032597_810B36230,0
0326019_809725950,0
0326019_8101EE070,0
0326039_80AD42960,0
0326043_811F93540,0
0326049_80DA5E5F0,0
0326078_813613160,0
0326091_810424A30,0
03260_80017E3E0,0
03260_80027B3B0,0
03260_80048E060,0
0326105_8097B18E0,0
0326107_8097B2660,0
0326113_80D103C30,0
0326113_811A8AFB0,0
0326114_809A1BFD0,0
0326119_80DA99421,0
032611_80515D0B0,0
0326157_809803730,0
0326180_80A58ADB0,0
0326200_80EC0F520,0
032620_80D553AF0,0
032622_800F32550,0
032622_801D16AC0,0
032622_80242F360,0
032622_806840270,0
032623_813359230,0
0326255_8098B0F80,0
0326256_80C354FA0,0
0326258_809FA96F0,0
0326261_8126F2EB0,0
032626_808F2F600,0
032627_8030D96D0,0
032627_80AE680D0,0
032629_80DC7A5F0,0
03262_80427C630,0
0326340_80993E910,0
0326341_80993F100,0
0326341_810411E80,0
0326413_80AB739F0,0
0326413_80D109770,0
0326413_810DE1E70,0
032643_800F495B0,0
032643_805AB2AF0,0
032644_805DE5890,0
032645_800F4C8E0,0
032645_801187410,0
0326485_809A20170,0
0326493_809A2F3D0,0
0326499_80DB9F6F0,0
0326499_8147169E0,0
03264_8002ED790,0
0326501_812B870E0,0
0326523_80DA4AFF0,0
032657_80EA39870,0
0326624_8139FE190,0
0326689_809B68170,0
0326693_80AFD9590,0
0326696_809B71CD0,0
0326696_80E80CCB0,0
0326732_80DE6DD30,0
0326734_80FEA37B0,0
0326735_80B8EFD00,0
0326759_809BDBA40,0
032677_80934FA10,0
032678_80246E3B0,0
0326797_80E03F100,0
0326798_80D0411C0,0
0326801_8135FCA20,0
0326802_809C141D0,0
0326860_809C60930,0
0326866_81114A050,0
0326877_809C78D10,0
0326882_80AE96130,0
0326882_81049DCA0,0
032688_8030BE500,0
03268_803122050,0
0326901_81166E230,0
032694_804760D40,0
032696_801E182D0,0
032707_80191CE90,0
032712_801CDE840,0
032712_80311E600,0
032712_804022D10,0
032712_8066332B0,0
032713_80DD6FFC0,0
032714_801F7C300,0
03271_8078D7610,0
032722_804BA6550,0
032722_80C31CF40,0
032724_807A27B30,0
032724_80DEE4B10,0
0327263_8078FC440,0
032727_8020D1D20,0
0327299_809EB9410,0
0327301_80A648E90,0
0327301_80C09F0F0,0
032731_8015EDAF0,0
032731_802AAE740,0
032731_80EFE6430,0
032733_801133EC0,0
032734_8021D5B40,0
0327350_809F143B0,0
0327357_809F20350,0
0327357_80CEE5400,0
032739_800FD2B10,0
032739_802B49510,0
032741_801C187E0,0
032741_807FE27D0,0
0327446_80C401820,0
0327458_80A0DD450,0
032745_8014EC280,0
0327460_80DA2D540,0
0327466_809F9A6C0,0
0327480_80B227870,0
0327498_809FC6A90,0
03274_8003CC8B0,0
03274_800D6F8E0,0
0327517_809FF8DC0,0
0327532_80C9C0A20,0
0327540_8104B0320,0
0327541_80A01D750,0
0327553_80B4307C0,0
0327553_80CAD49E0,0
0327553_8106C4B10,0
0327553_812FE0720,0
0327572_80A060690,0
0327582_81002BFA0,0
0327594_8121BEC70,0
0327618_80A0D2AB0,0
0327626_810401B10,0
0327635_80A0E1090,0
0327651_813BD6250,0
032765_804455890,0
032765_8044563A0,0
032766_802B96E60,0
032768_807A27810,0
032769_80199F7C0,0
032770_80137D920,0
032770_8079C87E0,0
032770_80BF892B0,0
0327723_8118CE890,0
0327726_810757F60,0
0327729_8100603B0,0
032772_800FFCAA0,0
0327731_80A888360,0
0327731_80AFB6600,0
0327753_80F362260,0
032779_80A68B980,0
032781_8089ECA80,0
032782_80EE53170,0
032787_8062EFFF0,0
032787_8069FC9F0,0
03278_80049D3A0,0
032790_804DD0170,0
0327910_811658A70,0
032796_807D03710,0
0327996_80A2EE510,0
0327999_811E67500,0
032801_80121A500,0
0328022_80C2C9B30,0
032803_802F0DFC0,0
032807_8014C1070,0
0328094_80FEA6E10,0
032814_8019BF760,0
032816_8019B7E00,0
032817_8075C9E80,0
032817_80F2AE210,0
032819_807968810,0
0328206_80E7B4CC0,0
0328206_81270DA80,0
032826_805A904A0,0
032828_8016D0010,0
0328290_80A53FC30,0
0328339_81478C520,0
0328344_80A74DD00,0
0328347_81026B200,0
0328353_80A4D8B00,0
0328406_810969AB0,0
032840_80105D9D0,0
032840_805EF0E70,0
0328416_80BDD3E10,0
0328420_80A534510,0
0328423_80B808110,0
032845_801206040,0
032845_801C1C3D0,0
0328462_80BD92B10,0
0328478_80E147650,0
0328483_80A5951C0,0
0328483_80B3BC2A0,0
032848_802524390,0
032848_80A665520,0
0328493_80A5990B0,0
0328495_80E5F3430,0
03284_8001DDC00,0
03284_80265F970,0
0328502_80A5A55F0,0
032852_805826BA0,0
0328542_810E98030,0
0328547_80AC50500,0
032855_8010836A0,0
0328581_812554E20,0
0328606_8103BED80,0
0328606_81417E4E0,0
0328633_80A68ED90,0
0328633_80BB70FD0,0
0328644_80B53BBC0,0
0328650_80A6AD920,0
0328661_80DA6C9C0,0
032868_80AEBF110,0
032868_80CD070C0,0
032869_8032F7A00,0
0328709_80A715720,0
0328711_812EBC9F0,0
032875_80109EA10,0
032875_802981E50,0
0328773_80EC522E0,0
0328776_8113D2A50,0
0328787_80B7CE2D0,0
032878_80DC96F60,0
032879_803788B40,0
032879_80EFECCE0,0
0328810_80BA24D10,0
032881_8010A78B0,0
0328822_813602DA0,0
032885_80131D6A0,0
032885_804E68A20,0
032885_8143B2CA0,0
032888_801AD9810,0
032888_80310D2C0,0
032888_80373F300,0
032889_80A369680,0
032891_801CE0460,0
032891_801E08470,0
032893_80D7C4DE0,0
0328952_80A8214D0,0
0328952_80CB5E040,0
0328961_80A830A00,0
032896_806738020,0
0328977_813A01EE0,0
0329028_80A8921B0,0
0329082_80AE2BFC0,0
0329094_80D2870F0,0
0329096_81231BAC0,0
03290_8002C68D0,0
03290_801D44840,0
032910_801501BD0,0
032914_8015942A0,0
032916_8029D5BD0,0
032916_80AF00630,0
0329186_80B624E40,0
032919_80C8240B0,0
03291_8003D8380,0
03291_8005799A0,0
03291_8006FCA80,0
03291_8024B5110,0
03291_802CD25D0,0
03291_80BDE4870,0
0329219_813314B80,0
032921_802323680,0
032922_801988630,0
032922_802922030,0
032923_8010D4910,0
032924_803D57D00,0
032924_80FEF7030,0
0329253_8111B6610,0
032926_80E65F020,0
032927_80111B3C0,0
03292_803C7D510,0
032934_8021DE060,0
032934_813320050,0
0329388_80AAD2EE0,0
0329388_80B222920,0
0329388_80E4A4840,0
0329388_80E7394C0,0
0329388_8126E5CD0,0
03293_803C95750,0
0329400_80AAE0460,0
0329454_80AB172B0,0
0329454_813315710,0
032945_8028ACD30,0
032945_804916760,0
032945_80850DC40,0
032945_8089C1370,0
032946_8010FA220,0
032946_80158B560,0
032946_80181CD50,0
032946_801B3D180,0
0329497_80AB6DDB0,0
032949_80BD4E0F0,0
0329500_80F828D40,0
0329508_80FBAEBE0,0
0329512_8106E0410,0
032953_808245670,0
032953_80AC964B0,0
0329541_813673040,0
0329565_80ABECDC0,0
032957_80110F3E0,0
0329582_80B58F8F0,0
0329583_80AF09E30,0
0329596_80BCBE830,0
0329601_80AC305E0,0
0329601_8132A9630,0
032964_801D30000,0
032965_8034E76A0,0
032965_80485CB80,0
0329664_8120F20B0,0
0329687_80ACA5920,0
03296_803C5B8C0,0
0329702_812B80A50,0
0329709_80D2C7D90,0
0329710_80ACD57C0,0
0329727_812841200,0
032972_801C3D6C0,0
032972_8024701F0,0
032977_802494A80,0
032977_802E2F9C0,0
032977_811C67D20,0
0329787_812D5F280,0
0329816_80AE1AE60,0
0329835_810F79A50,0
032985_80113AC90,0
032985_802C1F370,0
032985_80C7118D0,0
032989_8014B5C80,0
032991_8023E9580,0
0329922_80ADFEB30,0
0329931_80DF9A530,0
0329939_80E0C92A0,0
0329939_8110CBA80,0
0329939_81148A8C0,0
032996_80BCB12A0,0
0329973_80AE44310,0
032997_803453450,0
0330012_812C7D660,0
033002_801C9F8B0,0
033002_801EA1F20,0
033002_812B888A0,0
033005_803467A70,0
033005_807A38AC0,0
0330103_80AF0CAC0,0
0330104_80C8A3350,0
0330121_80AF33BD0,0
0330121_80D1E67C0,0
0330134_80AF517E0,0
033014_8011649C0,0
033014_801398160,0
0330156_80AF73330,0
033030_802E8AE50,0
033032_811D3A2D0,0
033033_802779380,0
033033_813979250,0
033036_801187550,0
033036_803D3C510,0
0330387_80FE172D0,0
033058_8073C33F0,0
0330599_80D4DBED0,0
0330635_80C1376E0,0
0330653_80B222970,0
0330654_80B2249F0,0
0330658_80DCE9110,0
0330665_811523460,0
0330697_813F87410,0
0330792_810AC8870,0
0330793_80DFEEED0,0
0330793_813E6B4A0,0
033079_8023CDCB0,0
033079_805E149B0,0
033079_806402970,0
033079_80A5A33F0,0
033079_811C82FD0,0
0330808_80B318BA0,0
0330811_80B31B970,0
033081_80B4F31C0,0
033082_8027EC380,0
0330834_80E6AB590,0
0330854_80E3A2B30,0
0330864_80E486640,0
0330866_80B35C010,0
0330890_80DFCA350,0
03308_8001FEF70,0
03308_8005022D0,0
03308_801EF48C0,0
0330907_811A27A90,0
033091_801B5DDC0,0
033091_801EAA4B0,0
033091_80241F580,0
0330923_80CEF5780,0
0330943_80B3BAAA0,0
0330943_80B4559D0,0
0330943_80FEA1840,0
0330943_810DBE4C0,0
0330947_80B3C00C0,0
0330959_81118BD20,0
0330961_80D05CDB0,0
0330961_80D334660,0
0330963_80BEE4D40,0
0330968_80B3D9020,0
0330971_80B3DD520,0
0330974_80FB9C3A0,0
0330983_80C90AEE0,0
0330987_80B3F28B0,0
0330995_80DD10730,0
03309_800A720B0,0
033100_800AF83D0,0
0331018_80B797800,0
033101_803421240,0
0331021_8146F60D0,0
0331022_80B7D2010,0
0331029_8147919B0,0
0331045_80BF2C070,0
0331046_80B4567D0,0
0331051_80DBA1010,0
0331053_80DFCA7D0,0
033106_80175C710,0
033106_80BAC8F70,0
0331087_80B49AC20,0
0331087_80DA838F0,0
0331087_811F424B0,0
0331088_80DE37670,0
0331091_80B496940,0
033110_8011F95C0,0
0331110_80B4B3880,0
0331110_80C844C50,0
033111_802520880,0
033111_8026C7A90,0
0331129_80E0CA200,0
0331129_811765E90,0
0331130_80D7C7990,0
0331130_812C2BCA0,0
0331148_80E686940,0
0331163_80C54EE60,0
0331163_8128CEAB0,0
0331167_80E7714C0,0
0331197_80B942A00,0
03311_80016E680,0
03311_800CA7390,0
0331202_80B535630,0
0331205_80B5387D0,0
0331205_811CB4B40,0
0331212_80B54D7A0,0
0331219_80B557FF0,0
033121_8028043F0,0
0331224_813A10120,0
0331249_80BBF5D50,0
0331259_80B58B000,0
0331259_81159A3F0,0
033128_801891E70,0
0331296_80E122450,0
0331328_80D52F4C0,0
033133_8019D95E0,0
033133_80B8B7EE0,0
0331341_80B60BB40,0
0331347_80B6139C0,0
0331352_80CAC9590,0
0331359_80D5AE550,0
0331359_81172DBC0,0
033136_806070090,0
0331379_80B63BE10,0
0331380_80B63C7F0,0
0331385_8126FC0E0,0
033138_8009BD470,0
0331392_8118EBA50,0
0331395_80B64D160,0
0331398_8102C0C50,0
0331399_80C0A8240,0
0331412_80F205150,0
0331425_8125F5D20,0
0331427_80EC09FB0,0
0331429_80B68B140,0
0331440_80B69C700,0
0331452_80B6B5B10,0
0331458_80BA71E80,0
0331465_80B6C7A20,0
0331465_8104BFB60,0
0331470_80B6CB2D0,0
0331470_80C819160,0
0331481_80B6DD460,0
0331483_80DA69C50,0
0331487_80B6E1000,0
0331493_80B6E7190,0
03314_80033AF60,0
03314_8003D6540,0
03314_80A578310,0
033153_80E0DC9F0,0
033153_811AB36C0,0
033156_803433360,0
033156_8118D45C0,0
0331596_80D290F30,0
0331597_80DCDEBC0,0
0331601_80E91F540,0
0331621_80F63CF00,0
0331655_80BF70B70,0
0331655_80D4904A0,0
0331664_80DDBF570,0
0331670_80D334E90,0
0331671_810426BE0,0
033167_811CC7940,0
033168_8138DF040,0
0331726_80DF213F0,0
0331743_812518F10,0
0331758_81042C440,0
0331770_80DC92F00,0
0331777_80C3BBED0,0
0331777_80CD4B7B0,0
0331779_8106F96A0,0
0331780_80B8952A0,0
0331794_80974BA10,0
0331799_80DADCB40,0
0331804_80B8D59A0,0
0331806_80F2F5100,0
0331825_80D158650,0
0331825_80E0A9F90,0
0331828_80BF6DE40,0
0331839_80B912E70,0
033183_80260E4E0,0
033183_80B8C6580,0
033183_80DAFA290,0
0331843_80B917D90,0
033184_81397BC50,0
0331853_80B9206C0,0
033186_802BDBFC0,0
0331870_80B93A110,0
0331873_80B93E810,0
0331887_80B949800,0
0331889_80B94A6F0,0
0331890_80B94B320,0
0331891_8121652A0,0
033189_801856890,0
03318_800315770,0
03318_8068945A0,0
033190_805A72290,0
0331914_810C26A70,0
0331918_80F7AE150,0
0331919_80B9D8720,0
033191_803D119F0,0
0331920_80B96E660,0
0331935_80E73B080,0
0331936_80ECD4C40,0
0331942_80B989690,0
0331946_807E2AB00,0
0331946_80D479090,0
0331954_811A922E0,0
033195_8012958F0,0
033195_802BF2100,0
0331978_80B9C1C40,0
033200_80ED41D90,0
0332014_80F0AB9D0,0
0332023_80BA1ABF0,0
0332030_811AF1A80,0
0332046_80D249970,0
0332112_80C496AB0,0
033211_8059F22B0,0
033214_8017FD1B0,0
033214_805723FF0,0
033214_80BF8FB30,0
0332177_80C2880F0,0
0332187_80BB30860,0
0332187_80E2FC0A0,0
0332204_8125779E0,0
0332211_80BF33D90,0
0332218_810AD9B90,0
033221_8066BE290,0
0332221_80DA96E10,0
033222_807D1E1F0,0
0332248_811AEC220,0
0332249_8125BFC10,0
0332253_80BB8E0F0,0
0332260_80BB95350,0
0332287_80F269890,0
0332289_80BBC0310,0
0332296_812444110,0
03322_800282090,0
03322_800512270,0
03322_8008644E0,0
03322_8031A5730,0
0332313_80BBE4D10,0
0332346_80BC28ED0,0
03323_80017F520,0
03323_800184C50,0
03323_809547EE0,0
0332403_80BF3CE90,0
0332403_80E66CFC0,0
0332406_80D487660,0
0332408_80BC8B360,0
0332417_80BC9D3F0,0
033244_80971C410,0
0332479_80BCF1A60,0
0332490_80BD058F0,0
033249_8056FC3E0,0
033249_806E61280,0
0332517_80BD1F520,0
0332521_80BD23C50,0
0332581_80DF9C900,0
0332591_812EBB650,0
0332594_80DA504D0,0
03325_80020DB10,0
03325_80C2A7AA0,0
033260_801F654E0,0
0332619_8139A8200,0
033261_80D72DE20,0
0332620_80BDD44E0,0
0332627_80BDE4420,0
0332657_80BE15460,0
0332678_80DCC1570,0
033271_80324EC70,0
033271_8043CA040,0
0332746_80C2663B0,0
0332782_80E01DF70,0
0332794_80D0513B0,0
0332844_810DA4920,0
0332853_80BF296D0,0
0332856_8106FEEB0,0
0332857_811775030,0
0332858_80BF2B9D0,0
0332870_8124E63A0,0
0332872_80F26B280,0
0332876_81096AA80,0
033287_80262B2D0,0
0332891_8093CF940,0
0332915_80CBFB8A0,0
0332916_812E8DC70,0
0332919_8100B9070,0
033291_805313800,0
0332933_813346040,0
0332939_8126A2EC0,0
0332942_80C13EF00,0
0332950_80DE5FD10,0
0332952_80FDBB020,0
0332952_811EAFD30,0
033296_803A0BDF0,0
033296_80E3911B0,0
03329_800F56190,0
0333002_8124623A0,0
0333008_80E3B1B90,0
0333019_80C0504D0,0
0333019_8146F2340,0
033301_80DE2F560,0
0333061_80DFD5C50,0
033306_802408EB0,0
033306_803CFF590,0
033306_808C955F0,0
033306_8093AC830,0
0333079_80FE91F80,0
0333084_80C09D720,0
033310_802E84250,0
033310_80E32A970,0
0333118_80C0CBBD0,0
0333119_813082FE0,0
033312_802010DE0,0
0333136_80F3DD130,0
0333137_80C0E2ED0,0
0333137_80F7D4090,0
0333137_81073EB20,0
0333141_80D2694A0,0
0333152_80C2BCDD0,0
033315_801D04F10,0
0333162_811C26E30,0
0333165_81330DAB0,0
0333171_80C1134C0,0
0333171_81421D5E0,0
0333176_80F892270,0
0333189_80ED41720,0
03331_80018A1A0,0
03331_8005753C0,0
03331_800E003A0,0
03331_80117ADE0,0
0333200_80C133910,0
0333202_80E12E9F0,0
0333215_80C146E10,0
033322_80720DC10,0
033325_801C6A830,0
033325_8026CDCE0,0
033325_803EA80E0,0
0333344_8102BC2F0,0
0333362_81102A070,0
0333370_80C362E80,0
033338_813992750,0
0333399_80DA99510,0
0333409_80C256400,0
0333409_812B701C0,0
0333433_80E5EE420,0
033343_802415300,0
0333456_80D7ECDD0,0
0333488_80D11EDC0,0
0333500_80C314770,0
033350_810DF5BC0,0
033351_8077E6080,0
033353_807578C20,0
0333542_80C35FA10,0
0333549_80C368A20,0
0333557_80D732750,0
033355_80329E430,0
033355_811BE06F0,0
0333577_813095BE0,0
0333577_813BD7240,0
033363_804606F90,0
033366_8013807C0,0
033366_80BCCE640,0
033369_80DFB5000,0
0333724_80C6B5290,0
0333733_8140C4110,0
0333750_81313DCA0,0
033375_8043A9EE0,0
0333770_80D5439B0,0
033378_802473D70,0
0333863_812C8AD30,0
0333864_80C5419E0,0
0333884_812996DA0,0
033392_8013AD8F0,0
033392_802D2B9A0,0
033392_808F83BE0,0
033392_80DE66C70,0
0333955_811224A60,0
033396_801CB1C00,0
033397_801CCA2F0,0
033400_8045B8CD0,0
033400_8045DD0E0,0
0334019_80E3C3700,0
0334026_811628C80,0
033405_8013CBA60,0
0334152_80F842240,0
0334163_80C7025F0,0
0334174_80DDC26D0,0
0334179_80D2E7990,0
033417_804F6F4B0,0
033420_801565340,0
033420_80F704750,0
0334280_80C796560,0
0334293_81107F700,0
0334321_80C7D46C0,0
0334322_80C7D4890,0
0334335_8143AE4F0,0
0334344_80D57FB00,0
0334346_8130D4340,0
0334349_81306E900,0
0334351_8141A22A0,0
0334370_8103FA3B0,0
0334382_80C82A090,0
033441_80637BBB0,0
0334444_80C888040,0
0334448_8128EE560,0
0334450_80C9CE3B0,0
0334450_8105C6970,0
0334457_80C8A5D80,0
0334463_80C8B4680,0
033446_8020A1D10,0
0334483_80C8C6E70,0
033448_801C82BA0,0
0334498_80D0336C0,0
033451_80282DCE0,0
033452_801408A00,0
033452_801C7D740,0
033452_8020D4480,0
0334536_80C907D00,0
033454_801413D60,0
033456_801418C00,0
033456_8015D77F0,0
033456_8031F0F70,0
033456_8058D40E0,0
033456_8118DCD80,0
033465_80B601890,0
0334680_80DA602F0,0
0334681_80D4BAF20,0
03346_8002D5B70,0
03346_80035D800,0
03346_802D35D60,0
033471_800AF9AC0,0
033471_80187F010,0
0334768_80CA27550,0
0334768_811155D80,0
03348_8019C9960,0
0334938_80CB63AA0,0
0334987_80CBC2190,0
0334991_80F7CD660,0
0335008_80CBD7E20,0
0335008_8139750D0,0
033500_803A277A0,0
033500_80D4C2CA0,0
033500_8130CAA10,0
0335018_80CBE00D0,0
033501_801C384A0,0
033501_804D133C0,0
0335074_80E351A00,0
0335074_81289C650,0
033507_8016F5650,0
0335110_80CC65880,0
033513_8014A2C10,0
033513_801A2A3B0,0
033521_801CCBB60,0
033523_801C6DD10,0
0335261_80E143CF0,0
0335262_80DEFE0E0,0
0335264_80CD49E40,0
0335267_813A0FFE0,0
0335267_813FE3910,0
0335293_80F644C70,0
0335296_80CD7B160,0
0335296_812F290E0,0
033532_80168CB50,0
033532_802902540,0
033535_801F983D0,0
033535_8028CE3C0,0
033537_8069A9BF0,0
033537_808085EF0,0
033537_8084839F0,0
033541_801D32500,0
033542_8014D3590,0
033542_8041ABAE0,0
03354_803CEB7B0,0
033552_8085BBA80,0
033553_801C7A6F0,0
033554_802641990,0
033554_80432B280,0
0335551_80CEF3CE0,0
0335553_80D4B1BE0,0
0335600_811C88470,0
0335627_80E000AD0,0
033563_8014F44B0,0
033564_81056E2F0,0
0335709_80D28C280,0
0335716_80D1CF940,0
033571_81276AC30,0
0335726_80D00CDB0,0
0335726_812B7C1B0,0
033572_801506AF0,0
033574_8067DA5E0,0
033574_812486640,0
0335752_80D031400,0
0335755_81233B9D0,0
0335757_80D801E70,0
033575_80940CAA0,0
0335793_80EBEF9C0,0
0335795_80FBA4800,0
0335835_80E058420,0
0335838_812CCD880,0
033583_8060559E0,0
0335840_811148020,0
0335858_80E32ED90,0
033585_802D888E0,0
0335863_80D100C90,0
0335868_80D107C90,0
0335875_80E1AFE80,0
033587_801631520,0
0335904_8123369A0,0
0335919_8116F2480,0
0335936_81048FDB0,0
033594_8020A3210,0
033594_802127C60,0
033594_806894290,0
033594_809BC7E20,0
033594_80A1C8FD0,0
033594_80FBB0360,0
0335956_80DCC72C0,0
0335976_811CBF1A0,0
033597_801585AF0,0
0336016_80D20B8A0,0
0336018_811DEA320,0
0336034_80DCDA230,0
0336089_80D376FE0,0
03360_80126B340,0
0336101_80D28F530,0
0336107_80EB7B330,0
0336154_80D2D51D0,0
0336156_81331ED90,0
033615_801875FA0,0
033616_80275A590,0
033616_8075ABA70,0
033616_80968B700,0
0336171_812B99B60,0
0336175_8100ABB80,0
0336177_8131AD300,0
0336193_8128164E0,0
033619_8072CF8C0,0
03361_8002A7480,0
03361_80D53C1D0,0
033622_801269DD0,0
033622_811D452B0,0
0336245_813A22110,0
033624_8021F6440,0
033624_80AB24060,0
0336277_810409020,0
033627_812306280,0
0336287_813A98BA0,0
0336288_80FE3D220,0
0336288_810380640,0
0336290_808B1E7C0,0
0336290_8133DED50,0
033629_80264EE30,0
033629_80B6BC5E0,0
0336314_80FC262B0,0
0336317_80EC03870,0
0336338_80D3F3950,0
0336341_80E145660,0
0336351_8126D7830,0
0336368_812A67190,0
0336368_814216830,0
0336377_8132F7870,0
0336398_80D44EC60,0
033640_8045D6740,0
0336438_80D4932A0,0
0336451_80ECDBED0,0
0336488_80D4FB850,0
0336509_80FB85800,0
0336514_80D522A20,0
0336542_80D95DAB0,0
033654_80372A820,0
0336555_80D5566E0,0
033655_804392030,0
033655_807D0A790,0
0336565_80D55C780,0
0336590_811193050,0
03365_800418BD0,0
03365_808D2F450,0
033663_806C16F20,0
033668_80656CB20,0
0336698_8110100F0,0
0336707_80D639470,0
0336710_80DA61180,0
033671_801C55EE0,0
0336759_810C29130,0
033675_804207AE0,0
033675_806CD2E40,0
033684_8024127B0,0
033684_80651A470,0
033688_80DEC2EE0,0
0336918_80D7D2A70,0
0336918_810315100,0
0336946_80D7FDA60,0
0336948_80E02AC60,0
0336948_80E318660,0
0336958_80FCC3A20,0
033696_8019C67E0,0
033696_801E26960,0
03369_80049EEC0,0
03369_80081E440,0
03369_808FB3550,0
03369_80A401E30,0
033701_8088D0E10,0
033701_80A0CEEA0,0
033701_80DA86FB0,0
0337020_80D8877D0,0
0337027_80D892850,0
033707_804A645B0,0
0337096_8111568F0,0
03370_8001FA950,0
03370_80020AAF0,0
03370_8009ED140,0
0337133_81395C4D0,0
0337142_80D9381C0,0
0337143_80D939CB0,0
0337145_80D93A910,0
033715_80EC316C0,0
0337165_80D94FC10,0
033716_8062F1230,0
0337175_80D963630,0
0337175_80FFC20B0,0
03371_80135DE50,0
03371_802D2FD30,0
033720_80BF31BA0,0
033724_806781240,0
033725_8034693E0,0
033725_80D953140,0
0337263_80D9EF300,0
033730_8066E90C0,0
0337335_8111EAD40,0
0337357_80DD0F4D0,0
0337357_80DE97AE0,0
0337369_80DA862E0,0
0337383_80DAAAE50,0
0337390_80DABA250,0
0337396_811E65DE0,0
033739_8019982F0,0
033739_808665620,0
033739_80D03A2E0,0
0337403_811F01E80,0
0337405_8132EE8B0,0
0337416_810B4CE30,0
033745_801CFB310,0
033745_805196640,0
033745_8077F8F00,0
033745_80E3132A0,0
03374_800153420,0
03374_80093DD00,0
033753_807306AB0,0
0337552_80DB9CE10,0
0337557_80EC35460,0
033755_803A93B10,0
033757_8030633E0,0
033757_803586810,0
033763_8066A6F60,0
033765_8094235C0,0
033766_801FC76E0,0
033766_8021218E0,0
033766_802E5E500,0
0337692_80DDD3010,0
03376_812F9D2C0,0
033770_801725A50,0
033770_803A2ABC0,0
033770_805BDC610,0
0337723_80DC9CEC0,0
033772_805BCD990,0
033772_80ACBBB10,0
033772_80C2BCCE0,0
033773_80B7EF2D0,0
033775_804272430,0
033776_8091D5890,0
0337779_80FE31080,0
033777_801882FF0,0
0337799_80DD13BA0,0
033780_803EE3650,0
0337815_80DD301D0,0
033783_80D0611B0,0
033785_802B2F240,0
033785_80D321FD0,0
033789_8022DAAB0,0
03378_80032ECC0,0
03378_802870010,0
0337907_80DFDA8A0,0
0337919_81075FAE0,0
0337941_811AAE0B0,0
0337990_80DE4CF70,0
033800_806554610,0
0338035_8139263C0,0
033806_802B57520,0
033806_804452340,0
0338074_80DEFE2C0,0
0338074_8130F1200,0
0338091_80DF171C0,0
0338099_80E1D5540,0
033809_811A93A20,0
033810_813A8FD30,0
0338123_80ED043A0,0
0338123_813322BE0,0
0338126_80DF4B610,0
0338146_80DF6E6B0,0
0338148_811132F80,0
0338153_80DF76140,0
0338184_80DFA36C0,0
0338197_80DFC3130,0
0338197_8124F2210,0
0338210_80E2D5E60,0
0338221_8126EA540,0
033824_801BD5310,0
033826_80189D530,0
0338290_80E065F90,0
03382_800F6DA50,0
03382_811457270,0
0338305_80E081200,0
0338307_80E083730,0
033831_80281D450,0
033833_801F53950,0
0338372_811107020,0
0338399_80E0FDBA0,0
033840_8020F25C0,0
0338427_80E31F4A0,0
0338429_813589D40,0
0338433_80E6E7C20,0
0338438_812BCC330,0
0338442_80E144410,0
0338459_8121A5E50,0
033847_80A035500,0
0338513_80E1D2010,0
0338516_812196050,0
033851_80B790A30,0
0338539_8117039B0,0
033856_8016A7890,0
033861_80247F3B0,0
033861_80B494EF0,0
033864_801FC6B20,0
033864_802BEF330,0
033864_80679A4E0,0
033864_807F2BB50,0
033864_80ABE1150,0
033872_801E5DA30,0
033872_80B4F3760,0
0338770_80E3549C0,0
0338778_810759FF0,0
0338835_813362380,0
0338837_8135CBFB0,0
0338868_80E3E8FC0,0
0338869_80E3E9790,0
0338872_810C2A550,0
033892_80239A3E0,0
033893_80171C950,0
033894_8016D32E0,0
033894_810022CE0,0
033898_8016D5B70,0
033898_80A693520,0
0338995_80E4A1E70,0
033914_802888C20,0
033914_809424E50,0
033918_8029109F0,0
033918_804265700,0
033923_80E7A5BD0,0
0339260_80E5F0FD0,0
0339260_80EC4FE00,0
033927_801763F50,0
0339287_80E616800,0
033928_801989690,0
033928_81308F990,0
0339293_80E61D0B0,0
033929_8016FD910,0
033929_80600C860,0
033929_80D633280,0
0339327_810719350,0
0339328_80E644F60,0
0339335_80E650120,0
033933_805CA2670,0
033933_810D7BE00,0
033934_80C09BF20,0
0339374_812185100,0
0339384_810D8B130,0
0339386_80E68DB10,0
033939_80170B000,0
033940_803253B90,0
033940_806E8E080,0
033940_80E063490,0
033940_810B03180,0
0339433_80E89D160,0
0339433_812BA5320,0
0339439_80FCB6390,0
0339455_813FD4B20,0
033945_80341EFF0,0
0339478_810577DA0,0
0339488_80E750110,0
033948_80D0D5A70,0
0339497_80E755170,0
033949_80539BC60,0
0339536_8124823D0,0
0339551_81217F1F0,0
0339560_80E7B3850,0
033959_80A5EF150,0
0339604_80E7EDC50,0
0339604_811456D80,0
033962_8082F1E90,0
033962_80C903730,0
033962_80E6FCEF0,0
033963_805932D60,0
033963_80B346480,0
033982_803C6A9E0,0
033985_805163870,0
033991_8088BD620,0
0339921_8117CEFE0,0
033993_804D339E0,0
033997_801774E30,0
033997_8041D8520,0
033997_8043B7C10,0
033997_804E58F80,0
03399_800261D70,0
03399_802AA56F0,0
03399_8062C2360,0
034006_803AF6F40,0
034012_80228DC10,0
034012_8055AEA70,0
034018_801AA8200,0
034018_80372FE20,0
03401_8002B5CF0,0
034020_8094318F0,0
034021_801AF2470,0
034021_808321300,0
0340247_80EBA7D40,0
0340253_813A1EF20,0
0340264_80EBB7350,0
034026_8022B2880,0
034026_807FCB5C0,0
0340279_80EBCC580,0
0340300_80EBF76E0,0
0340301_812212610,0
0340332_80FEEE9C0,0
0340336_81396BBC0,0
0340338_80EC2F270,0
034034_8098BC7F0,0
034035_80247F6D0,0
034035_8072BC630,0
034035_80C79A500,0
0340364_8130594C0,0
034036_803EE4FD0,0
034038_80179ABB0,0
0340424_80ECB19B0,0
0340424_81040BC20,0
034042_809FD6410,0
034043_807585B20,0
034043_80DA59870,0
0340451_8135F3300,0
034046_8017A3950,0
0340497_80ED29270,0
0340497_8134FDF80,0
034051_8025B7370,0
034051_8044524D0,0
0340521_80ED4E340,0
0340531_80ED551B0,0
034059_80AE01E30,0
034061_801E376E0,0
034062_806C208B0,0
0340641_8127386F0,0
034069_8021C6610,0
0340725_811BDA720,0
034072_804960D30,0
034084_8017D1F40,0
034084_80893C7C0,0
034089_803582EB0,0
034089_808FC9590,0
03408_80048B280,0
0340908_81076CED0,0
034092_8021C7800,0
034093_807D7CE80,0
0340996_80EFF9F00,0
034102_80C271F30,0
034103_802592BF0,0
034104_802A69BF0,0
034108_80DCEE7C0,0
0341135_80F0B70C0,0
034114_811D1B9A0,0
034117_813A9ADF0,0
034118_801CDE0F0,0
034118_80220E3F0,0
034118_80283FC80,0
03411_805B6A7A0,0
034121_806888330,0
034125_8033C1120,0
034125_8071FE900,0
03412_80020B600,0
03412_802CEC480,0
03412_80746D230,0
03412_80A690DF0,0
0341372_812FA1250,0
0341386_810AE73A0,0
0341399_80F261D20,0
034141_8018365F0,0
0341457_80F2B8B60,0
0341461_80F2BD290,0
0341468_80F2C28D0,0
0341469_81232EDF0,0
034146_80AA0B460,0
0341474_80F2CA5A0,0
0341478_80F2CEF50,0
034152_80184E410,0
034153_80495A550,0
034155_80C6C7A20,0
034156_8132EDC80,0
034161_801B2ACA0,0
034163_808210900,0
034163_811002030,0
034165_802964C50,0
034169_802FA7550,0
034169_804028AB0,0
034169_8069851D0,0
034177_80AE9C250,0
034180_8023F61E0,0
034181_801880700,0
034187_80D3E9CE0,0
0341890_80F50FD00,0
03418_80372E1F0,0
03418_809B50420,0
034190_806CFBFB0,0
0341914_811238920,0
034192_801973C90,0
034192_802C55AB0,0
034192_8032E51E0,0
034196_804604FB0,0
034197_804090A60,0
034200_801CB5530,0
034200_80BFD1520,0
034206_808982AD0,0
034206_80B6CADE0,0
0342085_810D0A910,0
034209_8018973C0,0
034209_802E269A0,0
034209_807AE30E0,0
034211_80288BBA0,0
0342370_80F7FC1D0,0
03423_8114646B0,0
034240_8052BE8F0,0
034241_80232C6F0,0
034244_806CA7520,0
034249_803566010,0
034249_807829FE0,0
0342598_80F96DB20,0
03425_805230320,0
0342601_812B0BB90,0
034261_802C102E0,0
034261_806922900,0
034262_801DDE910,0
034264_801C23A50,0
034264_801D99DD0,0
034264_802617870,0
034264_80437F7C0,0
034264_80D4D7870,0
034264_80EC0A550,0
0342658_8126B5C50,0
03426_80021C6F0,0
03426_800402CA0,0
03426_8004B9580,0
03426_8007D71B0,0
03426_800E8B980,0
034272_806960A50,0
034272_80EF30920,0
034275_801C7CB30,0
034277_80680A7C0,0
034282_805FA2D30,0
034282_80721AEA0,0
034286_8043D6B70,0
0342881_80FB78940,0
0342904_811097060,0
034290_808581A30,0
0342912_80FB9F6D0,0
0342917_80FBA2FE0,0
0342926_80FBB3520,0
034292_809AEBD50,0
034292_8133798C0,0
0342946_80FBCC190,0
0342947_80FBCC400,0
0342967_810DB07B0,0
034297_801EA7E70,0
034297_8088B3DD0,0
0342995_814820E60,0
0343006_80FC16B90,0
034302_802549770,0
034302_802BE0B00,0
034302_813A9E580,0
034311_8030CEB10,0
034312_812590450,0
03431_800822B90,0
03431_801A5AB00,0
034321_80BBF97F0,0
034322_806D9FA40,0
034324_80D20E1A0,0
03432_8032A2A30,0
03432_803A31140,0
03432_806C6D770,0
034331_801964330,0
034331_80196DA20,0
034331_80A74FBA0,0
034334_80E336990,0
034336_801DFD150,0
034336_80B5CE5B0,0
034338_8024479B0,0
034338_8116B0AB0,0
03433_800949130,0
03433_800B55180,0
03433_8062472A0,0
034343_80197D940,0
034343_8022A8720,0
034343_809B967A0,0
0343461_80FE99F50,0
0343461_813A4B9B0,0
0343492_8105119F0,0
034349_80B833880,0
0343503_80FEE1350,0
0343515_8119D6DF0,0
034351_801985B30,0
0343529_80FF06B40,0
0343535_80D2FF110,0
0343542_80FF25750,0
034354_80C6EEE20,0
034355_80242E710,0
0343562_812A40BB0,0
034361_804E62C10,0
034364_8019A97C0,0
034364_80373D9F0,0
034364_804DBFD20,0
0343663_80FFE2090,0
0343664_80FFE26B0,0
0343666_80FFE2A50,0
0343688_811E2F970,0
034368_803722570,0
034371_81327E3A0,0
034374_803AD6FC0,0
034374_804DE7E40,0
0343785_8100A9040,0
03437_8008F2380,0
03437_811769E10,0
034384_801E4AF50,0
034384_80D4BD9C0,0
034385_802C36A10,0
034385_80DF141B0,0
034385_8132ADCF0,0
034386_80201AD90,0
034386_8064E8250,0
03438_801163150,0
034394_804EA5D40,0
034394_80B537090,0
034399_805DE3E00,0
034402_8019FD140,0
0344035_810216390,0
0344098_811607780,0
0344117_810295360,0
0344127_8102A6D50,0
034417_809922DE0,0
034417_80F248C80,0
034418_8034A3FA0,0
0344202_810304650,0
034425_80A06F6B0,0
0344284_81038AE30,0
0344289_813BAD170,0
034428_80AE906A0,0
034428_80D07FFA0,0
0344296_81039F4B0,0
034430_8021C7760,0
0344312_8103C00E0,0
0344321_8103DA1F0,0
034432_801D167D0,0
0344333_8103ECE20,0
0344336_813952810,0
034433_801A22020,0
034433_802E44B10,0
034433_803D64C00,0
034433_80A00FDC0,0
034436_801A2C1A0,0
0344373_812EF76A0,0
0344378_810430220,0
034438_802711040,0
0344392_8104411D0,0
0344463_810B031D0,0
034446_801A40320,0
034446_80455CE90,0
034446_80485FBF0,0
034448_808FDF1D0,0
0344492_810DB8080,0
0344500_8104D8BD0,0
034451_801A41D60,0
034452_802AE68B0,0
0344530_810508B60,0
034453_802204500,0
0344540_812845630,0
034454_80A53E0F0,0
034455_80DACE570,0
03445_8009D0370,0
0344622_810580340,0
0344625_8105811E0,0
0344625_811D4F2C0,0
0344628_81058A010,0
0344628_810CBCC60,0
034466_8032B6EE0,0
0344678_81232DC40,0
0344686_813277810,0
034473_810411A40,0
034475_80D017450,0
034481_801BAFD10,0
034485_802799BB0,0
034485_804D1EFD0,0
034485_805B19FB0,0
034485_80A8DAF90,0
0344896_8106D9A60,0
034489_802D69BC0,0
0344928_8147D0970,0
034493_801A77D80,0
0344967_810752880,0
0344989_8132BBB90,0
034505_803D55440,0
034505_803FF62E0,0
034505_804ED28B0,0
034505_808227130,0
034505_80BE26D60,0
034505_80FBEAA10,0
034509_801A904F0,0
0345114_8130B9790,0
034514_802DCEEF0,0
034514_80BF3F350,0
034515_804281C60,0
034515_805DF26A0,0
0345320_81096B8F0,0
034533_8022C3F20,0
034542_8034AD810,0
034542_804278110,0
034542_8057E0820,0
034542_80B85E380,0
034544_803C70CF0,0
0345471_810A42640,0
03454_800279C20,0
03454_8005020F0,0
03454_80A88BE10,0
03454_80E5F7B00,0
0345578_8137FBE00,0
0345597_811521440,0
0345605_810AF6730,0
0345606_810AF6EA0,0
0345610_8118D80E0,0
0345647_8111CC750,0
034565_8052E15E0,0
034565_808565D50,0
034565_8131DF1B0,0
0345662_810B3D100,0
0345668_8131DD6A0,0
0345674_812FC90B0,0
0345679_810B533E0,0
0345691_810B5D5E0,0
0345693_81196E0D0,0
034575_8068B5580,0
03457_800E77AE0,0
03457_801B8DB20,0
0345836_810C0C520,0
0345910_813140AA0,0
0345915_8135F2550,0
0345917_810C893A0,0
034591_8021EEFC0,0
0345924_810C8F110,0
0345934_810CA9570,0
0345934_811070930,0
0345936_812633DE0,0
034603_801F2CE20,0
0346056_813A26A60,0
034605_8025C8C80,0
0346066_810DA0960,0
0346071_810DAA9C0,0
0346081_810DBA750,0
0346099_810DDDC70,0
034610_8026306B0,0
034610_803D82B90,0
034610_8068E36B0,0
0346118_810DEFE30,0
034612_80296C2B0,0
034616_80A8D6720,0
034616_810F57CF0,0
03461_8002EABC0,0
03461_80120F0D0,0
0346224_810E9F780,0
0346227_812786C50,0
034625_80D427AD0,0
0346263_810EEB1D0,0
034629_807B83A90,0
03462_8004229A0,0
03462_80A4CE0C0,0
0346321_810F3FB60,0
0346334_812BABBA0,0
0346366_8118D4520,0
0346397_810FAA0F0,0
034639_8052F92A0,0
034639_8056D1290,0
0346439_810FE67E0,0
0346462_811D33810,0
0346483_81266CCE0,0
0346485_811026020,0
03464_80185F4C0,0
0346510_81104C060,0
0346556_811086DC0,0
0346586_8110BD990,0
0346587_8110BDD90,0
0346682_811155850,0
034668_8067FFF20,0
034668_807AE44F0,0
034670_806706340,0
0346723_8111AA5C0,0
0346723_81399F030,0
0346733_8111BFFC0,0
0346743_811A2DAA0,0
0346761_8111DDBA0,0
0346769_8111EAD90,0
0346815_8130BDCF0,0
0346815_81345CBB0,0
0346822_81122D030,0
034685_801B83150,0
034690_801E1C060,0
034690_80321F9D0,0
034690_807BB4AC0,0
034691_8029D6890,0
0346927_813C6E3E0,0
034693_80DDD30B0,0
034696_80735A8B0,0
034697_801ED2AB0,0
034699_80DCF24F0,0
03469_8002434A0,0
03469_800252040,0
03469_80038C1F0,0
03469_800391700,0
03469_8004A1D60,0
03469_800E9C670,0
03469_808E0F1C0,0
03469_80D0C24E0,0
034703_802BC6950,0
0347056_811374980,0
034706_802B58DC0,0
034706_80BD60E30,0
034719_801D47670,0
034719_80D18CFF0,0
0347217_811466BF0,0
034729_805EF90B0,0
034729_813F84050,0
03472_8003F51A0,0
03472_8022190D0,0
03472_805AAA340,0
0347350_8115276D0,0
034735_801CF9F20,0
034735_812FBF370,0
034736_801BF5CB0,0
034736_8032F42A0,0
034736_80C269D80,0
034739_804526350,0
034742_809BC17E0,0
0347454_8115E1C30,0
0347455_8115E1DB0,0
034745_80FBB73E0,0
034746_809743300,0
034746_80A757D00,0
034752_802CF90F0,0
0347538_811631770,0
0347550_8116392E0,0
0347562_81164F6E0,0
034756_80BF34270,0
034757_811662B60,0
0347691_8116ECB40,0
03476_8008B14B0,0
03476_80103D0C0,0
03476_801F22280,0
0347722_814095DC0,0
034775_806E8C110,0
0347769_8117622D0,0
034777_81116F750,0
0347791_81177EF60,0
03477_80620D9E0,0
0347910_811829860,0
034795_801C725E0,0
0348007_8118B15F0,0
0348027_8118D4B10,0
034802_801DE28A0,0
034802_801FD0E10,0
0348042_8118E8C80,0
0348061_8128501F0,0
0348061_812FB36B0,0
034808_803737D30,0
03480_80046B2B0,0
03480_8028419C0,0
03480_808D5FDE0,0
034810_801CA3D40,0
034810_806A5ADF0,0
0348119_811961810,0
034816_802FE4430,0
0348197_8119E10A0,0
034821_808004860,0
0348226_811A05130,0
0348238_8141FA580,0
0348242_811A169C0,0
0348244_813379C50,0
0348245_811A1E490,0
0348257_811A2C570,0
0348258_811A2CD70,0
034828_806986580,0
034828_813A1FDB0,0
0348298_811A5AFF0,0
034829_8022A0B10,0
03482_8006CA2E0,0
03482_808C3E190,0
0348340_811AA4A60,0
0348345_811AAE240,0
0348353_811ABD590,0
034836_801CCAD60,0
0348389_811AE62D0,0
0348399_811AF8CA0,0
0348422_811B26640,0
034846_80BA90980,0
03484_80338A140,0
034852_806850260,0
034857_80D039210,0
034859_806570050,0
0348601_811C269F0,0
034861_8121E7690,0
034866_80B8A9980,0
0348680_81297F260,0
0348687_811CA69A0,0
03486_8004BECB0,0
03486_800818AA0,0
03486_802402100,0
034870_802532390,0
034871_801CFC8A0,0
0348732_811CFAA90,0
0348753_811D1C7D0,0
034877_803D355E0,0
0348784_811D48C20,0
0348816_813931F00,0
034882_808074360,0
034889_809FE7DA0,0
0348905_811DE8320,0
0348938_811E15140,0
0348946_811E20960,0
0348948_811E25F90,0
034903_80282E1B0,0
034904_8024FABF0,0
034928_8033895F0,0
034928_80D0C3970,0
034935_80B47D6E0,0
0349370_81265A1F0,0
0349377_812110B50,0
0349418_812167A90,0
0349418_812642030,0
034941_81250F9B0,0
034943_805FB4710,0
034943_8077A0F20,0
0349451_813501060,0
0349471_812495EA0,0
0349476_81233DAA0,0
0349487_8121D64E0,0
034949_80ABA39F0,0
034949_8124A2AD0,0
03494_8002CD8B0,0
03494_80BDF0610,0
034951_806C287F0,0
034952_803E79570,0
034952_807B5F1B0,0
034952_811ACBE70,0
034953_80644E190,0
034953_807B7B3B0,0
034958_8066DF660,0
034961_80C6F1D00,0
034965_801DA5710,0
034966_805A4CF70,0
034966_80AFB6340,0
034969_8051FD590,0
034969_80B8B3FA0,0
0349701_813A9EA80,0
0349703_8122FAAE0,0
034974_801DAE6A0,0
034974_8091E5B20,0
034982_8067D3070,0
034982_80B269740,0
0349849_8123F3480,0
034989_8045771C0,0
034989_8098B7410,0
03498_800B92150,0
03498_802500FD0,0
03498_802EFDB50,0
0349901_81243DB00,0
0349909_813FE3690,0
0349911_813005B40,0
0349916_812451310,0
0349919_8124575E0,0
034991_808E82390,0
0349923_81245E870,0
034993_8025328E0,0
034993_80979F6D0,0
0349950_812491740,0
0349958_812572290,0
0349978_8124C2ED0,0
0349979_8124C38A0,0
034997_806FDEE70,0
034998_80C805D30,0
0349993_8124D99C0,0
0350004_8124E9B70,0
035003_801DCE890,0
0350068_812547280,0
03500_801666F80,0
0350134_8125B5BF0,0
0350174_81261B990,0
035017_8072EF250,0
0350259_8126878E0,0
035025_802387060,0
035027_802D575E0,0
0350291_81274E030,0
035029_80210C550,0
035031_801DFF710,0
035037_8021202F0,0
0350387_81389CE50,0
035038_810E373F0,0
0350399_812765CF0,0
0350502_812807E50,0
0350513_812812DE0,0
0350530_8128245E0,0
035057_8028B7370,0
0350580_81286B150,0
0350598_81288EC90,0
0350598_81332D230,0
0350639_8128EF230,0
0350694_81293A800,0
0350694_81390E380,0
0350698_812944120,0
03506_8005023C0,0
03506_800E39DB0,0
03506_8085BBA30,0
035072_8021158B0,0
035073_805278120,0
035076_8033A7510,0
0350796_814617AB0,0
035081_813142B30,0
0350874_812A50910,0
0350876_813942F30,0
0350878_812A56640,0
0350878_8135A3EB0,0
035088_8069A1F90,0
03508_8002EAEA0,0
035098_803759370,0
035101_80A15F4D0,0
035103_802606A50,0
035103_8077627D0,0
0351066_812B6C250,0
0351070_812B73BD0,0
0351071_812B73E40,0
0351107_8135E3E50,0
0351222_812C5B5D0,0
0351313_812CDA1D0,0
035133_80575E580,0
035140_803A2B700,0
035147_8043B10A0,0
035147_80BC12AF0,0
03515_800634EA0,0
035161_80BD909E0,0
035164_80401CBE0,0
035168_8069593A0,0
035168_811005020,0
03516_801C0A0C0,0
03516_812114110,0
035172_8080088A0,0
035172_80ECC4A00,0
0351746_812FC9E40,0
035174_803734360,0
035175_80227B860,0
035175_80DD6F2F0,0
035177_8092002A0,0
035178_8062460E0,0
035179_80B324930,0
0351821_81300B850,0
035182_807770B10,0
035182_8079943B0,0
035183_802D5C860,0
035183_80DE2D370,0
035186_801051290,0
03518_800298FE0,0
03518_801DDC390,0
03518_801FE3900,0
035191_802981DB0,0
035191_808195E10,0
035191_80B9F5030,0
0351930_8130A5D00,0
035193_80912DA00,0
035195_8052E6E40,0
0351961_8130D9DA0,0
0351983_8149006E0,0
035198_802C05DD0,0
035199_80785F0F0,0
0352002_81350EB90,0
035202_80DAC4FA0,0
035208_806FFB600,0
035209_801EE99F0,0
0352106_8131BB970,0
035211_808A6B700,0
0352140_8131E3650,0
0352256_81327C010,0
0352259_81327E3F0,0
035225_8080B7780,0
0352362_81331E340,0
0352381_813335B10,0
0352388_81333D0B0,0
0352410_814227710,0
035247_801F281A0,0
035253_801FA8D40,0
0352601_813463F80,0
0352604_81478AEA0,0
035267_807AF1260,0
0352698_8142193F0,0
0352708_8138369E0,0
035272_801F4E280,0
035272_8033990E0,0
035272_807B1CCB0,0
0352781_813570F10,0
03527_8004EA7C0,0
03527_800ECD670,0
03527_801C1B5E0,0
03527_801E3AC50,0
03527_80240EEA0,0
03527_808D47CB0,0
0352810_8135992E0,0
0352839_813ACEA70,0
035283_801F625C0,0
035283_8025A3070,0
035283_809CB1F30,0
035283_80D06AEC0,0
035287_813BC75A0,0
0352888_813607270,0
03528_801EC5B00,0
03528_802BE98F0,0
03528_80E786000,0
0352906_8136248E0,0
035295_802CE37E0,0
035296_803412DD0,0
0352998_8136897E0,0
035300_801F844C0,0
0353013_8136931E0,0
035301_801F87D40,0
035302_801F8C700,0
035304_801F94E70,0
035304_80A233400,0
035308_81198CDA0,0
03530_80799A0D0,0
035314_80295BB20,0
035314_805873710,0
035315_80AB2D2D0,0
035315_80D2D7490,0
035315_80F7DDE70,0
035325_80AFB1EB0,0
035325_80EC11570,0
0353360_813828B70,0
035336_803CF4AA0,0
035336_805279790,0
0353501_81390EB90,0
0353502_81390FA50,0
0353541_8139376B0,0
035359_8020EFBE0,0
035359_8029A07D0,0
0353622_8139A2720,0
0353650_8139D7CE0,0
0353660_8139E5860,0
035367_8033D3D60,0
0353703_813A3C1E0,0
0353724_813A513E0,0
0353724_8141B1DC0,0
035372_80C7A8970,0
0353734_813A60690,0
0353780_813A98FB0,0
035379_8029EF290,0
0353805_8146F9DD0,0
0353810_813AC0970,0
0353832_813AEE9A0,0
035389_80BCE9DC0,0
035394_807CF1490,0
035397_8026CA570,0
0354031_813C18940,0
0354033_813C1D020,0
035403_8038DEB20,0
035403_8040A7E00,0
035405_804C31560,0
035406_809B86720,0
035409_802464F10,0
035409_8027A8680,0
035409_80C544700,0
035409_8146A6CF0,0
035412_802E2EC20,0
035423_80DF2AA90,0
03542_800692120,0
03542_8008045C0,0
03542_802E3BEA0,0
035436_806CBB550,0
035442_804937E60,0
035445_80E78F990,0
035448_802BF8E50,0
035452_8023E94E0,0
035452_803D22520,0
035455_8028F0800,0
035455_808792240,0
035461_8022109D0,0
035464_80FF07960,0
035466_802076170,0
035466_810B2E8D0,0
035467_8089FE400,0
035469_802079020,0
03546_8007A8AE0,0
03546_8016EFC80,0
0354701_813FD5960,0
035478_8020A09E0,0
035479_806A13F60,0
035479_807606480,0
035480_8067DC3E0,0
035487_8021991C0,0
03548_80137F3C0,0
03548_801793F90,0
03548_80516AAD0,0
035491_80209E620,0
035491_80688E4A0,0
035492_80209ED90,0
035492_80912AAA0,0
035493_8032C28C0,0
035495_80243FD40,0
035495_8048EC7A0,0
035503_8073C1AA0,0
035506_8020B53C0,0
035506_8028DAFE0,0
0355073_81422F4F0,0
0355130_814277860,0
035520_80263B830,0
035522_802F5F1D0,0
035523_808327A20,0
035524_8125374F0,0
0355271_814342390,0
03552_800463A10,0
03552_8006FF570,0
03552_80080FA80,0
03552_800F32C60,0
0355331_8143B0840,0
035539_81231ED00,0
03553_800B25510,0
03553_80C329E50,0
03553_81040B230,0
0355440_814446290,0
035549_80C21B6A0,0
0355521_8144B2920,0
0355531_8144BDD50,0
035554_808483C70,0
035559_80775D020,0
03555_8005A4790,0
03555_80068A0C0,0
03555_80CD41640,0
035569_80A0191A0,0
035570_80211E380,0
035572_808901580,0
035576_805EDA340,0
035576_80BCEBAB0,0
035579_80BF4F700,0
03557_804188EB0,0
035584_802D986E0,0
03558_80065C140,0
03558_800669920,0
0355997_8147913F0,0
03559_8003C4330,0
03559_8008E4490,0
035604_805EE5450,0
03561_800455CD0,0
03561_800E96CC0,0
03561_80332EB80,0
0356215_814900780,0
035621_802274350,0
03563_8012757B0,0
035647_8057922A0,0
035647_80FBA7A90,0
035648_80217C6B0,0
035648_80806A570,0
035657_805EF3100,0
035662_8027FACF0,0
035662_80890E970,0
035662_80E5F7CE0,0
035662_811085C10,0
035672_806966110,0
035678_808175680,0
03567_80060C290,0
03567_800720E00,0
03567_8007A79C0,0
03567_80312D810,0
03567_803BDA700,0
035680_8029714C0,0
035680_8040B0F80,0
035680_8041F8680,0
035684_8097FF650,0
03568_8009AC3F0,0
035699_802E86F40,0
035699_80C7C5410,0
03570_800844B20,0
03570_8080CB350,0
035722_802430A80,0
035722_812B7B1B0,0
03572_8002E4F30,0
03572_801DD4DB0,0
03572_802BF4280,0
03572_803CEFA80,0
035732_8023B9F20,0
035732_80259BBC0,0
035736_806CA5530,0
035736_808180D50,0
035747_803D5B2A0,0
035747_807A22CF0,0
035747_80D5B0AE0,0
035747_80E41EE60,0
035751_803383FF0,0
035751_8034BB4D0,0
035753_80C81DCF0,0
035756_803241D40,0
035756_80BF30540,0
035756_811A273C0,0
035757_803529BF0,0
035757_80451C930,0
035757_8075B07C0,0
035758_803313CF0,0
035758_80AE72D10,0
035760_805CCF800,0
035772_805EE6150,0
035772_81174ACD0,0
035774_80992A1D0,0
035781_807F26290,0
035788_8045CB2D0,0
035792_80FED9830,0
03579_80035CA60,0
035810_803E48A80,0
035811_80BC10630,0
035811_811F42410,0
035817_8031EBCF0,0
035817_80325ED70,0
035817_8086EE8F0,0
035817_80A8CC2B0,0
035818_80249BC10,0
035818_80BDFC220,0
03581_800554A60,0
03581_800D61800,0
035821_80A646F70,0
035821_80DA43A60,0
035822_8051129F0,0
035827_80DCA94F0,0
035829_804217050,0
035835_802275200,0
035852_8074BE4B0,0
035852_80BFA52C0,0
035854_804DC9E70,0
035866_8022ABE20,0
035868_8136B69C0,0
03586_801BAB8A0,0
035872_80B6E7360,0
035873_80784DFC0,0
035879_8022CAFA0,0
035879_802451130,0
035879_8055B9F60,0
035879_80C710FB0,0
035883_80E01AB10,0
035893_805A0A9F0,0
035896_8022D27D0,0
035896_810798430,0
035899_802D2D220,0
035899_80B67CF30,0
035902_8031EBA20,0
035905_806570320,0
035907_805F3DAC0,0
035918_8050717F0,0
035921_80335B0C0,0
03592_8002FF130,0
03592_8006FAF00,0
03592_80CD7F780,0
035932_80230B850,0
035932_803D61BC0,0
035932_810508340,0
035938_80AF36AE0,0
03593_80038A620,0
03593_8003E10F0,0
03593_800919BD0,0
03593_803F0FC30,0
03593_805B3A780,0
03593_80B7BFBF0,0
03593_80D931640,0
03593_8106FA760,0
03593_81421B5F0,0
035946_8078537C0,0
035955_808CDCF10,0
035956_802071880,0
035963_802CE9B30,0
035965_80264EED0,0
035968_80CAF3050,0
035974_8023453D0,0
035985_8028D76D0,0
035986_8063FD810,0
035986_80733DB20,0
035986_80D1028F0,0
035998_8041681D0,0
036013_80AB44BC0,0
036015_811973FD0,0
036016_802384D20,0
036017_805071CA0,0
036018_802386EE0,0
03601_80033E330,0
03601_8003F1EA0,0
03601_811CC2100,0
036045_80AC1DB90,0
036053_804923750,0
036059_80943D280,0
03605_800E46BE0,0
03605_807AAABA0,0
036071_8023C3280,0
036073_8029DD260,0
036074_8056D6700,0
036078_803C32660,0
03607_80033D9B0,0
03607_800485D40,0
03607_8006645C0,0
03607_8006A6D90,0
03607_8007586C0,0
03607_800D6BF60,0
03607_801589E50,0
03607_8051FA370,0
036084_80249D1F0,0
036084_8060603A0,0
036084_806D85900,0
036084_808FCD070,0
036084_80E317FB0,0
03608_8003B7370,0
03608_80057D860,0
036090_802D42420,0
036090_8051360F0,0
036090_80D607530,0
036092_8023EFEE0,0
036098_80DA43D80,0
036102_809EBA870,0
036117_8045D9680,0
036124_806D4A750,0
036124_80BECFAB0,0
036127_80A0DA620,0
036133_8037469A0,0
036133_80BB1C030,0
036133_810E5E7D0,0
036135_80DA5CD60,0
036137_80385B5C0,0
036137_80DDDE100,0
036137_81313BA20,0
036146_80244BB70,0
036146_805A8DF00,0
036152_802A17690,0
036152_807A0EDA0,0
036157_809AC2B80,0
036169_805FAEE10,0
036173_802481610,0
036175_8052E4A70,0
03618_800327190,0
03618_80145E0E0,0
03618_801682760,0
036192_8041ED370,0
036193_8024AEC20,0
036193_80DE5F590,0
036197_8024B3FA0,0
036197_8037AE8C0,0
036197_803D45ED0,0
036201_807C1FA90,0
036202_80923BFF0,0
036211_80AE082A0,0
036214_803773A20,0
036222_8041F9340,0
036222_807ADD240,0
036227_802C13D80,0
036227_803BF4CC0,0
036229_802E43450,0
036229_8045BA010,0
036229_8077E2DE0,0
036229_80F7D2D00,0
036236_802B06390,0
036236_8081722D0,0
036240_80F267350,0
036244_802EF6190,0
03624_80A68BAC0,0
036251_80AC1D350,0
036260_807A16B60,0
036261_81243E930,0
036272_8138F7BD0,0
036272_81419E030,0
036275_80252BC70,0
036277_802C36B00,0
036287_80DDE4820,0
03628_8019BDB00,0
036291_806D456F0,0
03630_800345170,0
03630_800BA58C0,0
03630_80165ED10,0
036310_80A1AEAF0,0
036311_8034EBC30,0
036315_802A71570,0
036319_80320B540,0
036320_8083D4E60,0
036323_80311EAF0,0
036323_8069FC720,0
036328_802568BA0,0
036330_8028FBB50,0
036331_8028CE460,0
036331_80D4D4FC0,0
036336_807910A40,0
03633_8005D88C0,0
03633_8024C32B0,0
036346_80954BBA0,0
036350_80BB14610,0
036353_802594A90,0
036353_807319870,0
036355_803D30F60,0
036355_80ED730A0,0
036358_805C92760,0
036367_80A577EA0,0
036384_803352020,0
036392_8025CFCD0,0
036394_803178720,0
03639_8038316A0,0
03639_804E966A0,0
036406_8027231D0,0
036416_8033DBFE0,0
03641_8004CDD80,0
03641_80065FDD0,0
03641_80070A1B0,0
03641_80FFC22E0,0
036425_8028CD650,0
036426_810B63B90,0
036427_8028CF181,0
036427_8082EC630,0
036432_8026054E0,0
036447_8028E6410,0
036447_802B4E5F0,0
036447_802F113E0,0
036456_811679590,0
036459_8082F0950,0
03646_8009E8200,0
036470_8052BE710,0
036470_80AB7E860,0
036470_80C0A9540,0
036475_80BCD7210,0
036475_810E6B460,0
036478_80976C3D0,0
03647_8021F0560,0
03647_8023B49D0,0
036494_80264D1D0,0
036494_802D5FE80,0
036494_803278350,0
036499_802656B90,0
036500_80818EC20,0
036504_80265A240,0
036511_802C90F60,0
036520_80C2C5B40,0
036520_80F0B82D0,0
036530_80428DBA0,0
036530_8075C0980,0
036530_8108039B0,0
036556_802697C30,0
036556_802DD1480,0
036563_80ECD86F0,0
036567_8035020D0,0
036567_811EAC590,0
036569_80D34D890,0
036579_8026C3EF0,0
03657_801F06650,0
036583_8026D1560,0
036584_8041A7F20,0
036586_8029C7D10,0
036589_8026DCB30,0
036594_80E12E3D0,0
036601_805EDA430,0
036605_805256E40,0
036620_804835CB0,0
036620_807D32D70,0
036635_808F39370,0
036635_80B351D70,0
036639_80A2CF8B0,0
036645_805FAA5C0,0
036645_809F23650,0
036646_802742F00,0
03664_8006CEA90,0
03664_806958980,0
036651_80477DAF0,0
036655_803D40710,0
036657_80284E660,0
036659_80D290F80,0
036661_802757020,0
036667_8036350C0,0
036667_811169570,0
036669_8114A5590,0
036671_80320C390,0
036680_807440310,0
036696_8027929D0,0
036700_802DDA210,0
036708_8030CBD10,0
036708_8034190F0,0
036708_805DEF760,0
036708_8081ACD20,0
036708_809FE3AB0,0
036708_80E743D40,0
036708_8130A6420,0
036713_811678150,0
036715_809219390,0
036719_803443020,0
036722_8047EDA50,0
036722_8075C7510,0
036722_808E83E00,0
036722_80B7A3B30,0
036722_80D4E7440,0
036743_804E22770,0
036743_80E7EF9A0,0
036769_803CB4360,0
036769_810FC6310,0
036781_803D30320,0
036781_804206C30,0
036784_80B5E6870,0
036790_8091FCD70,0
036791_809F1F5D0,0
036794_80DD68CA0,0
03679_8012F2B80,0
036801_803930CC0,0
036801_8072F9960,0
036801_8077FC0A0,0
036802_807064210,0
036803_802852300,0
036805_8057F52B0,0
036810_802BBA6D0,0
036817_80ACC9EB0,0
036829_80AFB72A0,0
03683_8005C9E00,0
03683_805B37E10,0
036849_80289D530,0
036849_807BB4B60,0
036859_8028AABC0,0
036862_807C15470,0
036868_8080B55D0,0
036868_80878C1A0,0
036872_8067E2F60,0
03688_8004B8170,0
036894_8028C8EF0,0
036895_8088D3390,0
036896_8028CD1B0,0
036896_804A652B0,0
036896_80A091EC0,0
036908_806945BE0,0
03690_802E55970,0
036911_805064C00,0
036915_804C387F0,0
036920_809A1D620,0
036922_812118AC0,0
036925_802A15FE0,0
036934_802927030,0
036939_806FDFBD0,0
036939_80D21C290,0
036939_814721B70,0
03693_800726DC0,0
036957_806ACAA90,0
036958_802F29800,0
036958_80A6C3380,0
036962_80E3E82D0,0
036962_80E7B0B00,0
036968_802EF61E0,0
036982_80E687060,0
036983_8097C5350,0
036991_80D231F30,0
036992_80C8E07E0,0
036993_80B9F0FD0,0
03700_800AD6DB0,0
037016_80FA52720,0
037016_810C28BE0,0
03701_8003BD9C0,0
03701_80065B470,0
037028_803A91980,0
037037_802A0B2E0,0
037041_811656660,0
037041_8125588F0,0
037048_802E2CF40,0
037057_808A75990,0
037058_80DCD52A0,0
037058_80EF299A0,0
03705_808ED3A10,0
037060_807BE68D0,0
037069_80205E660,0
037069_8069811C0,0
037075_802A3E830,0
037079_80A528FE0,0
037079_80FDAA6D0,0
037080_802A446D0,0
037089_80A626B80,0
03708_800D08DB0,0
03708_813189350,0
03709_80401E700,0
03709_80BFE4D90,0
037117_8079344F0,0
037123_80C633E60,0
03712_80DD6A7E0,0
037130_802B50080,0
037130_804925DD0,0
037130_80DFF8620,0
037147_80338DFB0,0
037153_80B6C5B80,0
037157_8091E6E10,0
037157_80BE37A80,0
037164_80B77FA00,0
037171_802E71870,0
037171_8070C8400,0
037189_8050932D0,0
037197_8054BDD40,0
037197_813A9E850,0
037206_802AF7310,0
037233_805E1B0D0,0
037236_802B2C400,0
037240_8047F3120,0
037248_8091EA7D0,0
037260_802F00260,0
037265_808996300,0
037265_80C2AC8C0,0
037265_80CDCDA40,0
037273_80854DDE0,0
037273_80A35C940,0
037279_805EC8890,0
03727_800C13B50,0
03727_804E68D30,0
03727_80A0C3950,0
037298_80F7D55E0,0
037300_802F3EA80,0
037305_80685B720,0
037309_807425010,0
037311_80F3EA910,0
03731_800402810,0
03731_8004CA410,0
03731_8008D5730,0
037324_80C7CDAF0,0
037330_8108698D0,0
037331_812740240,0
037332_8097BCA70,0
037333_807D30BF0,0
037335_804257DA0,0
037336_802BC15C0,0
037336_80D7B0750,0
037339_804255B60,0
03735_8006260C0,0
037367_806CBEA10,0
037367_809406370,0
037377_80B3A70C0,0
037385_80ED75620,0
037390_802DF2120,0
037398_8103D0400,0
037414_80FE19620,0
037416_802C2D950,0
037416_8072E2810,0
037416_80D1B6B50,0
037422_802C38170,0
03742_80075E9D0,0
037436_802DAAFA0,0
037436_80640AFA0,0
037438_803723570,0
03744_8012BDF30,0
037457_80E484030,0
037461_802C621D0,0
03746_813E17610,0
037471_802F4D100,0
037473_804912000,0
037475_802C72B60,0
037480_804C4DD30,0
037489_80B635E80,0
037493_807FF2770,0
037498_802C93AB0,0
037498_80DE36230,0
03749_800BB56A0,0
03749_800D6F890,0
03749_803432270,0
037504_80331F4A0,0
037504_806C44BF0,0
037507_8072D61C0,0
037507_80DE304B0,0
037510_802DECC60,0
037512_807FF3610,0
037513_80F0A6E80,0
037515_802CA5C50,0
037517_808998EB0,0
037526_80F5B5140,0
037530_80F8921D0,0
037530_813AE6AE0,0
037531_80DE37980,0
03753_800827380,0
03753_800FA3560,0
03753_801644F90,0
03753_80735CB80,0
03753_80ACAAEE0,0
03753_81041DCA0,0
037542_809FE6EF0,0
037542_80BD6A940,0
037555_80D7372E0,0
037558_802CD7F00,0
037560_810E3E4C0,0
037561_804C49C10,0
037579_8044D1090,0
037609_8030BF180,0
03760_8005B8880,0
03760_80FB89750,0
037612_803C83BD0,0
037612_8041B97B0,0
037612_807083D40,0
037615_80C058DE0,0
037615_80DD4E0D0,0
037616_805B9C560,0
037620_802062440,0
037620_807CE1D30,0
037620_808607570,0
037621_806E572B0,0
037621_8110D9F80,0
037638_8081155F0,0
037638_80B30B310,0
037638_80ED3E910,0
037649_80B3518B0,0
03764_8032FBD00,0
037652_802D519A0,0
037675_80F7F49F0,0
037676_804333EF0,0
037679_802DDE2D0,0
037680_8078D39B0,0
037690_804EEA220,0
037690_80A65A120,0
037691_802DDEA60,0
037694_8078DE890,0
037696_808F348F0,0
037706_805580350,0
037706_808C47FE0,0
037706_80AB25AD0,0
037712_804AFBAB0,0
037721_8124865F0,0
037723_8125632D0,0
037725_802DDEC40,0
037727_80B4258C0,0
037738_803733210,0
037739_8102C2530,0
037763_810E99CE0,0
037774_8105C89B0,0
037776_80C1C32B0,0
037778_8030422D0,0
037779_803A30700,0
03777_8017B4660,0
03777_802123270,0
037780_802E31FC0,0
037780_80514FCB0,0
037780_80A3623F0,0
037783_802E3FAD0,0
037791_8077AC100,0
037795_80FBA9120,0
037797_8035314B0,0
037797_8081461C0,0
037798_802EE4160,0
037799_8032342B0,0
037799_8064EF6F0,0
037801_806CDBCF0,0
037806_802E6BAF0,0
037809_804F2A3E0,0
037809_80E1D6500,0
03780_8007EFE70,0
03780_808171A60,0
037824_802E7D5C0,0
037834_8014361A0,0
037834_8041B7D70,0
037838_80B61C880,0
037841_811135460,0
037841_8139895D0,0
037843_80AB68BE0,0
037862_81212CEA0,0
037864_806C6CEE0,0
037866_802EA6E70,0
037886_807F2DD70,0
037886_80EBD96B0,0
037887_80AC1F080,0
03788_80372C670,0
03790_800BE4C20,0
03790_801E87C50,0
03790_80200D540,0
03790_80312FF10,0
03790_806A1A280,0
037912_8074354A0,0
037912_80A570EA0,0
037927_802F060A0,0
03792_80058C440,0
037949_803BA3C40,0
037950_8078A3690,0
037950_807BEDDC0,0
037950_80A6AC8C0,0
037951_805B0B150,0
037957_806893640,0
037961_802F27A70,0
037961_8048D4020,0
037961_80761C7A0,0
037961_80FBC5120,0
037968_80697ACA0,0
037983_802F40890,0
037984_802F428D0,0
037984_80613D230,0
037986_8062C4A40,0
03799_80C215880,0
038002_803D770F0,0
038002_80433D600,0
03801_8010A5F50,0
03801_80135BC00,0
03806_800467A40,0
03806_800699E60,0
03806_8007A5A80,0
03806_801093280,0
03806_806DF53A0,0
03806_808F0FB10,0
038070_805760BD0,0
038082_804456580,0
038083_80426F130,0
038090_80729F260,0
038092_802FBB7D0,0
038100_8040056F0,0
038109_802FD63A0,0
038110_80D07E870,0
038117_802FE4520,0
03812_800756690,0
03812_80083C3F0,0
038150_80935C320,0
038150_809C0FAF0,0
038194_8116FF1A0,0
038195_80D26D420,0
038197_8045BCE50,0
038205_804D28370,0
03821_80D623F60,0
038223_8051187C0,0
038227_80C2B5630,0
03824_8013EB750,0
038276_8053A6E80,0
038288_8030D6050,0
038288_80A16DD20,0
038291_80342EE80,0
038292_8030D7A60,0
038292_80AB511F0,0
038292_80D2A94E0,0
038295_8030DACE0,0
03832_802B97B00,0
038360_80BA9FA10,0
038361_803124FB0,0
038368_807A65180,0
038369_80C9CB3C0,0
03839_80081AF90,0
038408_80ED72540,0
038411_80D06B410,0
038413_803CBB7F0,0
038420_803184DB0,0
038420_811827630,0
038424_807A683E0,0
038432_8075FDC80,0
038443_80BAD3F20,0
038450_803EAC0E0,0
038453_803BC9350,0
038453_806E7DB20,0
038454_8031A57D0,0
038454_804BFABE0,0
038461_808D277F0,0
038486_803BA96A0,0
038505_80A5851C0,0
038506_807104600,0
038506_80DE35C90,0
038519_80359FAA0,0
038519_808FBDBE0,0
03852_800FACBD0,0
03852_8020AF9A0,0
038532_80605AE60,0
038535_8079B1740,0
038541_805674FC0,0
038546_806710F20,0
038546_8110B8A20,0
038549_8040B95D0,0
038549_804DD7710,0
038549_80E0C5520,0
03854_8111F8E50,0
038556_80695E040,0
03855_8005D2780,0
03855_800A7BC10,0
03856_8010753D0,0
03856_801FBD900,0
03856_803BB6DB0,0
038578_80724B130,0
03857_800286230,0
038581_80438D720,0
038583_80BD59070,0
038586_80799AD10,0
038588_808F1D580,0
038589_804E2EBE0,0
038590_807F6E920,0
038590_81114A670,0
038597_804018270,0
038597_807F3E210,0
038597_80B3E8170,0
038602_8032858F0,0
038610_811CEA590,0
038615_8053DF140,0
038631_8032A9CC0,0
038632_804D15590,0
038634_8032ADD20,0
038634_8065F5C30,0
038634_812D95E00,0
038642_803C81B50,0
038662_80AAE5FD0,0
038673_8096E4C10,0
038696_80D3C3EB0,0
038697_8065C3ED0,0
038697_80B4DD1D0,0
038697_80E69CAD0,0
038723_80A04AA90,0
038734_80A677EB0,0
03875_80213ABC0,0
038762_80D185D90,0
038762_80DF7B860,0
038771_803395190,0
038771_808906D10,0
038786_8033AA200,0
038787_80A8DF1C0,0
03878_800741830,0
03878_80150C410,0
038808_8055AD4A0,0
03880_80092DEB0,0
03880_801B9D510,0
038811_806927DA0,0
038815_80847D5E0,0
038815_811F84B10,0
038820_807FE7770,0
038829_8033F11C0,0
038829_80759FFE0,0
038831_805DE3450,0
038832_805B590F0,0
038832_80DD765F0,0
038849_8051E4850,0
03884_8009EE520,0
03884_80E3A2C20,0
038850_810446800,0
038850_810F78750,0
038852_806CAA2D0,0
038868_80DB5D1E0,0
038878_80343D520,0
038880_8072C6410,0
038880_80871A590,0
038881_813B02E00,0
038885_807D174D0,0
038885_80B8051D0,0
038903_80CD8D5C0,0
038907_808986590,0
038908_803DDEA00,0
038909_803C94C10,0
038909_8051BC700,0
038909_80DBA7950,0
038909_80FB8FD60,0
038915_803C5A060,0
03891_803C60FA0,0
03892_800531BF0,0
038933_80BC2FD80,0
038938_808177B30,0
038938_81190BF10,0
038939_80E123A10,0
038956_810AC06C0,0
038958_8034D3D60,0
038958_807194AB0,0
038958_80DCC3BB0,0
038958_80E65F640,0
038958_812685210,0
038960_8065F81E0,0
038963_80364D530,0
038963_807DA6D00,0
038964_813AA65B0,0
038981_8034FCA00,0
038981_808D1B6A0,0
038982_806271FD0,0
038987_803B80940,0
038990_813FF6EA0,0
038993_806C70B20,0
038993_808781E90,0
038997_803D65E80,0
039012_808179CD0,0
03901_80200F2F0,0
039023_809144F80,0
039030_80D163AB0,0
039036_81039EDA0,0
03903_801037E00,0
03903_80C2BB6C0,0
039044_805EFB740,0
039064_803C67930,0
039069_813B06850,0
039074_809C570D0,0
03907_8070D8440,0
039086_805415810,0
039115_80C35DD90,0
03913_801503380,0
03913_808E560D0,0
03914_800B49340,0
039161_80FE249A0,0
03917_8068B3FE0,0
039192_80D4C4660,0
03919_800568C30,0
03919_80D55CA80,0
039202_80A693C90,0
039211_803BE2FB0,0
039222_803722880,0
039222_80FD8AA10,0
039234_803654B30,0
039259_80937D190,0
039261_803BC45C0,0
039270_8089BD370,0
039296_80ACC4B70,0
039296_812ADEA90,0
03931_8016DFB40,0
03931_806F201D0,0
039367_807592F90,0
039367_80E0FED80,0
039379_80ED30AE0,0
039379_810478BB0,0
039383_803CABAB0,0
039383_8084FFB50,0
03938_800582FF0,0
039399_803763CD0,0
03939_8067DA680,0
039408_808D2BFB0,0
039430_80C0A1AF0,0
039444_80484F2B0,0
039444_80DFAE840,0
039449_81360BB30,0
039451_812D2FFB0,0
039455_808F4D760,0
039462_805318A90,0
039467_8092189E0,0
03946_8030D1D50,0
03946_8031F1A30,0
03950_803511480,0
039533_80DD57A00,0
039533_810D87D80,0
039568_8072E0FB0,0
039583_803E49360,0
039586_80A33A2F0,0
039587_80388FBD0,0
03960_804D48DD0,0
03960_80C32F1F0,0
039632_80BBCCE60,0
03964_8018E56C0,0
03967_8072EAF30,0
03967_80B405030,0
03969_8006165D0,0
03969_80BF81F70,0
03970_80539FC80,0
039719_8098B7D80,0
03973_80671F340,0
039760_80397D4A0,0
039760_803C22EB0,0
039761_809059100,0
03976_8005C2A00,0
03976_800646050,0
03976_8073E6620,0
03977_8005C9EA0,0
03977_807D198A0,0
03983_800818470,0
03985_8006ED1D0,0
03985_800DE6DF0,0
039868_8126E8C00,0
039869_803A034A0,0
039871_803AE4FE0,0
039877_803A09110,0
039878_808F9F360,0
03988_8030D51F0,0
03988_8069876D0,0
039908_807A63C90,0
039942_807AE8010,0
039942_80A781920,0
070_100428660,1
070_1004286A8,1
070_100428810,0
